Fecha,anio,mes,estacion,temp_aire_media,hr_media,heliofania,precipitacion,recorrido_viento,hr_media_invalida,log_precipitacion,cluster,tipo_dia
2016-01-01,2016,1,La Estanzuela,23.1,81,7.7,8.1,215,FALSE,2.2082744135228043,1,humedo_lluvioso_poca_insolacion
2016-01-02,2016,1,La Estanzuela,26,65,12.5,0,260.7,FALSE,0,2,seco_soleado
2016-01-03,2016,1,La Estanzuela,24.1,79,4.1,0,222.7,FALSE,0,2,seco_soleado
2016-01-04,2016,1,La Estanzuela,22.8,89,2,9.1,132.1,FALSE,2.3125354238472138,1,humedo_lluvioso_poca_insolacion
2016-01-05,2016,1,La Estanzuela,24.7,84,11.1,0,339.5,FALSE,0,2,seco_soleado
2016-01-06,2016,1,La Estanzuela,22.1,65,13.2,0,158.1,FALSE,0,2,seco_soleado
2016-01-07,2016,1,La Estanzuela,20.7,73,12.1,0,180.6,FALSE,0,2,seco_soleado
2016-01-08,2016,1,La Estanzuela,21.7,69,7.4,0.3,113.2,FALSE,0.26236426446749106,2,seco_soleado
2016-01-09,2016,1,La Estanzuela,21.8,79,12.4,0,229.9,FALSE,0,2,seco_soleado
2016-01-10,2016,1,La Estanzuela,21.5,81,5.7,2,109.1,FALSE,1.0986122886681098,1,humedo_lluvioso_poca_insolacion
2016-01-11,2016,1,La Estanzuela,23.4,77,12.3,0,133.8,FALSE,0,2,seco_soleado
2016-01-12,2016,1,La Estanzuela,24,72,1.6,0,216.7,FALSE,0,1,humedo_lluvioso_poca_insolacion
2016-01-13,2016,1,La Estanzuela,23.4,68,11.3,0,230.3,FALSE,0,2,seco_soleado
2016-01-14,2016,1,La Estanzuela,24.2,51,13.3,0,212.6,FALSE,0,2,seco_soleado
2016-01-15,2016,1,La Estanzuela,25.1,63,11.7,0,246.6,FALSE,0,2,seco_soleado
2016-01-16,2016,1,La Estanzuela,23.4,62,11.5,0,161.6,FALSE,0,2,seco_soleado
2016-01-17,2016,1,La Estanzuela,27.1,58,7.1,0,241.9,FALSE,0,2,seco_soleado
2016-01-18,2016,1,La Estanzuela,23.3,72,12.8,0,237.2,FALSE,0,2,seco_soleado
2016-01-19,2016,1,La Estanzuela,22.5,63,12.2,10.4,238.8,FALSE,2.4336133554004498,2,seco_soleado
2016-01-20,2016,1,La Estanzuela,22.8,70,4,4.1,222.2,FALSE,1.62924053973028,1,humedo_lluvioso_poca_insolacion
2016-01-21,2016,1,La Estanzuela,24,72,5.5,4.1,230.3,FALSE,1.62924053973028,1,humedo_lluvioso_poca_insolacion
2016-01-22,2016,1,La Estanzuela,28.4,62,12.6,1.3,265,FALSE,0.832909122935104,2,seco_soleado
2016-01-23,2016,1,La Estanzuela,23.3,81,12,0,336.3,FALSE,0,2,seco_soleado
2016-01-24,2016,1,La Estanzuela,27.8,65,11.6,0,350.6,FALSE,0,2,seco_soleado
2016-01-25,2016,1,La Estanzuela,24.5,62,9.4,0,225.2,FALSE,0,2,seco_soleado
2016-01-26,2016,1,La Estanzuela,21.5,63,12.3,0,175.6,FALSE,0,2,seco_soleado
2016-01-27,2016,1,La Estanzuela,19.7,68,12.5,0,222.6,FALSE,0,2,seco_soleado
2016-01-28,2016,1,La Estanzuela,23.1,63,7.5,0,194.4,FALSE,0,2,seco_soleado
2016-01-29,2016,1,La Estanzuela,23.4,79,1.5,2.1,93.5,FALSE,1.1314021114911006,1,humedo_lluvioso_poca_insolacion
2016-01-30,2016,1,La Estanzuela,22.6,87,5.8,0.6,167.2,FALSE,0.4700036292457355,1,humedo_lluvioso_poca_insolacion
2016-01-31,2016,1,La Estanzuela,20.5,76,7.3,0,137,FALSE,0,2,seco_soleado
2016-02-01,2016,2,La Estanzuela,19.2,75,12.3,0,179.5,FALSE,0,2,seco_soleado
2016-02-02,2016,2,La Estanzuela,21.9,74,12.1,0,235.6,FALSE,0,2,seco_soleado
2016-02-03,2016,2,La Estanzuela,24.3,64,3.5,0,188.2,FALSE,0,2,seco_soleado
2016-02-04,2016,2,La Estanzuela,24.6,70,11.8,0,181.4,FALSE,0,2,seco_soleado
2016-02-05,2016,2,La Estanzuela,26.2,68,10.4,0,200.2,FALSE,0,2,seco_soleado
2016-02-06,2016,2,La Estanzuela,26.9,63,11.1,0,317,FALSE,0,2,seco_soleado
2016-02-07,2016,2,La Estanzuela,27.1,65,6.2,2.5,224.5,FALSE,1.252762968495368,2,seco_soleado
2016-02-08,2016,2,La Estanzuela,23.7,85,0.2,0.8,162.8,FALSE,0.5877866649021191,1,humedo_lluvioso_poca_insolacion
2016-02-09,2016,2,La Estanzuela,26.4,71,12.1,0,184.9,FALSE,0,2,seco_soleado
2016-02-10,2016,2,La Estanzuela,25.6,64,11.8,0,234.2,FALSE,0,2,seco_soleado
2016-02-11,2016,2,La Estanzuela,26,60,10.6,0,192,FALSE,0,2,seco_soleado
2016-02-12,2016,2,La Estanzuela,30,50,11.4,39.3,254.1,FALSE,3.696351468952637,2,seco_soleado
2016-02-13,2016,2,La Estanzuela,24.5,82,2.6,0,135.7,FALSE,0,1,humedo_lluvioso_poca_insolacion
2016-02-14,2016,2,La Estanzuela,25.6,71,10.2,0,113.9,FALSE,0,2,seco_soleado
2016-02-15,2016,2,La Estanzuela,26.6,67,11.9,0,184.8,FALSE,0,2,seco_soleado
2016-02-16,2016,2,La Estanzuela,27.5,67,12.5,49.4,244.3,FALSE,3.919991175077323,2,seco_soleado
2016-02-17,2016,2,La Estanzuela,24.2,83,6.8,0,171.2,FALSE,0,2,seco_soleado
2016-02-18,2016,2,La Estanzuela,26.1,77,11.1,17.1,234.8,FALSE,2.89591193827178,2,seco_soleado
2016-02-19,2016,2,La Estanzuela,21.3,84,1.8,3.2,188.1,FALSE,1.4350845252893227,1,humedo_lluvioso_poca_insolacion
2016-02-20,2016,2,La Estanzuela,21.6,75,12.1,0,215.3,FALSE,0,2,seco_soleado
2016-02-21,2016,2,La Estanzuela,25.3,70,12.3,0,234.7,FALSE,0,2,seco_soleado
2016-02-22,2016,2,La Estanzuela,25.2,71,12.3,0,143.1,FALSE,0,2,seco_soleado
2016-02-23,2016,2,La Estanzuela,25.6,78,11.8,0,114.8,FALSE,0,2,seco_soleado
2016-02-24,2016,2,La Estanzuela,25.8,75,10.6,0,163.8,FALSE,0,2,seco_soleado
2016-02-25,2016,2,La Estanzuela,22.5,75,10.3,1.9,205.2,FALSE,1.0647107369924282,2,seco_soleado
2016-02-26,2016,2,La Estanzuela,19.8,85,0.8,20.1,235.7,FALSE,3.0492730404820207,1,humedo_lluvioso_poca_insolacion
2016-02-27,2016,2,La Estanzuela,20.2,60,12.1,0,215.5,FALSE,0,2,seco_soleado
2016-02-28,2016,2,La Estanzuela,22.1,64,12,0,174.2,FALSE,0,2,seco_soleado
2016-02-29,2016,2,La Estanzuela,22.2,71,11.6,10.5,187.3,FALSE,2.4423470353692043,2,seco_soleado
2016-03-01,2016,3,La Estanzuela,18.7,82,0.4,0.2,250.1,FALSE,0.18232155679395465,1,humedo_lluvioso_poca_insolacion
2016-03-02,2016,3,La Estanzuela,18.9,74,4.7,0,200.7,FALSE,0,2,seco_soleado
2016-03-03,2016,3,La Estanzuela,19.8,74,8.3,0,177.1,FALSE,0,2,seco_soleado
2016-03-04,2016,3,La Estanzuela,20.7,77,7.5,0,132.1,FALSE,0,2,seco_soleado
2016-03-05,2016,3,La Estanzuela,19.2,78,8.9,0,200.5,FALSE,0,2,seco_soleado
2016-03-06,2016,3,La Estanzuela,16.5,66,11.4,0,146,FALSE,0,2,seco_soleado
2016-03-07,2016,3,La Estanzuela,17.6,70,10.8,0,110.5,FALSE,0,2,seco_soleado
2016-03-08,2016,3,La Estanzuela,19.7,72,10.8,0,93.2,FALSE,0,2,seco_soleado
2016-03-09,2016,3,La Estanzuela,20.1,76,2.8,2.6,231.7,FALSE,1.2809338454620642,1,humedo_lluvioso_poca_insolacion
2016-03-10,2016,3,La Estanzuela,16.9,86,0,26.1,132.4,FALSE,3.299533727885655,1,humedo_lluvioso_poca_insolacion
2016-03-11,2016,3,La Estanzuela,18.9,79,10,0.8,96.6,FALSE,0.5877866649021191,2,seco_soleado
2016-03-12,2016,3,La Estanzuela,16.7,81,10.4,0,149.8,FALSE,0,2,seco_soleado
2016-03-13,2016,3,La Estanzuela,17.6,88,10.8,0,106.5,FALSE,0,2,seco_soleado
2016-03-14,2016,3,La Estanzuela,19.7,87,11.2,0,171.9,FALSE,0,2,seco_soleado
2016-03-15,2016,3,La Estanzuela,22.8,77,9.3,0,194.8,FALSE,0,2,seco_soleado
2016-03-16,2016,3,La Estanzuela,24.7,75,10,0,218.8,FALSE,0,2,seco_soleado
2016-03-17,2016,3,La Estanzuela,26.3,61,10.2,58.7,281.7,FALSE,4.089332020398556,1,humedo_lluvioso_poca_insolacion
2016-03-18,2016,3,La Estanzuela,21.2,82,0,1.5,190.4,FALSE,0.9162907318741551,1,humedo_lluvioso_poca_insolacion
2016-03-19,2016,3,La Estanzuela,16,67,4.1,0.2,186.2,FALSE,0.18232155679395465,2,seco_soleado
2016-03-20,2016,3,La Estanzuela,15.8,71,0.4,1.4,140.4,FALSE,0.8754687373538999,1,humedo_lluvioso_poca_insolacion
2016-03-21,2016,3,La Estanzuela,17.9,83,1.7,0,93.5,FALSE,0,1,humedo_lluvioso_poca_insolacion
2016-03-22,2016,3,La Estanzuela,18.1,76,9,0,117.5,FALSE,0,2,seco_soleado
2016-03-23,2016,3,La Estanzuela,18.6,77,10.7,0,111.4,FALSE,0,2,seco_soleado
2016-03-24,2016,3,La Estanzuela,19.6,73,9.6,1.7,213.6,FALSE,0.9932517730102833,2,seco_soleado
2016-03-25,2016,3,La Estanzuela,18.5,80,2.3,0,294.4,FALSE,0,1,humedo_lluvioso_poca_insolacion
2016-03-26,2016,3,La Estanzuela,18.8,84,0,3.5,207.6,FALSE,1.5040773967762742,1,humedo_lluvioso_poca_insolacion
2016-03-27,2016,3,La Estanzuela,19.8,86,2.5,0.2,255.2,FALSE,0.18232155679395465,1,humedo_lluvioso_poca_insolacion
2016-03-28,2016,3,La Estanzuela,20,84,6.3,0,146.7,FALSE,0,2,seco_soleado
2016-03-29,2016,3,La Estanzuela,21.1,73,10.5,0,127.7,FALSE,0,2,seco_soleado
2016-03-30,2016,3,La Estanzuela,21.5,65,10.8,0,146.2,FALSE,0,2,seco_soleado
2016-03-31,2016,3,La Estanzuela,22,68,10.7,0,183.9,FALSE,0,2,seco_soleado
2016-04-01,2016,4,La Estanzuela,19.7,85,0.2,58.8,275.9,FALSE,4.091005660956586,1,humedo_lluvioso_poca_insolacion
2016-04-02,2016,4,La Estanzuela,19.9,92,0.7,0.3,101.2,FALSE,0.26236426446749106,1,humedo_lluvioso_poca_insolacion
2016-04-03,2016,4,La Estanzuela,19.5,84,7.7,0.2,164.4,FALSE,0.18232155679395465,2,seco_soleado
2016-04-04,2016,4,La Estanzuela,17.5,92,0,22.7,187.4,FALSE,3.1654750481410856,1,humedo_lluvioso_poca_insolacion
2016-04-05,2016,4,La Estanzuela,19.1,94,0,20,131.3,FALSE,3.044522437723423,1,humedo_lluvioso_poca_insolacion
2016-04-06,2016,4,La Estanzuela,18.7,92,2.9,0.2,115.8,FALSE,0.18232155679395465,1,humedo_lluvioso_poca_insolacion
2016-04-07,2016,4,La Estanzuela,18.9,85,9,1.4,174.1,FALSE,0.8754687373538999,2,seco_soleado
2016-04-08,2016,4,La Estanzuela,19.4,87,3.5,2.7,158.3,FALSE,1.308332819650179,1,humedo_lluvioso_poca_insolacion
2016-04-09,2016,4,La Estanzuela,17.8,89,0,1.3,252.1,FALSE,0.832909122935104,1,humedo_lluvioso_poca_insolacion
2016-04-10,2016,4,La Estanzuela,17.5,78,1.6,1.6,246.4,FALSE,0.9555114450274363,1,humedo_lluvioso_poca_insolacion
2016-04-11,2016,4,La Estanzuela,18.5,83,3.9,0,214.8,FALSE,0,1,humedo_lluvioso_poca_insolacion
2016-04-12,2016,4,La Estanzuela,18.9,75,2.9,10.6,205.9,FALSE,2.451005098112319,1,humedo_lluvioso_poca_insolacion
2016-04-13,2016,4,La Estanzuela,17.8,91,0.8,0,127.3,FALSE,0,1,humedo_lluvioso_poca_insolacion
2016-04-14,2016,4,La Estanzuela,20.4,86,6.4,0,194.6,FALSE,0,2,seco_soleado
2016-04-15,2016,4,La Estanzuela,21.7,95,0.1,157.3,221.3,FALSE,5.064491966886966,1,humedo_lluvioso_poca_insolacion
2016-04-16,2016,4,La Estanzuela,20.5,89,1.2,8.8,197.8,FALSE,2.2823823856765264,1,humedo_lluvioso_poca_insolacion
2016-04-17,2016,4,La Estanzuela,16.8,86,0,7.2,290.4,FALSE,2.1041341542702074,1,humedo_lluvioso_poca_insolacion
2016-04-18,2016,4,La Estanzuela,16.2,86,0,16.4,220.9,FALSE,2.856470206220483,1,humedo_lluvioso_poca_insolacion
2016-04-19,2016,4,La Estanzuela,16.4,96,0,14.5,194,FALSE,2.740840023925201,1,humedo_lluvioso_poca_insolacion
2016-04-20,2016,4,La Estanzuela,15.3,82,4.9,0,100.3,FALSE,0,2,seco_soleado
2016-04-21,2016,4,La Estanzuela,16.8,73,9.3,0,181.6,FALSE,0,2,seco_soleado
2016-04-22,2016,4,La Estanzuela,15.7,70,10,0,260.7,FALSE,0,2,seco_soleado
2016-04-23,2016,4,La Estanzuela,17.4,91,0.3,0.4,116.6,FALSE,0.33647223662121295,1,humedo_lluvioso_poca_insolacion
2016-04-24,2016,4,La Estanzuela,17,89,1.2,13.2,291.3,FALSE,2.653241964607215,1,humedo_lluvioso_poca_insolacion
2016-04-25,2016,4,La Estanzuela,12.3,80,0,2.9,310.3,FALSE,1.3609765531356006,1,humedo_lluvioso_poca_insolacion
2016-04-26,2016,4,La Estanzuela,11.8,65,6.4,0,359.1,FALSE,0,2,seco_soleado
2016-04-27,2016,4,La Estanzuela,11,69,6.9,0,244,FALSE,0,2,seco_soleado
2016-04-28,2016,4,La Estanzuela,10.2,73,3.1,0,160.9,FALSE,0,1,humedo_lluvioso_poca_insolacion
2016-04-29,2016,4,La Estanzuela,9.5,74,4,0,123,FALSE,0,2,seco_soleado
2016-04-30,2016,4,La Estanzuela,9.2,70,2.7,0,96,FALSE,0,2,seco_soleado
2016-05-01,2016,5,La Estanzuela,9.9,80,7.9,0,144.4,FALSE,0,2,seco_soleado
2016-05-02,2016,5,La Estanzuela,13,78,2.5,0,97.5,FALSE,0,1,humedo_lluvioso_poca_insolacion
2016-05-03,2016,5,La Estanzuela,11.4,76,9.2,0,118.4,FALSE,0,2,seco_soleado
2016-05-04,2016,5,La Estanzuela,11.3,74,9.2,0,97.3,FALSE,0,2,seco_soleado
2016-05-05,2016,5,La Estanzuela,13.1,80,0.3,1.8,85.3,FALSE,1.0296194171811583,1,humedo_lluvioso_poca_insolacion
2016-05-06,2016,5,La Estanzuela,11.3,83,0.6,0,185.8,FALSE,0,1,humedo_lluvioso_poca_insolacion
2016-05-07,2016,5,La Estanzuela,10.8,82,9.2,0,156.8,FALSE,0,2,seco_soleado
2016-05-08,2016,5,La Estanzuela,13.5,89,3.5,0,127.7,FALSE,0,1,humedo_lluvioso_poca_insolacion
2016-05-09,2016,5,La Estanzuela,14.6,91,4.9,0,121.1,FALSE,0,1,humedo_lluvioso_poca_insolacion
2016-05-10,2016,5,La Estanzuela,13.8,91,0.1,0,171.2,FALSE,0,1,humedo_lluvioso_poca_insolacion
2016-05-11,2016,5,La Estanzuela,11.2,75,5.5,0,89.3,FALSE,0,2,seco_soleado
2016-05-12,2016,5,La Estanzuela,11.2,72,4.7,0,113.6,FALSE,0,2,seco_soleado
2016-05-13,2016,5,La Estanzuela,10.2,72,9.1,0,154.1,FALSE,0,2,seco_soleado
2016-05-14,2016,5,La Estanzuela,10.3,94,0,1.2,145.4,FALSE,0.7884573603642702,1,humedo_lluvioso_poca_insolacion
2016-05-15,2016,5,La Estanzuela,11.9,97,0,6.1,294.6,FALSE,1.9600947840472698,1,humedo_lluvioso_poca_insolacion
2016-05-16,2016,5,La Estanzuela,10.3,72,7.3,0,291.9,FALSE,0,2,seco_soleado
2016-05-17,2016,5,La Estanzuela,8,76,8.7,0,148.2,FALSE,0,2,seco_soleado
2016-05-18,2016,5,La Estanzuela,8.8,74,9.4,0,79.8,FALSE,0,2,seco_soleado
2016-05-19,2016,5,La Estanzuela,9.2,74,5.9,0,108.5,FALSE,0,2,seco_soleado
2016-05-20,2016,5,La Estanzuela,9.3,85,0.5,0,63.4,FALSE,0,1,humedo_lluvioso_poca_insolacion
2016-05-21,2016,5,La Estanzuela,10.5,89,0.7,0,46.1,FALSE,0,1,humedo_lluvioso_poca_insolacion
2016-05-22,2016,5,La Estanzuela,9.5,88,6.2,0,103.1,FALSE,0,2,seco_soleado
2016-05-23,2016,5,La Estanzuela,9.4,78,8.1,0,98.1,FALSE,0,2,seco_soleado
2016-05-24,2016,5,La Estanzuela,10.6,74,7.5,0,201.3,FALSE,0,2,seco_soleado
2016-05-25,2016,5,La Estanzuela,12.5,77,4.1,0,123.8,FALSE,0,2,seco_soleado
2016-05-26,2016,5,La Estanzuela,12.1,85,0.3,0,142.6,FALSE,0,1,humedo_lluvioso_poca_insolacion
2016-05-27,2016,5,La Estanzuela,12,93,5.2,0,173.6,FALSE,0,1,humedo_lluvioso_poca_insolacion
2016-05-28,2016,5,La Estanzuela,12.9,91,0.8,19.6,242,FALSE,3.0252910757955354,1,humedo_lluvioso_poca_insolacion
2016-05-29,2016,5,La Estanzuela,14.6,96,0,1.8,160,FALSE,1.0296194171811583,1,humedo_lluvioso_poca_insolacion
2016-05-30,2016,5,La Estanzuela,12.7,92,0,0.7,466,FALSE,0.5306282510621704,1,humedo_lluvioso_poca_insolacion
2016-05-31,2016,5,La Estanzuela,11.5,85,1.1,0.6,494,FALSE,0.4700036292457355,1,humedo_lluvioso_poca_insolacion
2016-06-01,2016,6,La Estanzuela,10.1,79,7.9,0.4,402,FALSE,0.33647223662121295,2,seco_soleado
2016-06-02,2016,6,La Estanzuela,8.3,91,0.3,1.8,214.4,FALSE,1.0296194171811583,1,humedo_lluvioso_poca_insolacion
2016-06-03,2016,6,La Estanzuela,8.9,84,7.1,0.6,95.8,FALSE,0.4700036292457355,2,seco_soleado
2016-06-04,2016,6,La Estanzuela,8.9,88,0,6.3,114.6,FALSE,1.9878743481543455,1,humedo_lluvioso_poca_insolacion
2016-06-05,2016,6,La Estanzuela,8.2,85,6.5,0,90.5,FALSE,0,2,seco_soleado
2016-06-06,2016,6,La Estanzuela,7.9,82,7.1,0,301.6,FALSE,0,2,seco_soleado
2016-06-07,2016,6,La Estanzuela,9.9,66,9.3,0,410.6,FALSE,0,2,seco_soleado
2016-06-08,2016,6,La Estanzuela,7.5,58,9.3,0,251.5,FALSE,0,2,seco_soleado
2016-06-09,2016,6,La Estanzuela,7.8,71,2.8,0.8,274.4,FALSE,0.5877866649021191,1,humedo_lluvioso_poca_insolacion
2016-06-10,2016,6,La Estanzuela,6.3,83,8.2,0,271.7,FALSE,0,2,seco_soleado
2016-06-11,2016,6,La Estanzuela,6.9,69,9.3,0,219.7,FALSE,0,2,seco_soleado
2016-06-12,2016,6,La Estanzuela,8.1,73,9.1,0,138.3,FALSE,0,2,seco_soleado
2016-06-13,2016,6,La Estanzuela,9.1,65,6.4,0,176.9,FALSE,0,2,seco_soleado
2016-06-14,2016,6,La Estanzuela,10.6,69,4.4,0,86.3,FALSE,0,2,seco_soleado
2016-06-15,2016,6,La Estanzuela,9.4,81,7.7,0,74.5,FALSE,0,2,seco_soleado
2016-06-16,2016,6,La Estanzuela,6.9,94,7.1,0,71.6,FALSE,0,1,humedo_lluvioso_poca_insolacion
2016-06-17,2016,6,La Estanzuela,10.5,82,7.8,0,132.3,FALSE,0,2,seco_soleado
2016-06-18,2016,6,La Estanzuela,10.8,84,7.2,0,109.9,FALSE,0,2,seco_soleado
2016-06-19,2016,6,La Estanzuela,7.4,87,2.3,0,99.9,FALSE,0,1,humedo_lluvioso_poca_insolacion
2016-06-20,2016,6,La Estanzuela,6.4,85,8,0,126,FALSE,0,2,seco_soleado
2016-06-21,2016,6,La Estanzuela,7.4,80,8.8,0,150,FALSE,0,2,seco_soleado
2016-06-22,2016,6,La Estanzuela,9.4,82,8.8,0,100.3,FALSE,0,2,seco_soleado
2016-06-23,2016,6,La Estanzuela,11.3,82,7.3,0,148.1,FALSE,0,2,seco_soleado
2016-06-24,2016,6,La Estanzuela,11.5,85,4.8,0,109.2,FALSE,0,1,humedo_lluvioso_poca_insolacion
2016-06-25,2016,6,La Estanzuela,9.9,96,0,0,388.9,FALSE,0,1,humedo_lluvioso_poca_insolacion
2016-06-26,2016,6,La Estanzuela,9.8,86,0,6,264.4,FALSE,1.9459101490553132,1,humedo_lluvioso_poca_insolacion
2016-06-27,2016,6,La Estanzuela,13.5,97,0,5.9,207.3,FALSE,1.9315214116032138,1,humedo_lluvioso_poca_insolacion
2016-06-28,2016,6,La Estanzuela,9.1,88,4.8,0,163.8,FALSE,0,1,humedo_lluvioso_poca_insolacion
2016-06-29,2016,6,La Estanzuela,11.2,83,8.7,0,88,FALSE,0,2,seco_soleado
2016-06-30,2016,6,La Estanzuela,15.5,95,0.1,0,106.7,FALSE,0,1,humedo_lluvioso_poca_insolacion
2016-07-01,2016,7,La Estanzuela,14.7,95,0.4,4.8,120,FALSE,1.7578579175523736,1,humedo_lluvioso_poca_insolacion
2016-07-02,2016,7,La Estanzuela,11.9,96,0,73.3,146.9,FALSE,4.308110951723713,1,humedo_lluvioso_poca_insolacion
2016-07-03,2016,7,La Estanzuela,13,98,0,12.8,113.1,FALSE,2.624668592163159,1,humedo_lluvioso_poca_insolacion
2016-07-04,2016,7,La Estanzuela,11,97,0,12.5,251.8,FALSE,2.6026896854443837,1,humedo_lluvioso_poca_insolacion
2016-07-05,2016,7,La Estanzuela,9.3,96,0,24.3,172.6,FALSE,3.2308043957334744,1,humedo_lluvioso_poca_insolacion
2016-07-06,2016,7,La Estanzuela,10.1,81,7.3,0,260.8,FALSE,0,2,seco_soleado
2016-07-07,2016,7,La Estanzuela,10.4,76,9.2,0,190.5,FALSE,0,2,seco_soleado
2016-07-08,2016,7,La Estanzuela,11.3,73,4.1,0,143.4,FALSE,0,2,seco_soleado
2016-07-09,2016,7,La Estanzuela,11.7,82,2.5,0,129.1,FALSE,0,1,humedo_lluvioso_poca_insolacion
2016-07-10,2016,7,La Estanzuela,12.2,86,2.4,0,113.8,FALSE,0,1,humedo_lluvioso_poca_insolacion
2016-07-11,2016,7,La Estanzuela,11.1,95,0,2.1,223,FALSE,1.1314021114911006,1,humedo_lluvioso_poca_insolacion
2016-07-12,2016,7,La Estanzuela,10.9,86,8.8,0,235.4,FALSE,0,2,seco_soleado
2016-07-13,2016,7,La Estanzuela,8.9,86,2.6,0,134.1,FALSE,0,1,humedo_lluvioso_poca_insolacion
2016-07-14,2016,7,La Estanzuela,10.1,90,3.7,4.8,177,FALSE,1.7578579175523736,1,humedo_lluvioso_poca_insolacion
2016-07-15,2016,7,La Estanzuela,11.9,90,2.9,0,380.3,FALSE,0,1,humedo_lluvioso_poca_insolacion
2016-07-16,2016,7,La Estanzuela,8.8,73,4.8,0,445.4,FALSE,0,1,humedo_lluvioso_poca_insolacion
2016-07-17,2016,7,La Estanzuela,6.3,82,4.3,0,96.4,FALSE,0,1,humedo_lluvioso_poca_insolacion
2016-07-18,2016,7,La Estanzuela,8,78,4.7,0,85.8,FALSE,0,2,seco_soleado
2016-07-19,2016,7,La Estanzuela,7.5,72,8,0,99,FALSE,0,2,seco_soleado
2016-07-20,2016,7,La Estanzuela,6.9,76,7.4,0,104.5,FALSE,0,2,seco_soleado
2016-07-21,2016,7,La Estanzuela,8.1,84,8.1,0,90.3,FALSE,0,2,seco_soleado
2016-07-22,2016,7,La Estanzuela,9.3,81,8.5,0,203.1,FALSE,0,2,seco_soleado
2016-07-23,2016,7,La Estanzuela,10.8,73,5.7,0,134.5,FALSE,0,2,seco_soleado
2016-07-24,2016,7,La Estanzuela,8.7,87,2.7,0,262.6,FALSE,0,1,humedo_lluvioso_poca_insolacion
2016-07-25,2016,7,La Estanzuela,9.3,93,0,13.4,241.2,FALSE,2.667228206581955,1,humedo_lluvioso_poca_insolacion
2016-07-26,2016,7,La Estanzuela,9.8,95,0,7.3,508.3,FALSE,2.1162555148025524,1,humedo_lluvioso_poca_insolacion
2016-07-27,2016,7,La Estanzuela,8.1,81,9,0,120.1,FALSE,0,2,seco_soleado
2016-07-28,2016,7,La Estanzuela,7.4,91,0,0,143.7,FALSE,0,1,humedo_lluvioso_poca_insolacion
2016-07-29,2016,7,La Estanzuela,7.7,86,9.7,0,193.9,FALSE,0,2,seco_soleado
2016-07-30,2016,7,La Estanzuela,13.1,86,4.7,0.5,123.4,FALSE,0.4054651081081644,1,humedo_lluvioso_poca_insolacion
2016-07-31,2016,7,La Estanzuela,13.3,99,1,1.1,176.6,FALSE,0.7419373447293773,1,humedo_lluvioso_poca_insolacion
2016-08-01,2016,8,La Estanzuela,10.5,88,0,0,81.2,FALSE,0,1,humedo_lluvioso_poca_insolacion
2016-08-02,2016,8,La Estanzuela,8.3,79,8.2,0,151.5,FALSE,0,2,seco_soleado
2016-08-03,2016,8,La Estanzuela,9,83,8.2,0,203.1,FALSE,0,2,seco_soleado
2016-08-04,2016,8,La Estanzuela,11.1,90,5.3,0,84,FALSE,0,1,humedo_lluvioso_poca_insolacion
2016-08-05,2016,8,La Estanzuela,12.2,95,1.3,2.8,75.9,FALSE,1.33500106673234,1,humedo_lluvioso_poca_insolacion
2016-08-06,2016,8,La Estanzuela,12.5,78,9,0,106.1,FALSE,0,2,seco_soleado
2016-08-07,2016,8,La Estanzuela,12.9,66,9.3,0,129.6,FALSE,0,2,seco_soleado
2016-08-08,2016,8,La Estanzuela,12.8,69,4.9,2.2,197.4,FALSE,1.1631508098056809,1,humedo_lluvioso_poca_insolacion
2016-08-09,2016,8,La Estanzuela,10.7,82,8,0,96.5,FALSE,0,2,seco_soleado
2016-08-10,2016,8,La Estanzuela,11,70,10.4,0,125.1,FALSE,0,2,seco_soleado
2016-08-11,2016,8,La Estanzuela,11.6,80,7.3,0,235.4,FALSE,0,2,seco_soleado
2016-08-12,2016,8,La Estanzuela,13.3,77,8.7,0,225.1,FALSE,0,2,seco_soleado
2016-08-13,2016,8,La Estanzuela,14.3,72,4,0,163.2,FALSE,0,2,seco_soleado
2016-08-14,2016,8,La Estanzuela,15.3,65,6.6,0,96.8,FALSE,0,2,seco_soleado
2016-08-15,2016,8,La Estanzuela,14.6,68,8.6,0,221,FALSE,0,2,seco_soleado
2016-08-16,2016,8,La Estanzuela,13.2,72,2,0,212.9,FALSE,0,1,humedo_lluvioso_poca_insolacion
2016-08-17,2016,8,La Estanzuela,13.7,47,10.4,0,242.8,FALSE,0,2,seco_soleado
2016-08-18,2016,8,La Estanzuela,12.8,52,10.4,0,168.7,FALSE,0,2,seco_soleado
2016-08-19,2016,8,La Estanzuela,12.2,64,0.2,0,121.3,FALSE,0,1,humedo_lluvioso_poca_insolacion
2016-08-20,2016,8,La Estanzuela,9.7,71,1.5,0,210.3,FALSE,0,1,humedo_lluvioso_poca_insolacion
2016-08-21,2016,8,La Estanzuela,9.3,61,9.7,0,244.9,FALSE,0,2,seco_soleado
2016-08-22,2016,8,La Estanzuela,12.4,61,10.6,0,329.7,FALSE,0,2,seco_soleado
2016-08-23,2016,8,La Estanzuela,14.2,66,10.6,0,234.5,FALSE,0,2,seco_soleado
2016-08-24,2016,8,La Estanzuela,15.5,56,10.1,0,167.4,FALSE,0,2,seco_soleado
2016-08-25,2016,8,La Estanzuela,16.3,71,10.6,0,164.8,FALSE,0,2,seco_soleado
2016-08-26,2016,8,La Estanzuela,17.9,81,9.7,49,229.7,FALSE,3.912023005428146,1,humedo_lluvioso_poca_insolacion
2016-08-27,2016,8,La Estanzuela,11.5,89,0,40.3,343.2,FALSE,3.720862499966987,1,humedo_lluvioso_poca_insolacion
2016-08-28,2016,8,La Estanzuela,10.8,79,5.4,0,209.7,FALSE,0,2,seco_soleado
2016-08-29,2016,8,La Estanzuela,12.8,87,2.2,0,159.6,FALSE,0,1,humedo_lluvioso_poca_insolacion
2016-08-30,2016,8,La Estanzuela,12.1,94,0.3,0,101.8,FALSE,0,1,humedo_lluvioso_poca_insolacion
2016-08-31,2016,8,La Estanzuela,12.1,83,6,0,166,FALSE,0,2,seco_soleado
2016-09-01,2016,9,La Estanzuela,9.5,77,0,0,127,FALSE,0,1,humedo_lluvioso_poca_insolacion
2016-09-02,2016,9,La Estanzuela,7.7,70,9.1,0,156.4,FALSE,0,2,seco_soleado
2016-09-03,2016,9,La Estanzuela,7.7,76,7.4,0.6,178.6,FALSE,0.4700036292457355,2,seco_soleado
2016-09-04,2016,9,La Estanzuela,9.7,76,0.3,14.5,272.5,FALSE,2.740840023925201,1,humedo_lluvioso_poca_insolacion
2016-09-05,2016,9,La Estanzuela,8.6,88,0,27.8,477.5,FALSE,3.3603753871419,1,humedo_lluvioso_poca_insolacion
2016-09-06,2016,9,La Estanzuela,9.1,94,0,3.8,672.7,FALSE,1.5686159179138452,1,humedo_lluvioso_poca_insolacion
2016-09-07,2016,9,La Estanzuela,10.8,93,0,0.6,186.6,FALSE,0.4700036292457355,1,humedo_lluvioso_poca_insolacion
2016-09-08,2016,9,La Estanzuela,13.3,79,8.3,0,256.4,FALSE,0,2,seco_soleado
2016-09-09,2016,9,La Estanzuela,15.8,70,10.1,0,206.3,FALSE,0,2,seco_soleado
2016-09-10,2016,9,La Estanzuela,18.2,69,10.6,0,131.9,FALSE,0,2,seco_soleado
2016-09-11,2016,9,La Estanzuela,18.4,75,10.2,0,263.9,FALSE,0,2,seco_soleado
2016-09-12,2016,9,La Estanzuela,14.7,89,0.1,26.8,326.6,FALSE,3.3250360206965914,1,humedo_lluvioso_poca_insolacion
2016-09-13,2016,9,La Estanzuela,13.3,71,3.3,0,905.2,FALSE,0,1,humedo_lluvioso_poca_insolacion
2016-09-14,2016,9,La Estanzuela,11.1,74,7.5,0,296.6,FALSE,0,2,seco_soleado
2016-09-15,2016,9,La Estanzuela,10.6,73,10.3,0,144.5,FALSE,0,2,seco_soleado
2016-09-16,2016,9,La Estanzuela,13.2,72,5.2,0,166.8,FALSE,0,2,seco_soleado
2016-09-17,2016,9,La Estanzuela,16.4,64,6.6,0.7,99.8,FALSE,0.5306282510621704,2,seco_soleado
2016-09-18,2016,9,La Estanzuela,12.9,78,6.8,0,181.7,FALSE,0,2,seco_soleado
2016-09-19,2016,9,La Estanzuela,10.2,86,1.8,0.3,117.1,FALSE,0.26236426446749106,1,humedo_lluvioso_poca_insolacion
2016-09-20,2016,9,La Estanzuela,13.6,78,9.6,0,187.6,FALSE,0,2,seco_soleado
2016-09-21,2016,9,La Estanzuela,16.7,76,9.4,0,262.6,FALSE,0,2,seco_soleado
2016-09-22,2016,9,La Estanzuela,18,65,8.2,0,217.3,FALSE,0,2,seco_soleado
2016-09-23,2016,9,La Estanzuela,10.4,62,9.9,0,128.4,FALSE,0,2,seco_soleado
2016-09-24,2016,9,La Estanzuela,9.1,69,8.7,0,120.1,FALSE,0,2,seco_soleado
2016-09-25,2016,9,La Estanzuela,11.9,66,11,0,138.7,FALSE,0,2,seco_soleado
2016-09-26,2016,9,La Estanzuela,14.3,51,11.5,0,172.4,FALSE,0,2,seco_soleado
2016-09-27,2016,9,La Estanzuela,16.3,57,11.5,0,155.6,FALSE,0,2,seco_soleado
2016-09-28,2016,9,La Estanzuela,16.7,68,10.6,0,306.2,FALSE,0,2,seco_soleado
2016-09-29,2016,9,La Estanzuela,11.2,72,4.9,0,233,FALSE,0,2,seco_soleado
2016-09-30,2016,9,La Estanzuela,12.1,76,2.4,0,189,FALSE,0,1,humedo_lluvioso_poca_insolacion
2016-10-01,2016,10,La Estanzuela,14.1,77,10.8,0,235.3,FALSE,0,2,seco_soleado
2016-10-02,2016,10,La Estanzuela,13.6,85,0.1,0,150.2,FALSE,0,1,humedo_lluvioso_poca_insolacion
2016-10-03,2016,10,La Estanzuela,15.7,84,10.7,0,273.9,FALSE,0,2,seco_soleado
2016-10-04,2016,10,La Estanzuela,16.7,75,10.6,0,289.9,FALSE,0,2,seco_soleado
2016-10-05,2016,10,La Estanzuela,15,89,0,0.9,135.1,FALSE,0.6418538861723948,1,humedo_lluvioso_poca_insolacion
2016-10-06,2016,10,La Estanzuela,15.7,82,7.4,1.2,143.5,FALSE,0.7884573603642702,2,seco_soleado
2016-10-07,2016,10,La Estanzuela,12.5,87,3.5,11.7,176.1,FALSE,2.5416019934645457,1,humedo_lluvioso_poca_insolacion
2016-10-08,2016,10,La Estanzuela,11,74,11.4,0,210.5,FALSE,0,2,seco_soleado
2016-10-09,2016,10,La Estanzuela,15.4,60,11.7,0,214.7,FALSE,0,2,seco_soleado
2016-10-10,2016,10,La Estanzuela,16.8,62,4.8,0,128.8,FALSE,0,2,seco_soleado
2016-10-11,2016,10,La Estanzuela,18.5,58,11.1,0,125.1,FALSE,0,2,seco_soleado
2016-10-12,2016,10,La Estanzuela,20.9,67,6.3,0,210.7,FALSE,0,2,seco_soleado
2016-10-13,2016,10,La Estanzuela,18.5,80,8.1,0,218.1,FALSE,0,2,seco_soleado
2016-10-14,2016,10,La Estanzuela,20.9,68,7.8,0,210.4,FALSE,0,2,seco_soleado
2016-10-15,2016,10,La Estanzuela,19.7,77,2.6,15,230.3,FALSE,2.772588722239781,1,humedo_lluvioso_poca_insolacion
2016-10-16,2016,10,La Estanzuela,21.6,79,7.5,0,190.4,FALSE,0,2,seco_soleado
2016-10-17,2016,10,La Estanzuela,15.9,78,5.6,0,258.4,FALSE,0,2,seco_soleado
2016-10-18,2016,10,La Estanzuela,15.4,82,0.3,37.1,298.9,FALSE,3.6402142821326553,1,humedo_lluvioso_poca_insolacion
2016-10-19,2016,10,La Estanzuela,14.2,95,0,26.8,324.1,FALSE,3.3250360206965914,1,humedo_lluvioso_poca_insolacion
2016-10-20,2016,10,La Estanzuela,13.6,84,2.1,5.8,145.5,FALSE,1.916922612182061,1,humedo_lluvioso_poca_insolacion
2016-10-21,2016,10,La Estanzuela,13.7,83,9.2,0,146.9,FALSE,0,2,seco_soleado
2016-10-22,2016,10,La Estanzuela,15.3,78,10.1,0,187.1,FALSE,0,2,seco_soleado
2016-10-23,2016,10,La Estanzuela,16.8,85,10.4,0,159.4,FALSE,0,2,seco_soleado
2016-10-24,2016,10,La Estanzuela,17.6,89,0,0,269.7,FALSE,0,1,humedo_lluvioso_poca_insolacion
2016-10-25,2016,10,La Estanzuela,17.1,84,0,23.4,245.2,FALSE,3.1945831322991562,1,humedo_lluvioso_poca_insolacion
2016-10-26,2016,10,La Estanzuela,16.6,87,0,1.1,469.3,FALSE,0.7419373447293773,1,humedo_lluvioso_poca_insolacion
2016-10-27,2016,10,La Estanzuela,12.6,59,6.7,0,335.2,FALSE,0,2,seco_soleado
2016-10-28,2016,10,La Estanzuela,11.4,74,3.4,0,154.6,FALSE,0,2,seco_soleado
2016-10-29,2016,10,La Estanzuela,16.6,66,12.5,0,265.7,FALSE,0,2,seco_soleado
2016-10-30,2016,10,La Estanzuela,19.3,69,12.3,0,185.9,FALSE,0,2,seco_soleado
2016-10-31,2016,10,La Estanzuela,20.8,73,5.3,0.8,200.6,FALSE,0.5877866649021191,2,seco_soleado
2016-11-01,2016,11,La Estanzuela,15.5,94,0,42.4,435.3,FALSE,3.7704594411063592,1,humedo_lluvioso_poca_insolacion
2016-11-02,2016,11,La Estanzuela,12.3,68,7.8,0,363.8,FALSE,0,2,seco_soleado
2016-11-03,2016,11,La Estanzuela,17.6,52,12.3,0,388.3,FALSE,0,2,seco_soleado
2016-11-04,2016,11,La Estanzuela,19.8,65,12.4,0,225.4,FALSE,0,2,seco_soleado
2016-11-05,2016,11,La Estanzuela,22,66,12.6,0,165.2,FALSE,0,2,seco_soleado
2016-11-06,2016,11,La Estanzuela,24.7,61,12.8,0,148.8,FALSE,0,2,seco_soleado
2016-11-07,2016,11,La Estanzuela,18.6,85,0,0,280.3,FALSE,0,1,humedo_lluvioso_poca_insolacion
2016-11-08,2016,11,La Estanzuela,18.8,89,1.4,0,182.6,FALSE,0,1,humedo_lluvioso_poca_insolacion
2016-11-09,2016,11,La Estanzuela,20.2,81,5.9,0,224.7,FALSE,0,2,seco_soleado
2016-11-10,2016,11,La Estanzuela,19,59,12.5,0,249.7,FALSE,0,2,seco_soleado
2016-11-11,2016,11,La Estanzuela,17.6,47,12.7,0,169.1,FALSE,0,2,seco_soleado
2016-11-12,2016,11,La Estanzuela,19.9,48,12.7,0,220.3,FALSE,0,2,seco_soleado
2016-11-13,2016,11,La Estanzuela,18.1,71,1,2.8,168.4,FALSE,1.33500106673234,1,humedo_lluvioso_poca_insolacion
2016-11-14,2016,11,La Estanzuela,22,71,11.1,0,134.6,FALSE,0,2,seco_soleado
2016-11-15,2016,11,La Estanzuela,23.2,66,10.5,4.3,179.1,FALSE,1.667706820558076,2,seco_soleado
2016-11-16,2016,11,La Estanzuela,17.6,62,0.9,0,144.6,FALSE,0,2,seco_soleado
2016-11-17,2016,11,La Estanzuela,14,57,11.3,0.5,184.1,FALSE,0.4054651081081644,2,seco_soleado
2016-11-18,2016,11,La Estanzuela,14,60,12.6,0,138,FALSE,0,2,seco_soleado
2016-11-19,2016,11,La Estanzuela,17.8,65,12.7,0,162.8,FALSE,0,2,seco_soleado
2016-11-20,2016,11,La Estanzuela,18.9,64,2.7,0,183,FALSE,0,2,seco_soleado
2016-11-21,2016,11,La Estanzuela,14.3,64,6.8,0,128.4,FALSE,0,2,seco_soleado
2016-11-22,2016,11,La Estanzuela,16.7,56,13,0,152.3,FALSE,0,2,seco_soleado
2016-11-23,2016,11,La Estanzuela,19.9,48,12.9,0,144.3,FALSE,0,2,seco_soleado
2016-11-24,2016,11,La Estanzuela,22.4,53,9.4,0,161.9,FALSE,0,2,seco_soleado
2016-11-25,2016,11,La Estanzuela,24.7,48,11.1,0,268.5,FALSE,0,2,seco_soleado
2016-11-26,2016,11,La Estanzuela,21.6,77,4,54,228.9,FALSE,4.007333185232471,1,humedo_lluvioso_poca_insolacion
2016-11-27,2016,11,La Estanzuela,21.9,76,7.6,0,120.3,FALSE,0,2,seco_soleado
2016-11-28,2016,11,La Estanzuela,20.2,72,9.4,0,127.9,FALSE,0,2,seco_soleado
2016-11-29,2016,11,La Estanzuela,20.5,70,12.9,0,208.6,FALSE,0,2,seco_soleado
2016-11-30,2016,11,La Estanzuela,20.8,49,13.3,0,252.4,FALSE,0,2,seco_soleado
2016-12-01,2016,12,La Estanzuela,21.7,62,13.2,0,136,FALSE,0,2,seco_soleado
2016-12-02,2016,12,La Estanzuela,24.9,56,8,0,127.2,FALSE,0,2,seco_soleado
2016-12-03,2016,12,La Estanzuela,24,79,12.5,0,160.5,FALSE,0,2,seco_soleado
2016-12-04,2016,12,La Estanzuela,24,74,10.4,0,174.4,FALSE,0,2,seco_soleado
2016-12-05,2016,12,La Estanzuela,23.8,72,9.6,2.1,204.3,FALSE,1.1314021114911006,2,seco_soleado
2016-12-06,2016,12,La Estanzuela,21.6,54,13.5,0,206.7,FALSE,0,2,seco_soleado
2016-12-07,2016,12,La Estanzuela,23.2,44,13.2,0,181.9,FALSE,0,2,seco_soleado
2016-12-08,2016,12,La Estanzuela,17.9,61,10.6,0,195.7,FALSE,0,2,seco_soleado
2016-12-09,2016,12,La Estanzuela,17.9,54,12.4,0,152.5,FALSE,0,2,seco_soleado
2016-12-10,2016,12,La Estanzuela,24.7,46,13,0,325.1,FALSE,0,2,seco_soleado
2016-12-11,2016,12,La Estanzuela,21.6,54,13.6,0,266.9,FALSE,0,2,seco_soleado
2016-12-12,2016,12,La Estanzuela,25.2,47,11.4,2.5,281.9,FALSE,1.252762968495368,2,seco_soleado
2016-12-13,2016,12,La Estanzuela,19.1,51,12.6,0,321.6,FALSE,0,2,seco_soleado
2016-12-14,2016,12,La Estanzuela,16.9,42,12.9,0,211.2,FALSE,0,2,seco_soleado
2016-12-15,2016,12,La Estanzuela,20.1,41,13.5,0,277.8,FALSE,0,2,seco_soleado
2016-12-16,2016,12,La Estanzuela,23.5,41,12.8,0,315.6,FALSE,0,2,seco_soleado
2016-12-17,2016,12,La Estanzuela,26.2,54,13.5,1.6,276.7,FALSE,0.9555114450274363,2,seco_soleado
2016-12-18,2016,12,La Estanzuela,23.4,78,2.5,6.2,121.2,FALSE,1.9740810260220096,1,humedo_lluvioso_poca_insolacion
2016-12-19,2016,12,La Estanzuela,21,73,13.2,0,140.2,FALSE,0,2,seco_soleado
2016-12-20,2016,12,La Estanzuela,23.5,53,13.5,0,207,FALSE,0,2,seco_soleado
2016-12-21,2016,12,La Estanzuela,27,42,13.5,0,189.6,FALSE,0,2,seco_soleado
2016-12-22,2016,12,La Estanzuela,23.3,71,1.4,20.5,184.7,FALSE,3.068052935133617,1,humedo_lluvioso_poca_insolacion
2016-12-23,2016,12,La Estanzuela,23.6,68,9.9,0,135.3,FALSE,0,2,seco_soleado
2016-12-24,2016,12,La Estanzuela,25.3,59,9.7,16.2,277.4,FALSE,2.8449093838194073,2,seco_soleado
2016-12-25,2016,12,La Estanzuela,21,86,0,62.6,192.2,FALSE,4.152613470346076,1,humedo_lluvioso_poca_insolacion
2016-12-26,2016,12,La Estanzuela,22.3,89,2,0.1,166.4,FALSE,0.09531017980432487,1,humedo_lluvioso_poca_insolacion
2016-12-27,2016,12,La Estanzuela,22.5,81,7.1,0,189.8,FALSE,0,2,seco_soleado
2016-12-28,2016,12,La Estanzuela,24.5,68,12.5,0,145.6,FALSE,0,2,seco_soleado
2016-12-29,2016,12,La Estanzuela,25.4,70,13.2,0,182,FALSE,0,2,seco_soleado
2016-12-30,2016,12,La Estanzuela,26,78,11,0,153,FALSE,0,2,seco_soleado
2016-12-31,2016,12,La Estanzuela,28.3,72,12.8,0,153.5,FALSE,0,2,seco_soleado
2017-01-01,2017,1,La Estanzuela,28.3,67,6.6,0,223.9,FALSE,0,2,seco_soleado
2017-01-02,2017,1,La Estanzuela,25.5,63,12.4,0,305.2,FALSE,0,2,seco_soleado
2017-01-03,2017,1,La Estanzuela,23.9,82,2.4,5,168.7,FALSE,1.791759469228055,1,humedo_lluvioso_poca_insolacion
2017-01-04,2017,1,La Estanzuela,23.6,84,5.6,0,146.6,FALSE,0,2,seco_soleado
2017-01-05,2017,1,La Estanzuela,22,64,12.8,0,237.3,FALSE,0,2,seco_soleado
2017-01-06,2017,1,La Estanzuela,21.7,64,10.6,0,267.3,FALSE,0,2,seco_soleado
2017-01-07,2017,1,La Estanzuela,27.1,58,12.4,0,211.3,FALSE,0,2,seco_soleado
2017-01-08,2017,1,La Estanzuela,24.6,74,0,0,118.6,FALSE,0,1,humedo_lluvioso_poca_insolacion
2017-01-09,2017,1,La Estanzuela,24.8,79,10.4,10.2,169.2,FALSE,2.4159137783010487,2,seco_soleado
2017-01-10,2017,1,La Estanzuela,22,65,8.6,0,180.7,FALSE,0,2,seco_soleado
2017-01-11,2017,1,La Estanzuela,22.8,60,13.2,0,152.7,FALSE,0,2,seco_soleado
2017-01-12,2017,1,La Estanzuela,25.8,56,12.8,0,266.3,FALSE,0,2,seco_soleado
2017-01-13,2017,1,La Estanzuela,24.4,66,3.2,0,269.8,FALSE,0,2,seco_soleado
2017-01-14,2017,1,La Estanzuela,21.5,61,13.1,0,217.5,FALSE,0,2,seco_soleado
2017-01-15,2017,1,La Estanzuela,21,83,0,83.8,206,FALSE,4.440295542797857,1,humedo_lluvioso_poca_insolacion
2017-01-16,2017,1,La Estanzuela,22.9,92,5.5,6.7,144.2,FALSE,2.0412203288596382,1,humedo_lluvioso_poca_insolacion
2017-01-17,2017,1,La Estanzuela,26,87,10.6,0.1,171.2,FALSE,0.09531017980432487,2,seco_soleado
2017-01-18,2017,1,La Estanzuela,24.3,71,13.2,0,243.1,FALSE,0,2,seco_soleado
2017-01-19,2017,1,La Estanzuela,25.7,75,12.4,0,266.8,FALSE,0,2,seco_soleado
2017-01-20,2017,1,La Estanzuela,25.2,79,8.5,0,179.8,FALSE,0,2,seco_soleado
2017-01-21,2017,1,La Estanzuela,26,79,13,0,189.8,FALSE,0,2,seco_soleado
2017-01-22,2017,1,La Estanzuela,25.2,86,10.1,0,159.8,FALSE,0,2,seco_soleado
2017-01-23,2017,1,La Estanzuela,24.7,82,10.9,0,188.3,FALSE,0,2,seco_soleado
2017-01-24,2017,1,La Estanzuela,24.6,83,8.8,15.3,200.8,FALSE,2.791165107812717,1,humedo_lluvioso_poca_insolacion
2017-01-25,2017,1,La Estanzuela,19.9,83,8.9,0,220.3,FALSE,0,2,seco_soleado
2017-01-26,2017,1,La Estanzuela,18.4,79,9.9,0,135.1,FALSE,0,2,seco_soleado
2017-01-27,2017,1,La Estanzuela,19.3,81,11.4,0,144.4,FALSE,0,2,seco_soleado
2017-01-28,2017,1,La Estanzuela,22.2,78,12.9,0,175.5,FALSE,0,2,seco_soleado
2017-01-29,2017,1,La Estanzuela,25.3,74,12.9,0,248,FALSE,0,2,seco_soleado
2017-01-30,2017,1,La Estanzuela,29.1,76,12.8,0,208.9,FALSE,0,2,seco_soleado
2017-01-31,2017,1,La Estanzuela,26,84,6.9,1.1,243.2,FALSE,0.7419373447293773,2,seco_soleado
2017-02-01,2017,2,La Estanzuela,23.7,91,8.7,0,169.6,FALSE,0,2,seco_soleado
2017-02-02,2017,2,La Estanzuela,22.3,90,9.4,0,115.7,FALSE,0,2,seco_soleado
2017-02-03,2017,2,La Estanzuela,22.6,87,11.9,0,140.4,FALSE,0,2,seco_soleado
2017-02-04,2017,2,La Estanzuela,23.4,88,4.7,15.5,261.2,FALSE,2.803360380906535,1,humedo_lluvioso_poca_insolacion
2017-02-05,2017,2,La Estanzuela,18.8,91,0.3,0.9,679.5,FALSE,0.6418538861723948,1,humedo_lluvioso_poca_insolacion
2017-02-06,2017,2,La Estanzuela,17.6,87,11.8,0,169.5,FALSE,0,2,seco_soleado
2017-02-07,2017,2,La Estanzuela,18.3,83,12.4,0,172.9,FALSE,0,2,seco_soleado
2017-02-08,2017,2,La Estanzuela,20.8,81,10.5,0,239.5,FALSE,0,2,seco_soleado
2017-02-09,2017,2,La Estanzuela,22.7,85,7.4,0,149.1,FALSE,0,2,seco_soleado
2017-02-10,2017,2,La Estanzuela,22.9,93,2.4,0,174.9,FALSE,0,1,humedo_lluvioso_poca_insolacion
2017-02-11,2017,2,La Estanzuela,22.4,90,3.9,1,233.6,FALSE,0.6931471805599453,1,humedo_lluvioso_poca_insolacion
2017-02-12,2017,2,La Estanzuela,21.6,94,0,17,263.9,FALSE,2.8903717578961645,1,humedo_lluvioso_poca_insolacion
2017-02-13,2017,2,La Estanzuela,21.4,96,0,38.2,199.6,FALSE,3.6686767467964168,1,humedo_lluvioso_poca_insolacion
2017-02-14,2017,2,La Estanzuela,22.1,96,3.2,1.5,143,FALSE,0.9162907318741551,1,humedo_lluvioso_poca_insolacion
2017-02-15,2017,2,La Estanzuela,24.6,87,11.1,0,210.7,FALSE,0,2,seco_soleado
2017-02-16,2017,2,La Estanzuela,24.8,84,9.9,0,166.2,FALSE,0,2,seco_soleado
2017-02-17,2017,2,La Estanzuela,25,87,8.9,2.2,198.7,FALSE,1.1631508098056809,2,seco_soleado
2017-02-18,2017,2,La Estanzuela,23.7,91,5.8,0,126.8,FALSE,0,2,seco_soleado
2017-02-19,2017,2,La Estanzuela,24.8,90,12,0,125.4,FALSE,0,2,seco_soleado
2017-02-20,2017,2,La Estanzuela,25.8,90,11.9,0,105.3,FALSE,0,2,seco_soleado
2017-02-21,2017,2,La Estanzuela,26.5,88,7.1,1,162.9,FALSE,0.6931471805599453,2,seco_soleado
2017-02-22,2017,2,La Estanzuela,26,89,9.7,0,112.2,FALSE,0,2,seco_soleado
2017-02-23,2017,2,La Estanzuela,27.3,90,11.1,0,116.5,FALSE,0,2,seco_soleado
2017-02-24,2017,2,La Estanzuela,26.5,90,11.5,0,131.3,FALSE,0,2,seco_soleado
2017-02-25,2017,2,La Estanzuela,26.6,86,11.5,0,136.8,FALSE,0,2,seco_soleado
2017-02-26,2017,2,La Estanzuela,27.3,86,10,0,165,FALSE,0,2,seco_soleado
2017-02-27,2017,2,La Estanzuela,26.5,85,9,0,127.3,FALSE,0,2,seco_soleado
2017-02-28,2017,2,La Estanzuela,26.3,89,11.5,0,148.3,FALSE,0,2,seco_soleado
2017-03-01,2017,3,La Estanzuela,26.8,88,10.3,0,154.3,FALSE,0,2,seco_soleado
2017-03-02,2017,3,La Estanzuela,27.1,84,11.1,12.2,212.6,FALSE,2.580216829592325,2,seco_soleado
2017-03-03,2017,3,La Estanzuela,21.9,86,0.7,0,204.3,FALSE,0,1,humedo_lluvioso_poca_insolacion
2017-03-04,2017,3,La Estanzuela,20.7,79,4.9,0.6,159,FALSE,0.4700036292457355,2,seco_soleado
2017-03-05,2017,3,La Estanzuela,20.2,79,11.4,0,186.4,FALSE,0,2,seco_soleado
2017-03-06,2017,3,La Estanzuela,21.8,83,10,0,168.6,FALSE,0,2,seco_soleado
2017-03-07,2017,3,La Estanzuela,21.9,85,10.1,0,249.6,FALSE,0,2,seco_soleado
2017-03-08,2017,3,La Estanzuela,23,87,5.1,45.3,425.2,FALSE,3.835141961092188,1,humedo_lluvioso_poca_insolacion
2017-03-09,2017,3,La Estanzuela,21.4,87,5.1,2.8,137.4,FALSE,1.33500106673234,1,humedo_lluvioso_poca_insolacion
2017-03-10,2017,3,La Estanzuela,18.8,78,11.5,0,240.6,FALSE,0,2,seco_soleado
2017-03-11,2017,3,La Estanzuela,18.1,84,5.9,0.5,199.8,FALSE,0.4054651081081644,1,humedo_lluvioso_poca_insolacion
2017-03-12,2017,3,La Estanzuela,17,84,11.6,0,257.3,FALSE,0,2,seco_soleado
2017-03-13,2017,3,La Estanzuela,17.6,77,11.7,0,192.8,FALSE,0,2,seco_soleado
2017-03-14,2017,3,La Estanzuela,20.2,81,11.4,0,114.8,FALSE,0,2,seco_soleado
2017-03-15,2017,3,La Estanzuela,18.1,90,1.1,15.9,185.8,FALSE,2.827313621929028,1,humedo_lluvioso_poca_insolacion
2017-03-16,2017,3,La Estanzuela,16.3,86,7,0,119.3,FALSE,0,2,seco_soleado
2017-03-17,2017,3,La Estanzuela,15.1,82,11,0,106,FALSE,0,2,seco_soleado
2017-03-18,2017,3,La Estanzuela,16.3,87,11.2,0,153,FALSE,0,2,seco_soleado
2017-03-19,2017,3,La Estanzuela,17.9,89,10.6,0,162.9,FALSE,0,2,seco_soleado
2017-03-20,2017,3,La Estanzuela,18.9,90,9.5,0,170.8,FALSE,0,2,seco_soleado
2017-03-21,2017,3,La Estanzuela,19.5,90,9.4,0,181.2,FALSE,0,2,seco_soleado
2017-03-22,2017,3,La Estanzuela,20.6,94,3.7,57.2,138.5,FALSE,4.063885354737392,1,humedo_lluvioso_poca_insolacion
2017-03-23,2017,3,La Estanzuela,21,93,6.9,0,92.6,FALSE,0,2,seco_soleado
2017-03-24,2017,3,La Estanzuela,21.3,93,7.1,0,108.4,FALSE,0,2,seco_soleado
2017-03-25,2017,3,La Estanzuela,22.8,86,11,0,222.5,FALSE,0,2,seco_soleado
2017-03-26,2017,3,La Estanzuela,21.9,87,4.9,0,252.7,FALSE,0,1,humedo_lluvioso_poca_insolacion
2017-03-27,2017,3,La Estanzuela,22.2,89,10.3,0,218.3,FALSE,0,2,seco_soleado
2017-03-28,2017,3,La Estanzuela,21.3,88,10.1,0,261.3,FALSE,0,2,seco_soleado
2017-03-29,2017,3,La Estanzuela,21,85,10.4,0,376.2,FALSE,0,2,seco_soleado
2017-03-30,2017,3,La Estanzuela,22.1,83,4.1,0,297.9,FALSE,0,1,humedo_lluvioso_poca_insolacion
2017-03-31,2017,3,La Estanzuela,21.4,85,5.4,0,262.5,FALSE,0,2,seco_soleado
2017-04-01,2017,4,La Estanzuela,21.5,82,10.2,0,361.6,FALSE,0,2,seco_soleado
2017-04-02,2017,4,La Estanzuela,19.9,92,1.4,0,140.9,FALSE,0,1,humedo_lluvioso_poca_insolacion
2017-04-03,2017,4,La Estanzuela,19.3,89,9.5,0,108.1,FALSE,0,2,seco_soleado
2017-04-04,2017,4,La Estanzuela,20.7,88,8,0,93.1,FALSE,0,2,seco_soleado
2017-04-05,2017,4,La Estanzuela,20,83,9.3,0,163,FALSE,0,2,seco_soleado
2017-04-06,2017,4,La Estanzuela,18.2,81,9.2,0,206.9,FALSE,0,2,seco_soleado
2017-04-07,2017,4,La Estanzuela,19.7,81,9.8,0,354.2,FALSE,0,2,seco_soleado
2017-04-08,2017,4,La Estanzuela,22.3,89,5.9,0.2,324.9,FALSE,0.18232155679395465,1,humedo_lluvioso_poca_insolacion
2017-04-09,2017,4,La Estanzuela,21.8,95,0,12.8,209.5,FALSE,2.624668592163159,1,humedo_lluvioso_poca_insolacion
2017-04-10,2017,4,La Estanzuela,18.2,96,0.2,3.9,461.1,FALSE,1.589235205116581,1,humedo_lluvioso_poca_insolacion
2017-04-11,2017,4,La Estanzuela,16.9,85,8.4,0,680,FALSE,0,1,humedo_lluvioso_poca_insolacion
2017-04-12,2017,4,La Estanzuela,13.7,80,10.4,0,90,FALSE,0,2,seco_soleado
2017-04-13,2017,4,La Estanzuela,14.1,86,9.1,0,121.6,FALSE,0,2,seco_soleado
2017-04-14,2017,4,La Estanzuela,15.5,86,10.2,0,140.8,FALSE,0,2,seco_soleado
2017-04-15,2017,4,La Estanzuela,16.7,88,6.2,1.4,167.1,FALSE,0.8754687373538999,1,humedo_lluvioso_poca_insolacion
2017-04-16,2017,4,La Estanzuela,17.3,90,6.8,0.9,157.9,FALSE,0.6418538861723948,1,humedo_lluvioso_poca_insolacion
2017-04-17,2017,4,La Estanzuela,16,90,7.9,0,144,FALSE,0,2,seco_soleado
2017-04-18,2017,4,La Estanzuela,15.9,88,2.2,0,184,FALSE,0,1,humedo_lluvioso_poca_insolacion
2017-04-19,2017,4,La Estanzuela,17.1,94,0,5.6,280.6,FALSE,1.8870696490323797,1,humedo_lluvioso_poca_insolacion
2017-04-20,2017,4,La Estanzuela,18.4,91,4.2,0,171.2,FALSE,0,1,humedo_lluvioso_poca_insolacion
2017-04-21,2017,4,La Estanzuela,18.1,81,8.4,0,268,FALSE,0,2,seco_soleado
2017-04-22,2017,4,La Estanzuela,13.4,84,4.7,0,106.6,FALSE,0,2,seco_soleado
2017-04-23,2017,4,La Estanzuela,15.9,79,9.8,0,187,FALSE,0,2,seco_soleado
2017-04-24,2017,4,La Estanzuela,18.1,77,8,0,156.4,FALSE,0,2,seco_soleado
2017-04-25,2017,4,La Estanzuela,15.2,96,0,18.4,401.3,FALSE,2.9652730660692823,1,humedo_lluvioso_poca_insolacion
2017-04-26,2017,4,La Estanzuela,12.8,78,9.1,0,543.2,FALSE,0,2,seco_soleado
2017-04-27,2017,4,La Estanzuela,14.2,72,10.2,0,329.6,FALSE,0,2,seco_soleado
2017-04-28,2017,4,La Estanzuela,17,75,10.3,0,270.3,FALSE,0,2,seco_soleado
2017-04-29,2017,4,La Estanzuela,16.9,82,10.2,0,209.5,FALSE,0,2,seco_soleado
2017-04-30,2017,4,La Estanzuela,17.6,77,10.3,0,206.5,FALSE,0,2,seco_soleado
2017-05-01,2017,5,La Estanzuela,18.2,78,10.3,0,182.6,FALSE,0,2,seco_soleado
2017-05-02,2017,5,La Estanzuela,17.7,82,9.3,0,126.1,FALSE,0,2,seco_soleado
2017-05-03,2017,5,La Estanzuela,18.2,89,8.5,0,149.6,FALSE,0,2,seco_soleado
2017-05-04,2017,5,La Estanzuela,18.7,90,9.6,0,130.3,FALSE,0,2,seco_soleado
2017-05-05,2017,5,La Estanzuela,19,90,8.8,0,176.6,FALSE,0,2,seco_soleado
2017-05-06,2017,5,La Estanzuela,18.4,90,7.4,0,358.7,FALSE,0,2,seco_soleado
2017-05-07,2017,5,La Estanzuela,20.4,90,5.3,25.4,230.9,FALSE,3.2733640101522705,1,humedo_lluvioso_poca_insolacion
2017-05-08,2017,5,La Estanzuela,17.8,96,0,10.8,144.3,FALSE,2.468099531471619,1,humedo_lluvioso_poca_insolacion
2017-05-09,2017,5,La Estanzuela,13.5,90,9.8,0,89.2,FALSE,0,2,seco_soleado
2017-05-10,2017,5,La Estanzuela,12.5,86,9.6,0,159,FALSE,0,2,seco_soleado
2017-05-11,2017,5,La Estanzuela,12,91,0.4,18.4,281.3,FALSE,2.9652730660692823,1,humedo_lluvioso_poca_insolacion
2017-05-12,2017,5,La Estanzuela,14.9,91,0,6.8,149.6,FALSE,2.0541237336955462,1,humedo_lluvioso_poca_insolacion
2017-05-13,2017,5,La Estanzuela,15.7,94,0,0.2,124.1,FALSE,0.18232155679395465,1,humedo_lluvioso_poca_insolacion
2017-05-14,2017,5,La Estanzuela,15,91,2.7,0,56.8,FALSE,0,1,humedo_lluvioso_poca_insolacion
2017-05-15,2017,5,La Estanzuela,13.9,93,5.1,0,97.9,FALSE,0,1,humedo_lluvioso_poca_insolacion
2017-05-16,2017,5,La Estanzuela,12.9,93,8.7,0,98.9,FALSE,0,2,seco_soleado
2017-05-17,2017,5,La Estanzuela,13.4,89,9.3,0,174.4,FALSE,0,2,seco_soleado
2017-05-18,2017,5,La Estanzuela,15.3,94,0,19.9,320.4,FALSE,3.039749158970765,1,humedo_lluvioso_poca_insolacion
2017-05-19,2017,5,La Estanzuela,15.2,94,1.1,0,279.9,FALSE,0,1,humedo_lluvioso_poca_insolacion
2017-05-20,2017,5,La Estanzuela,10.6,91,0,19,282.2,FALSE,2.995732273553991,1,humedo_lluvioso_poca_insolacion
2017-05-21,2017,5,La Estanzuela,12.1,93,4.2,0,232.2,FALSE,0,1,humedo_lluvioso_poca_insolacion
2017-05-22,2017,5,La Estanzuela,15.3,87,8.6,0,150.6,FALSE,0,2,seco_soleado
2017-05-23,2017,5,La Estanzuela,16.1,87,9,0,182.2,FALSE,0,2,seco_soleado
2017-05-24,2017,5,La Estanzuela,15.5,97,0,9.9,113.9,FALSE,2.388762789235098,1,humedo_lluvioso_poca_insolacion
2017-05-25,2017,5,La Estanzuela,15.5,98,0,4.7,183.6,FALSE,1.7404661748405046,1,humedo_lluvioso_poca_insolacion
2017-05-26,2017,5,La Estanzuela,14.6,92,7.3,0,166.8,FALSE,0,2,seco_soleado
2017-05-27,2017,5,La Estanzuela,11.3,89,5.3,0,133.4,FALSE,0,1,humedo_lluvioso_poca_insolacion
2017-05-28,2017,5,La Estanzuela,11.5,93,0,1.7,129,FALSE,0.9932517730102833,1,humedo_lluvioso_poca_insolacion
2017-05-29,2017,5,La Estanzuela,12.6,94,3.5,1.4,73.8,FALSE,0.8754687373538999,1,humedo_lluvioso_poca_insolacion
2017-05-30,2017,5,La Estanzuela,10.8,92,8.7,0,99.3,FALSE,0,2,seco_soleado
2017-05-31,2017,5,La Estanzuela,10.3,90,7.7,0,89,FALSE,0,2,seco_soleado
2017-06-01,2017,6,La Estanzuela,10.9,88,8.5,0,82.1,FALSE,0,2,seco_soleado
2017-06-02,2017,6,La Estanzuela,10.6,91,9.2,0.5,124.2,FALSE,0.4054651081081644,2,seco_soleado
2017-06-03,2017,6,La Estanzuela,13.3,93,3.8,0,155.4,FALSE,0,1,humedo_lluvioso_poca_insolacion
2017-06-04,2017,6,La Estanzuela,10.7,94,1.6,0,75.8,FALSE,0,1,humedo_lluvioso_poca_insolacion
2017-06-05,2017,6,La Estanzuela,8.2,86,3.8,0,77.3,FALSE,0,1,humedo_lluvioso_poca_insolacion
2017-06-06,2017,6,La Estanzuela,8.8,85,9.1,0,147.4,FALSE,0,2,seco_soleado
2017-06-07,2017,6,La Estanzuela,9.1,92,2.7,0,135.4,FALSE,0,1,humedo_lluvioso_poca_insolacion
2017-06-08,2017,6,La Estanzuela,10.9,95,1.8,7.2,220,FALSE,2.1041341542702074,1,humedo_lluvioso_poca_insolacion
2017-06-09,2017,6,La Estanzuela,9.3,89,6.1,0,333,FALSE,0,1,humedo_lluvioso_poca_insolacion
2017-06-10,2017,6,La Estanzuela,12.5,88,9.1,0,251,FALSE,0,2,seco_soleado
2017-06-11,2017,6,La Estanzuela,10.8,92,8.7,0,152.3,FALSE,0,2,seco_soleado
2017-06-12,2017,6,La Estanzuela,7.7,85,7.2,0,168.7,FALSE,0,2,seco_soleado
2017-06-13,2017,6,La Estanzuela,12,90,8.5,0,144.3,FALSE,0,2,seco_soleado
2017-06-14,2017,6,La Estanzuela,13.4,89,8.7,0,272.2,FALSE,0,2,seco_soleado
2017-06-15,2017,6,La Estanzuela,15.6,94,2.2,0,377,FALSE,0,1,humedo_lluvioso_poca_insolacion
2017-06-16,2017,6,La Estanzuela,21.1,85,0.5,0,374.3,FALSE,0,1,humedo_lluvioso_poca_insolacion
2017-06-17,2017,6,La Estanzuela,18.4,84,1.7,0,466.3,FALSE,0,1,humedo_lluvioso_poca_insolacion
2017-06-18,2017,6,La Estanzuela,7.9,75,7.7,0,588.9,FALSE,0,2,seco_soleado
2017-06-19,2017,6,La Estanzuela,6.1,78,9.1,0,170.9,FALSE,0,2,seco_soleado
2017-06-20,2017,6,La Estanzuela,6.4,75,7.4,0,186.4,FALSE,0,2,seco_soleado
2017-06-21,2017,6,La Estanzuela,9.3,80,7,0,295.3,FALSE,0,2,seco_soleado
2017-06-22,2017,6,La Estanzuela,17.7,83,5.7,0,370.9,FALSE,0,1,humedo_lluvioso_poca_insolacion
2017-06-23,2017,6,La Estanzuela,19.5,82,2.7,1.2,267.3,FALSE,0.7884573603642702,1,humedo_lluvioso_poca_insolacion
2017-06-24,2017,6,La Estanzuela,20.1,85,5.4,0,265.7,FALSE,0,2,seco_soleado
2017-06-25,2017,6,La Estanzuela,21.2,80,1.4,0,368.7,FALSE,0,1,humedo_lluvioso_poca_insolacion
2017-06-26,2017,6,La Estanzuela,20,79,5.8,0,257.9,FALSE,0,2,seco_soleado
2017-06-27,2017,6,La Estanzuela,16.6,89,1.2,0.6,284.1,FALSE,0.4700036292457355,1,humedo_lluvioso_poca_insolacion
2017-06-28,2017,6,La Estanzuela,12.3,94,0,0,76.6,FALSE,0,1,humedo_lluvioso_poca_insolacion
2017-06-29,2017,6,La Estanzuela,11.4,93,5.2,0,205.5,FALSE,0,1,humedo_lluvioso_poca_insolacion
2017-06-30,2017,6,La Estanzuela,11.9,92,2.9,0,87.5,FALSE,0,1,humedo_lluvioso_poca_insolacion
2017-07-01,2017,7,La Estanzuela,11.4,85,8.8,0,151.4,FALSE,0,2,seco_soleado
2017-07-02,2017,7,La Estanzuela,10.9,79,9.2,0,309.7,FALSE,0,2,seco_soleado
2017-07-03,2017,7,La Estanzuela,13,82,9.2,0,334.6,FALSE,0,2,seco_soleado
2017-07-04,2017,7,La Estanzuela,14,84,9.2,0,397.7,FALSE,0,2,seco_soleado
2017-07-05,2017,7,La Estanzuela,13.4,93,2,0,247,FALSE,0,1,humedo_lluvioso_poca_insolacion
2017-07-06,2017,7,La Estanzuela,10.3,93,0,42.9,212.4,FALSE,3.7819143200811256,1,humedo_lluvioso_poca_insolacion
2017-07-07,2017,7,La Estanzuela,13,96,0,12.3,206.3,FALSE,2.5877640352277083,1,humedo_lluvioso_poca_insolacion
2017-07-08,2017,7,La Estanzuela,13.4,95,0,0,193.9,FALSE,0,1,humedo_lluvioso_poca_insolacion
2017-07-09,2017,7,La Estanzuela,10.9,94,0,5.8,98.7,FALSE,1.916922612182061,1,humedo_lluvioso_poca_insolacion
2017-07-10,2017,7,La Estanzuela,10.9,96,0,4.9,166.2,FALSE,1.7749523509116738,1,humedo_lluvioso_poca_insolacion
2017-07-11,2017,7,La Estanzuela,10.2,92,8.7,0.3,188.6,FALSE,0.26236426446749106,2,seco_soleado
2017-07-12,2017,7,La Estanzuela,15.6,94,0.8,0,385.2,FALSE,0,1,humedo_lluvioso_poca_insolacion
2017-07-13,2017,7,La Estanzuela,19.3,89,3.6,0,251.9,FALSE,0,1,humedo_lluvioso_poca_insolacion
2017-07-14,2017,7,La Estanzuela,13.7,95,0,0,264.7,FALSE,0,1,humedo_lluvioso_poca_insolacion
2017-07-15,2017,7,La Estanzuela,13.8,93,3,10.5,582.5,FALSE,2.4423470353692043,1,humedo_lluvioso_poca_insolacion
2017-07-16,2017,7,La Estanzuela,6.5,83,1.9,0,522.6,FALSE,0,1,humedo_lluvioso_poca_insolacion
2017-07-17,2017,7,La Estanzuela,4.6,74,9.4,0,298.5,FALSE,0,2,seco_soleado
2017-07-18,2017,7,La Estanzuela,6.3,77,9.5,0,308.2,FALSE,0,2,seco_soleado
2017-07-19,2017,7,La Estanzuela,8.5,73,8.5,0,355.7,FALSE,0,2,seco_soleado
2017-07-20,2017,7,La Estanzuela,10.8,78,8.9,0,214.5,FALSE,0,2,seco_soleado
2017-07-21,2017,7,La Estanzuela,10.4,85,7.3,0,177.2,FALSE,0,2,seco_soleado
2017-07-22,2017,7,La Estanzuela,11.5,82,8.7,0,302.7,FALSE,0,2,seco_soleado
2017-07-23,2017,7,La Estanzuela,13.8,87,1,9.5,219.7,FALSE,2.3513752571634776,1,humedo_lluvioso_poca_insolacion
2017-07-24,2017,7,La Estanzuela,10.8,87,0,0,205.2,FALSE,0,1,humedo_lluvioso_poca_insolacion
2017-07-25,2017,7,La Estanzuela,11.7,87,1.3,6.4,197.9,FALSE,2.0014800002101243,1,humedo_lluvioso_poca_insolacion
2017-07-26,2017,7,La Estanzuela,15.8,97,4.5,0.1,147.1,FALSE,0.09531017980432487,1,humedo_lluvioso_poca_insolacion
2017-07-27,2017,7,La Estanzuela,18.9,84,7.1,0,289.8,FALSE,0,2,seco_soleado
2017-07-28,2017,7,La Estanzuela,19.7,78,7.9,0,312.6,FALSE,0,2,seco_soleado
2017-07-29,2017,7,La Estanzuela,17.8,82,2.4,0,255.4,FALSE,0,1,humedo_lluvioso_poca_insolacion
2017-07-30,2017,7,La Estanzuela,11.4,94,0,0.7,317.9,FALSE,0.5306282510621704,1,humedo_lluvioso_poca_insolacion
2017-07-31,2017,7,La Estanzuela,11.6,98,0,1.7,176.9,FALSE,0.9932517730102833,1,humedo_lluvioso_poca_insolacion
2017-08-01,2017,8,La Estanzuela,12.2,96,0,0.9,195.8,FALSE,0.6418538861723948,1,humedo_lluvioso_poca_insolacion
2017-08-02,2017,8,La Estanzuela,11.4,88,6.9,0,126.1,FALSE,0,2,seco_soleado
2017-08-03,2017,8,La Estanzuela,10.6,85,9.8,0,118.7,FALSE,0,2,seco_soleado
2017-08-04,2017,8,La Estanzuela,11,88,9.8,0,141.4,FALSE,0,2,seco_soleado
2017-08-05,2017,8,La Estanzuela,12.1,87,10,0.2,309.2,FALSE,0.18232155679395465,2,seco_soleado
2017-08-06,2017,8,La Estanzuela,15.8,89,9.3,0,165.9,FALSE,0,2,seco_soleado
2017-08-07,2017,8,La Estanzuela,16.5,90,3,3.3,264.4,FALSE,1.4586150226995167,1,humedo_lluvioso_poca_insolacion
2017-08-08,2017,8,La Estanzuela,13,92,2.8,0,441.5,FALSE,0,1,humedo_lluvioso_poca_insolacion
2017-08-09,2017,8,La Estanzuela,13.6,91,6.2,0,207.8,FALSE,0,1,humedo_lluvioso_poca_insolacion
2017-08-10,2017,8,La Estanzuela,13.7,90,0.4,23.8,454.1,FALSE,3.2108436531709366,1,humedo_lluvioso_poca_insolacion
2017-08-11,2017,8,La Estanzuela,16.2,93,0,9.2,282.3,FALSE,2.3223877202902252,1,humedo_lluvioso_poca_insolacion
2017-08-12,2017,8,La Estanzuela,14.3,98,0,18.6,217.6,FALSE,2.975529566236472,1,humedo_lluvioso_poca_insolacion
2017-08-13,2017,8,La Estanzuela,10.2,92,6.4,0,141.4,FALSE,0,1,humedo_lluvioso_poca_insolacion
2017-08-14,2017,8,La Estanzuela,12.2,81,9.7,0,191.3,FALSE,0,2,seco_soleado
2017-08-15,2017,8,La Estanzuela,13.5,82,10.1,0,166.7,FALSE,0,2,seco_soleado
2017-08-16,2017,8,La Estanzuela,10.9,86,10.3,0,133.8,FALSE,0,2,seco_soleado
2017-08-17,2017,8,La Estanzuela,12.8,87,9.6,0,245.6,FALSE,0,2,seco_soleado
2017-08-18,2017,8,La Estanzuela,15.6,85,10,16.9,256.4,FALSE,2.884800712846709,1,humedo_lluvioso_poca_insolacion
2017-08-19,2017,8,La Estanzuela,12.1,96,0,3.1,136.7,FALSE,1.410986973710262,1,humedo_lluvioso_poca_insolacion
2017-08-20,2017,8,La Estanzuela,9.7,83,10.7,0,137.6,FALSE,0,2,seco_soleado
2017-08-21,2017,8,La Estanzuela,9.7,79,10.2,0,336.7,FALSE,0,2,seco_soleado
2017-08-22,2017,8,La Estanzuela,12.1,78,5.8,0,404.8,FALSE,0,1,humedo_lluvioso_poca_insolacion
2017-08-23,2017,8,La Estanzuela,15.7,86,0.2,6.6,259.9,FALSE,2.028148247292285,1,humedo_lluvioso_poca_insolacion
2017-08-24,2017,8,La Estanzuela,19.9,94,2.5,15.1,180.2,FALSE,2.7788192719904172,1,humedo_lluvioso_poca_insolacion
2017-08-25,2017,8,La Estanzuela,19.2,99,3.2,23.4,234.3,FALSE,3.1945831322991562,1,humedo_lluvioso_poca_insolacion
2017-08-26,2017,8,La Estanzuela,14.1,98,0,0.9,163.9,FALSE,0.6418538861723948,1,humedo_lluvioso_poca_insolacion
2017-08-27,2017,8,La Estanzuela,15.3,97,3.7,0,179.5,FALSE,0,1,humedo_lluvioso_poca_insolacion
2017-08-28,2017,8,La Estanzuela,18.7,93,4.2,4.9,228.3,FALSE,1.7749523509116738,1,humedo_lluvioso_poca_insolacion
2017-08-29,2017,8,La Estanzuela,17.2,95,0,7.9,532.7,FALSE,2.186051276738094,1,humedo_lluvioso_poca_insolacion
2017-08-30,2017,8,La Estanzuela,10.7,80,10.9,0,151.1,FALSE,0,2,seco_soleado
2017-08-31,2017,8,La Estanzuela,11,83,10.5,0,251.4,FALSE,0,2,seco_soleado
2017-09-01,2017,9,La Estanzuela,16.8,87,5.6,0,241.1,FALSE,0,1,humedo_lluvioso_poca_insolacion
2017-09-02,2017,9,La Estanzuela,20.5,96,5.5,0.7,168.8,FALSE,0.5306282510621704,1,humedo_lluvioso_poca_insolacion
2017-09-03,2017,9,La Estanzuela,17.8,94,0.7,11.6,258.6,FALSE,2.533696813957432,1,humedo_lluvioso_poca_insolacion
2017-09-04,2017,9,La Estanzuela,13,88,4.1,0,282.2,FALSE,0,1,humedo_lluvioso_poca_insolacion
2017-09-05,2017,9,La Estanzuela,11.6,85,10.6,0,180.9,FALSE,0,2,seco_soleado
2017-09-06,2017,9,La Estanzuela,12.5,92,7.6,0,133,FALSE,0,2,seco_soleado
2017-09-07,2017,9,La Estanzuela,13.9,96,1.7,0.5,151.7,FALSE,0.4054651081081644,1,humedo_lluvioso_poca_insolacion
2017-09-08,2017,9,La Estanzuela,14.2,94,0,5,198.8,FALSE,1.791759469228055,1,humedo_lluvioso_poca_insolacion
2017-09-09,2017,9,La Estanzuela,17.2,93,0,29,272.7,FALSE,3.4011973816621555,1,humedo_lluvioso_poca_insolacion
2017-09-10,2017,9,La Estanzuela,17.3,95,0,44.7,482.5,FALSE,3.822098297900159,1,humedo_lluvioso_poca_insolacion
2017-09-11,2017,9,La Estanzuela,11.7,89,4.8,0,271.1,FALSE,0,1,humedo_lluvioso_poca_insolacion
2017-09-12,2017,9,La Estanzuela,12.4,81,10.9,0,130.9,FALSE,0,2,seco_soleado
2017-09-13,2017,9,La Estanzuela,12.8,92,2.9,0,130.6,FALSE,0,1,humedo_lluvioso_poca_insolacion
2017-09-14,2017,9,La Estanzuela,15.4,88,8.4,0,163.3,FALSE,0,2,seco_soleado
2017-09-15,2017,9,La Estanzuela,12.6,82,9.3,0,188.8,FALSE,0,2,seco_soleado
2017-09-16,2017,9,La Estanzuela,12.3,88,10.7,0,145.2,FALSE,0,2,seco_soleado
2017-09-17,2017,9,La Estanzuela,13.2,90,8.9,0,148.1,FALSE,0,2,seco_soleado
2017-09-18,2017,9,La Estanzuela,15.2,84,11,0,199.8,FALSE,0,2,seco_soleado
2017-09-19,2017,9,La Estanzuela,16.4,89,10.9,0,275.1,FALSE,0,2,seco_soleado
2017-09-20,2017,9,La Estanzuela,19.4,89,5.4,8.7,285.7,FALSE,2.272125885509337,1,humedo_lluvioso_poca_insolacion
2017-09-21,2017,9,La Estanzuela,12.2,91,0,19.7,168.4,FALSE,3.0301337002713233,1,humedo_lluvioso_poca_insolacion
2017-09-22,2017,9,La Estanzuela,12.6,93,2.7,0.1,88.8,FALSE,0.09531017980432487,1,humedo_lluvioso_poca_insolacion
2017-09-23,2017,9,La Estanzuela,12.6,87,11,0,149.4,FALSE,0,2,seco_soleado
2017-09-24,2017,9,La Estanzuela,15.4,85,10.8,0.5,218.6,FALSE,0.4054651081081644,2,seco_soleado
2017-09-25,2017,9,La Estanzuela,17.3,93,9.7,0,129.9,FALSE,0,2,seco_soleado
2017-09-26,2017,9,La Estanzuela,14,96,0,19.5,338.5,FALSE,3.0204248861443626,1,humedo_lluvioso_poca_insolacion
2017-09-27,2017,9,La Estanzuela,13,92,3.9,0,199.3,FALSE,0,1,humedo_lluvioso_poca_insolacion
2017-09-28,2017,9,La Estanzuela,13.9,88,7.4,0,223.3,FALSE,0,2,seco_soleado
2017-09-29,2017,9,La Estanzuela,13.9,90,0,0.2,156.4,FALSE,0.18232155679395465,1,humedo_lluvioso_poca_insolacion
2017-09-30,2017,9,La Estanzuela,17.4,92,4.3,27.3,192.5,FALSE,3.342861804649192,1,humedo_lluvioso_poca_insolacion
2017-10-01,2017,10,La Estanzuela,14.5,95,0,9.6,322.8,FALSE,2.3608540011180215,1,humedo_lluvioso_poca_insolacion
2017-10-02,2017,10,La Estanzuela,13.1,86,7.8,0,302.4,FALSE,0,2,seco_soleado
2017-10-03,2017,10,La Estanzuela,15,84,5,0,334,FALSE,0,1,humedo_lluvioso_poca_insolacion
2017-10-04,2017,10,La Estanzuela,19.4,75,5.2,0,473.9,FALSE,0,2,seco_soleado
2017-10-05,2017,10,La Estanzuela,18.5,85,4.1,0,131,FALSE,0,1,humedo_lluvioso_poca_insolacion
2017-10-06,2017,10,La Estanzuela,16.1,79,11.4,0,234.4,FALSE,0,2,seco_soleado
2017-10-07,2017,10,La Estanzuela,14.1,75,10.1,0,313,FALSE,0,2,seco_soleado
2017-10-08,2017,10,La Estanzuela,16.4,88,6.4,42.7,237,FALSE,3.7773481021015445,1,humedo_lluvioso_poca_insolacion
2017-10-09,2017,10,La Estanzuela,16.8,90,10.8,0,179.7,FALSE,0,2,seco_soleado
2017-10-10,2017,10,La Estanzuela,15,82,2.8,0,151.9,FALSE,0,1,humedo_lluvioso_poca_insolacion
2017-10-11,2017,10,La Estanzuela,14.2,82,7.9,10,311,FALSE,2.3978952727983707,1,humedo_lluvioso_poca_insolacion
2017-10-12,2017,10,La Estanzuela,12.4,90,0.1,2.8,264.8,FALSE,1.33500106673234,1,humedo_lluvioso_poca_insolacion
2017-10-13,2017,10,La Estanzuela,13,87,3.1,0,211.8,FALSE,0,1,humedo_lluvioso_poca_insolacion
2017-10-14,2017,10,La Estanzuela,14.3,83,11.9,0,210.1,FALSE,0,2,seco_soleado
2017-10-15,2017,10,La Estanzuela,17.3,81,11.9,0,177.3,FALSE,0,2,seco_soleado
2017-10-16,2017,10,La Estanzuela,20.6,71,10.6,0,316.4,FALSE,0,2,seco_soleado
2017-10-17,2017,10,La Estanzuela,18.7,93,7,0.6,435.7,FALSE,0.4700036292457355,1,humedo_lluvioso_poca_insolacion
2017-10-18,2017,10,La Estanzuela,17.4,95,0.6,3.2,300.6,FALSE,1.4350845252893227,1,humedo_lluvioso_poca_insolacion
2017-10-19,2017,10,La Estanzuela,14.4,83,11.5,0,207.3,FALSE,0,2,seco_soleado
2017-10-20,2017,10,La Estanzuela,16.2,84,10.4,0.6,191.2,FALSE,0.4700036292457355,2,seco_soleado
2017-10-21,2017,10,La Estanzuela,14.2,90,6.8,5.4,195,FALSE,1.8562979903656263,1,humedo_lluvioso_poca_insolacion
2017-10-22,2017,10,La Estanzuela,12.3,76,12.3,0,167.2,FALSE,0,2,seco_soleado
2017-10-23,2017,10,La Estanzuela,14.1,77,10.2,0,204.6,FALSE,0,2,seco_soleado
2017-10-24,2017,10,La Estanzuela,18.5,76,9,0,179.5,FALSE,0,2,seco_soleado
2017-10-25,2017,10,La Estanzuela,18.9,85,11.5,0,120.3,FALSE,0,2,seco_soleado
2017-10-26,2017,10,La Estanzuela,19.9,89,9.8,28.5,194.6,FALSE,3.3843902633457743,1,humedo_lluvioso_poca_insolacion
2017-10-27,2017,10,La Estanzuela,16.6,94,3.2,14.9,175.4,FALSE,2.766319109226186,1,humedo_lluvioso_poca_insolacion
2017-10-28,2017,10,La Estanzuela,17,88,11.5,0.2,214.1,FALSE,0.18232155679395465,2,seco_soleado
2017-10-29,2017,10,La Estanzuela,19.3,88,5.5,3.2,209.5,FALSE,1.4350845252893227,1,humedo_lluvioso_poca_insolacion
2017-10-30,2017,10,La Estanzuela,17.3,84,11.6,0,125.3,FALSE,0,2,seco_soleado
2017-10-31,2017,10,La Estanzuela,18.9,76,12,0,146.4,FALSE,0,2,seco_soleado
2017-11-01,2017,11,La Estanzuela,19.4,77,7,0,333.8,FALSE,0,2,seco_soleado
2017-11-02,2017,11,La Estanzuela,15.9,90,0,31,194.3,FALSE,3.4657359027997265,1,humedo_lluvioso_poca_insolacion
2017-11-03,2017,11,La Estanzuela,18,86,11.7,0,194.8,FALSE,0,2,seco_soleado
2017-11-04,2017,11,La Estanzuela,17.3,87,12.7,0.3,187.3,FALSE,0.26236426446749106,2,seco_soleado
2017-11-05,2017,11,La Estanzuela,18.2,81,10.3,0,155,FALSE,0,2,seco_soleado
2017-11-06,2017,11,La Estanzuela,19.1,81,11.4,0,177.7,FALSE,0,2,seco_soleado
2017-11-07,2017,11,La Estanzuela,18.9,86,1.4,0,179.3,FALSE,0,1,humedo_lluvioso_poca_insolacion
2017-11-08,2017,11,La Estanzuela,21,86,7.4,0,204.8,FALSE,0,2,seco_soleado
2017-11-09,2017,11,La Estanzuela,20.6,80,11.9,0,237.1,FALSE,0,2,seco_soleado
2017-11-10,2017,11,La Estanzuela,20.8,79,12.5,0,262.7,FALSE,0,2,seco_soleado
2017-11-11,2017,11,La Estanzuela,17.5,76,12.7,0,229.9,FALSE,0,2,seco_soleado
2017-11-12,2017,11,La Estanzuela,18.5,76,12.7,0,106.1,FALSE,0,2,seco_soleado
2017-11-13,2017,11,La Estanzuela,20.8,71,12.6,0,244.1,FALSE,0,2,seco_soleado
2017-11-14,2017,11,La Estanzuela,23,73,11.8,0,176.4,FALSE,0,2,seco_soleado
2017-11-15,2017,11,La Estanzuela,23.3,72,9.9,3.6,353.5,FALSE,1.5260563034950494,2,seco_soleado
2017-11-16,2017,11,La Estanzuela,16.1,81,11.3,0,202.5,FALSE,0,2,seco_soleado
2017-11-17,2017,11,La Estanzuela,18.5,77,11.9,0.2,323,FALSE,0.18232155679395465,2,seco_soleado
2017-11-18,2017,11,La Estanzuela,13.4,81,12.6,0,342.6,FALSE,0,2,seco_soleado
2017-11-19,2017,11,La Estanzuela,16.9,77,11.1,0.2,328.5,FALSE,0.18232155679395465,2,seco_soleado
2017-11-20,2017,11,La Estanzuela,12.7,93,0,25.9,164,FALSE,3.292126286607793,1,humedo_lluvioso_poca_insolacion
2017-11-21,2017,11,La Estanzuela,15.7,79,10.4,0,168,FALSE,0,2,seco_soleado
2017-11-22,2017,11,La Estanzuela,18,75,12.3,0,372,FALSE,0,2,seco_soleado
2017-11-23,2017,11,La Estanzuela,20.7,76,8.8,0,356,FALSE,0,2,seco_soleado
2017-11-24,2017,11,La Estanzuela,13.7,77,8.7,0,153.6,FALSE,0,2,seco_soleado
2017-11-25,2017,11,La Estanzuela,15.4,83,12.7,0,189.9,FALSE,0,2,seco_soleado
2017-11-26,2017,11,La Estanzuela,20.1,78,12.8,0,176.7,FALSE,0,2,seco_soleado
2017-11-27,2017,11,La Estanzuela,16.8,84,11.3,0,264.4,FALSE,0,2,seco_soleado
2017-11-28,2017,11,La Estanzuela,15.4,76,12.8,0,249.1,FALSE,0,2,seco_soleado
2017-11-29,2017,11,La Estanzuela,20.4,59,11.4,0,273.7,FALSE,0,2,seco_soleado
2017-11-30,2017,11,La Estanzuela,21.6,55,12.3,0,314.6,FALSE,0,2,seco_soleado
2017-12-01,2017,12,La Estanzuela,20.6,69,10.9,0,254.8,FALSE,0,2,seco_soleado
2017-12-02,2017,12,La Estanzuela,20.7,77,5.3,0.6,171,FALSE,0.4700036292457355,2,seco_soleado
2017-12-03,2017,12,La Estanzuela,20.2,85,2,0,239.8,FALSE,0,1,humedo_lluvioso_poca_insolacion
2017-12-04,2017,12,La Estanzuela,18.5,78,10.6,0,242.2,FALSE,0,2,seco_soleado
2017-12-05,2017,12,La Estanzuela,19.6,74,11.9,0,233.7,FALSE,0,2,seco_soleado
2017-12-06,2017,12,La Estanzuela,23.2,69,11,5.5,150.7,FALSE,1.8718021769015913,2,seco_soleado
2017-12-07,2017,12,La Estanzuela,20.9,78,13.1,0,199.2,FALSE,0,2,seco_soleado
2017-12-08,2017,12,La Estanzuela,23.4,69,9.2,0,222.5,FALSE,0,2,seco_soleado
2017-12-09,2017,12,La Estanzuela,26.5,53,12.9,0,253,FALSE,0,2,seco_soleado
2017-12-10,2017,12,La Estanzuela,22.7,60,12.8,0,348.8,FALSE,0,2,seco_soleado
2017-12-11,2017,12,La Estanzuela,16.9,73,12.9,0,300.5,FALSE,0,2,seco_soleado
2017-12-12,2017,12,La Estanzuela,21.8,55,13.3,0,188.1,FALSE,0,2,seco_soleado
2017-12-13,2017,12,La Estanzuela,23.9,58,3,4.3,219.2,FALSE,1.667706820558076,1,humedo_lluvioso_poca_insolacion
2017-12-14,2017,12,La Estanzuela,23.8,68,13,0,255.3,FALSE,0,2,seco_soleado
2017-12-15,2017,12,La Estanzuela,26.1,58,13.1,0,150.6,FALSE,0,2,seco_soleado
2017-12-16,2017,12,La Estanzuela,25.3,58,2.7,45.8,303,FALSE,3.845883202923601,1,humedo_lluvioso_poca_insolacion
2017-12-17,2017,12,La Estanzuela,18.7,80,9.4,0,242.6,FALSE,0,2,seco_soleado
2017-12-18,2017,12,La Estanzuela,16.6,64,12.9,0,245.1,FALSE,0,2,seco_soleado
2017-12-19,2017,12,La Estanzuela,15.7,88,0,17,160.6,FALSE,2.8903717578961645,1,humedo_lluvioso_poca_insolacion
2017-12-20,2017,12,La Estanzuela,22,76,13.2,0,229.7,FALSE,0,2,seco_soleado
2017-12-21,2017,12,La Estanzuela,25.1,78,7.1,15.8,184.1,FALSE,2.8213788864092133,1,humedo_lluvioso_poca_insolacion
2017-12-22,2017,12,La Estanzuela,26.5,74,11.5,5.8,229.5,FALSE,1.916922612182061,2,seco_soleado
2017-12-23,2017,12,La Estanzuela,20,80,1.5,0.3,219.3,FALSE,0.26236426446749106,1,humedo_lluvioso_poca_insolacion
2017-12-24,2017,12,La Estanzuela,17.7,63,13.3,0,158.2,FALSE,0,2,seco_soleado
2017-12-25,2017,12,La Estanzuela,22.7,61,13.1,0,207.1,FALSE,0,2,seco_soleado
2017-12-26,2017,12,La Estanzuela,25.6,57,12.9,5.1,176.8,FALSE,1.8082887711792655,2,seco_soleado
2017-12-27,2017,12,La Estanzuela,24.2,78,9.7,0,180.3,FALSE,0,2,seco_soleado
2017-12-28,2017,12,La Estanzuela,26.3,64,12.2,0,130.7,FALSE,0,2,seco_soleado
2017-12-29,2017,12,La Estanzuela,27.2,63,13,0,137.6,FALSE,0,2,seco_soleado
2017-12-30,2017,12,La Estanzuela,28.5,54,13,26.9,228.5,FALSE,3.32862668882732,2,seco_soleado
2017-12-31,2017,12,La Estanzuela,21,77,0.1,0.7,209.8,FALSE,0.5306282510621704,1,humedo_lluvioso_poca_insolacion
2018-01-01,2018,1,La Estanzuela,20.8,72,9.5,0,155.1,FALSE,0,2,seco_soleado
2018-01-02,2018,1,La Estanzuela,22.5,63,10.8,0,182.9,FALSE,0,2,seco_soleado
2018-01-03,2018,1,La Estanzuela,24.6,55,12.6,0,249.9,FALSE,0,2,seco_soleado
2018-01-04,2018,1,La Estanzuela,28,53,12.8,0,274.1,FALSE,0,2,seco_soleado
2018-01-05,2018,1,La Estanzuela,21.9,77,1.7,5.2,123.6,FALSE,1.824549292051046,1,humedo_lluvioso_poca_insolacion
2018-01-06,2018,1,La Estanzuela,20.6,55,13.2,0,228.7,FALSE,0,2,seco_soleado
2018-01-07,2018,1,La Estanzuela,23.4,51,12.7,0,221,FALSE,0,2,seco_soleado
2018-01-08,2018,1,La Estanzuela,24.8,54,13.3,0,214.9,FALSE,0,2,seco_soleado
2018-01-09,2018,1,La Estanzuela,25.2,54,13.3,0,289.4,FALSE,0,2,seco_soleado
2018-01-10,2018,1,La Estanzuela,26.5,67,11.1,3.3,198.7,FALSE,1.4586150226995167,2,seco_soleado
2018-01-11,2018,1,La Estanzuela,29.4,59,12,1.8,216.9,FALSE,1.0296194171811583,2,seco_soleado
2018-01-12,2018,1,La Estanzuela,25.4,80,5.5,17.3,165.6,FALSE,2.9069010598473755,1,humedo_lluvioso_poca_insolacion
2018-01-13,2018,1,La Estanzuela,24.3,83,6.4,54.2,243.2,FALSE,4.01096295328305,1,humedo_lluvioso_poca_insolacion
2018-01-14,2018,1,La Estanzuela,21,92,0,67.5,259.1,FALSE,4.22683374526818,1,humedo_lluvioso_poca_insolacion
2018-01-15,2018,1,La Estanzuela,21.5,81,11.6,0,166.9,FALSE,0,2,seco_soleado
2018-01-16,2018,1,La Estanzuela,22.1,80,12,0,180.6,FALSE,0,2,seco_soleado
2018-01-17,2018,1,La Estanzuela,22.3,85,4.2,1.2,131.6,FALSE,0.7884573603642702,1,humedo_lluvioso_poca_insolacion
2018-01-18,2018,1,La Estanzuela,23.9,75,10.9,0,168.9,FALSE,0,2,seco_soleado
2018-01-19,2018,1,La Estanzuela,24.3,70,12.8,0,153.7,FALSE,0,2,seco_soleado
2018-01-20,2018,1,La Estanzuela,23.8,75,12.4,0,137.9,FALSE,0,2,seco_soleado
2018-01-21,2018,1,La Estanzuela,24.6,75,8,0,145.9,FALSE,0,2,seco_soleado
2018-01-22,2018,1,La Estanzuela,24.8,84,12,0,129.2,FALSE,0,2,seco_soleado
2018-01-23,2018,1,La Estanzuela,24.5,75,10.7,2.9,194.3,FALSE,1.3609765531356006,2,seco_soleado
2018-01-24,2018,1,La Estanzuela,20.4,71,8,0,220.3,FALSE,0,2,seco_soleado
2018-01-25,2018,1,La Estanzuela,19.8,69,11.2,0,242.6,FALSE,0,2,seco_soleado
2018-01-26,2018,1,La Estanzuela,23,62,9.1,0,313.4,FALSE,0,2,seco_soleado
2018-01-27,2018,1,La Estanzuela,23.5,76,6.6,0,137.1,FALSE,0,2,seco_soleado
2018-01-28,2018,1,La Estanzuela,23.1,74,12.4,0,198.1,FALSE,0,2,seco_soleado
2018-01-29,2018,1,La Estanzuela,21.1,62,12.8,0,258.7,FALSE,0,2,seco_soleado
2018-01-30,2018,1,La Estanzuela,23.7,65,12.8,0,209.8,FALSE,0,2,seco_soleado
2018-01-31,2018,1,La Estanzuela,24.6,69,12.5,0,163.9,FALSE,0,2,seco_soleado
2018-02-01,2018,2,La Estanzuela,24.9,77,11.7,0,131.6,FALSE,0,2,seco_soleado
2018-02-02,2018,2,La Estanzuela,23.3,76,12.1,0,204.8,FALSE,0,2,seco_soleado
2018-02-03,2018,2,La Estanzuela,23.9,74,12.5,0,219.8,FALSE,0,2,seco_soleado
2018-02-04,2018,2,La Estanzuela,24.2,69,10.1,0,221.2,FALSE,0,2,seco_soleado
2018-02-05,2018,2,La Estanzuela,24.6,69,12.3,0,157.8,FALSE,0,2,seco_soleado
2018-02-06,2018,2,La Estanzuela,25.4,82,12.6,0,191.7,FALSE,0,2,seco_soleado
2018-02-07,2018,2,La Estanzuela,26.5,66,11.8,0,230.7,FALSE,0,2,seco_soleado
2018-02-08,2018,2,La Estanzuela,28.8,55,10.3,0,319.2,FALSE,0,2,seco_soleado
2018-02-09,2018,2,La Estanzuela,22.1,83,1.8,33.5,166.1,FALSE,3.5409593240373143,1,humedo_lluvioso_poca_insolacion
2018-02-10,2018,2,La Estanzuela,23.2,73,10.6,42,152.4,FALSE,3.7612001156935624,1,humedo_lluvioso_poca_insolacion
2018-02-11,2018,2,La Estanzuela,18.6,71,6.7,0,164.2,FALSE,0,2,seco_soleado
2018-02-12,2018,2,La Estanzuela,18,51,12.5,0,130.8,FALSE,0,2,seco_soleado
2018-02-13,2018,2,La Estanzuela,18.8,62,12.7,0,152.6,FALSE,0,2,seco_soleado
2018-02-14,2018,2,La Estanzuela,21.6,58,12.6,0,231.4,FALSE,0,2,seco_soleado
2018-02-15,2018,2,La Estanzuela,23.4,65,12.1,0,254.4,FALSE,0,2,seco_soleado
2018-02-16,2018,2,La Estanzuela,23.7,66,12.3,0,222.6,FALSE,0,2,seco_soleado
2018-02-17,2018,2,La Estanzuela,24.4,74,12.1,0,197.3,FALSE,0,2,seco_soleado
2018-02-18,2018,2,La Estanzuela,26.6,75,11.8,0,152,FALSE,0,2,seco_soleado
2018-02-19,2018,2,La Estanzuela,24.1,75,5.3,0.6,114.5,FALSE,0.4700036292457355,2,seco_soleado
2018-02-20,2018,2,La Estanzuela,22.1,86,7.6,0,197.3,FALSE,0,2,seco_soleado
2018-02-21,2018,2,La Estanzuela,20.8,78,4.8,0,155.7,FALSE,0,2,seco_soleado
2018-02-22,2018,2,La Estanzuela,19.7,71,12.4,0,145.5,FALSE,0,2,seco_soleado
2018-02-23,2018,2,La Estanzuela,20.9,70,9.9,0,124.8,FALSE,0,2,seco_soleado
2018-02-24,2018,2,La Estanzuela,20.3,77,10.6,0,170.8,FALSE,0,2,seco_soleado
2018-02-25,2018,2,La Estanzuela,20.3,76,10.1,0,173.6,FALSE,0,2,seco_soleado
2018-02-26,2018,2,La Estanzuela,20.2,77,10.3,0,193.6,FALSE,0,2,seco_soleado
2018-02-27,2018,2,La Estanzuela,22.7,69,8.8,0,176.9,FALSE,0,2,seco_soleado
2018-02-28,2018,2,La Estanzuela,21.3,77,8.8,0,170.9,FALSE,0,2,seco_soleado
2018-03-01,2018,3,La Estanzuela,23.5,73,10.3,0,124.5,FALSE,0,2,seco_soleado
2018-03-02,2018,3,La Estanzuela,24.1,67,11.5,0,157.1,FALSE,0,2,seco_soleado
2018-03-03,2018,3,La Estanzuela,24.3,68,8.6,0,123.3,FALSE,0,2,seco_soleado
2018-03-04,2018,3,La Estanzuela,24.6,70,11.1,0,142.4,FALSE,0,2,seco_soleado
2018-03-05,2018,3,La Estanzuela,22.5,75,7.6,0,207.6,FALSE,0,2,seco_soleado
2018-03-06,2018,3,La Estanzuela,17.9,69,11.3,0,140.7,FALSE,0,2,seco_soleado
2018-03-07,2018,3,La Estanzuela,18.3,61,11.8,0,153.6,FALSE,0,2,seco_soleado
2018-03-08,2018,3,La Estanzuela,20.9,56,11.5,0,195.6,FALSE,0,2,seco_soleado
2018-03-09,2018,3,La Estanzuela,23.5,51,10.4,0,164.3,FALSE,0,2,seco_soleado
2018-03-10,2018,3,La Estanzuela,23.7,63,10.5,5.7,236.4,FALSE,1.9021075263969205,2,seco_soleado
2018-03-11,2018,3,La Estanzuela,18.8,71,10.3,0,236.4,FALSE,0,2,seco_soleado
2018-03-12,2018,3,La Estanzuela,18.3,60,11.6,0,140.3,FALSE,0,2,seco_soleado
2018-03-13,2018,3,La Estanzuela,20.1,60,11.3,0,213,FALSE,0,2,seco_soleado
2018-03-14,2018,3,La Estanzuela,21.1,69,9.8,0,316.4,FALSE,0,2,seco_soleado
2018-03-15,2018,3,La Estanzuela,17.5,62,11.7,0,189.1,FALSE,0,2,seco_soleado
2018-03-16,2018,3,La Estanzuela,19.9,62,11.4,0,152.7,FALSE,0,2,seco_soleado
2018-03-17,2018,3,La Estanzuela,20.8,78,4.3,110,306.3,FALSE,4.709530201312334,1,humedo_lluvioso_poca_insolacion
2018-03-18,2018,3,La Estanzuela,20.2,84,1.4,15,464.9,FALSE,2.772588722239781,1,humedo_lluvioso_poca_insolacion
2018-03-19,2018,3,La Estanzuela,17.5,78,11.2,0,188.3,FALSE,0,2,seco_soleado
2018-03-20,2018,3,La Estanzuela,17.7,80,11,0,262.7,FALSE,0,2,seco_soleado
2018-03-21,2018,3,La Estanzuela,15.8,79,10.9,0,207.1,FALSE,0,2,seco_soleado
2018-03-22,2018,3,La Estanzuela,18,84,8,0,219.1,FALSE,0,2,seco_soleado
2018-03-23,2018,3,La Estanzuela,22.6,66,8.3,0,183.8,FALSE,0,2,seco_soleado
2018-03-24,2018,3,La Estanzuela,19.7,87,3.9,37.1,235.9,FALSE,3.6402142821326553,1,humedo_lluvioso_poca_insolacion
2018-03-25,2018,3,La Estanzuela,14,86,8.9,0,159.8,FALSE,0,2,seco_soleado
2018-03-26,2018,3,La Estanzuela,14.8,84,10.3,0,142.8,FALSE,0,2,seco_soleado
2018-03-27,2018,3,La Estanzuela,17.5,86,10.2,0,205.2,FALSE,0,2,seco_soleado
2018-03-28,2018,3,La Estanzuela,20,89,10.5,0,166.7,FALSE,0,2,seco_soleado
2018-03-29,2018,3,La Estanzuela,21.8,88,10.5,0,133.6,FALSE,0,2,seco_soleado
2018-03-30,2018,3,La Estanzuela,23,85,11.1,0,132.6,FALSE,0,2,seco_soleado
2018-03-31,2018,3,La Estanzuela,21.4,89,9.5,0,166.5,FALSE,0,2,seco_soleado
2018-04-01,2018,4,La Estanzuela,19.9,92,5.5,0,207.7,FALSE,0,1,humedo_lluvioso_poca_insolacion
2018-04-02,2018,4,La Estanzuela,19.6,97,9.2,0.5,116.4,FALSE,0.4054651081081644,2,seco_soleado
2018-04-03,2018,4,La Estanzuela,18.2,94,10.5,0,115.2,FALSE,0,2,seco_soleado
2018-04-04,2018,4,La Estanzuela,19.8,91,10.7,0,119.1,FALSE,0,2,seco_soleado
2018-04-05,2018,4,La Estanzuela,22.2,86,10.1,0,184.4,FALSE,0,2,seco_soleado
2018-04-06,2018,4,La Estanzuela,19.7,95,0.7,18.5,137.4,FALSE,2.970414465569701,1,humedo_lluvioso_poca_insolacion
2018-04-07,2018,4,La Estanzuela,19,97,1.5,1.8,78.2,FALSE,1.0296194171811583,1,humedo_lluvioso_poca_insolacion
2018-04-08,2018,4,La Estanzuela,19.1,95,0.8,1.4,120.7,FALSE,0.8754687373538999,1,humedo_lluvioso_poca_insolacion
2018-04-09,2018,4,La Estanzuela,23.4,90,10.6,1.4,325.3,FALSE,0.8754687373538999,2,seco_soleado
2018-04-10,2018,4,La Estanzuela,25,87,6.6,0,299.5,FALSE,0,2,seco_soleado
2018-04-11,2018,4,La Estanzuela,26.7,83,7.9,3.5,319.4,FALSE,1.5040773967762742,1,humedo_lluvioso_poca_insolacion
2018-04-12,2018,4,La Estanzuela,18.5,81,4.4,0,158.4,FALSE,0,2,seco_soleado
2018-04-13,2018,4,La Estanzuela,14.1,83,7,0,153.7,FALSE,0,2,seco_soleado
2018-04-14,2018,4,La Estanzuela,15.6,89,10.6,0,188.8,FALSE,0,2,seco_soleado
2018-04-15,2018,4,La Estanzuela,18.3,91,10.7,0,260.1,FALSE,0,2,seco_soleado
2018-04-16,2018,4,La Estanzuela,20.3,91,8.3,0,290.2,FALSE,0,2,seco_soleado
2018-04-17,2018,4,La Estanzuela,21.7,91,6.4,0,183.2,FALSE,0,2,seco_soleado
2018-04-18,2018,4,La Estanzuela,23.2,91,9,0,223,FALSE,0,2,seco_soleado
2018-04-19,2018,4,La Estanzuela,23.7,90,9.2,2.6,180.3,FALSE,1.2809338454620642,2,seco_soleado
2018-04-20,2018,4,La Estanzuela,21.8,91,0.7,2.3,217.2,FALSE,1.1939224684724346,1,humedo_lluvioso_poca_insolacion
2018-04-21,2018,4,La Estanzuela,20.5,97,1.5,0.2,67.4,FALSE,0.18232155679395465,1,humedo_lluvioso_poca_insolacion
2018-04-22,2018,4,La Estanzuela,20.1,96,6.6,9,126.1,FALSE,2.302585092994046,1,humedo_lluvioso_poca_insolacion
2018-04-23,2018,4,La Estanzuela,20,95,1,0,180.1,FALSE,0,1,humedo_lluvioso_poca_insolacion
2018-04-24,2018,4,La Estanzuela,20.3,91,2.7,1.2,155.1,FALSE,0.7884573603642702,1,humedo_lluvioso_poca_insolacion
2018-04-25,2018,4,La Estanzuela,20.9,94,0.3,0,140.2,FALSE,0,1,humedo_lluvioso_poca_insolacion
2018-04-26,2018,4,La Estanzuela,22.7,91,1.1,0,247.4,FALSE,0,1,humedo_lluvioso_poca_insolacion
2018-04-27,2018,4,La Estanzuela,24.4,90,5.7,0.4,191.8,FALSE,0.33647223662121295,1,humedo_lluvioso_poca_insolacion
2018-04-28,2018,4,La Estanzuela,19.8,98,0,67.3,175,FALSE,4.223909766576744,1,humedo_lluvioso_poca_insolacion
2018-04-29,2018,4,La Estanzuela,19,98,0,23.5,116,FALSE,3.1986731175506815,1,humedo_lluvioso_poca_insolacion
2018-04-30,2018,4,La Estanzuela,18,91,3.7,0,203.8,FALSE,0,1,humedo_lluvioso_poca_insolacion
2018-05-01,2018,5,La Estanzuela,14.7,87,1.4,0.8,183.7,FALSE,0.5877866649021191,1,humedo_lluvioso_poca_insolacion
2018-05-02,2018,5,La Estanzuela,16,96,0,9.6,193.7,FALSE,2.3608540011180215,1,humedo_lluvioso_poca_insolacion
2018-05-03,2018,5,La Estanzuela,17.5,95,5.3,3.5,112.3,FALSE,1.5040773967762742,1,humedo_lluvioso_poca_insolacion
2018-05-04,2018,5,La Estanzuela,17.5,96,0,0,144.5,FALSE,0,1,humedo_lluvioso_poca_insolacion
2018-05-05,2018,5,La Estanzuela,18.1,97,0,0,147,FALSE,0,1,humedo_lluvioso_poca_insolacion
2018-05-06,2018,5,La Estanzuela,18.7,92,7,0,216.2,FALSE,0,2,seco_soleado
2018-05-07,2018,5,La Estanzuela,19.6,87,6.2,0,303.8,FALSE,0,2,seco_soleado
2018-05-08,2018,5,La Estanzuela,18.2,96,0,26.9,185.2,FALSE,3.32862668882732,1,humedo_lluvioso_poca_insolacion
2018-05-09,2018,5,La Estanzuela,19.2,95,0.3,0.1,91.5,FALSE,0.09531017980432487,1,humedo_lluvioso_poca_insolacion
2018-05-10,2018,5,La Estanzuela,18.4,96,0,32.5,281.2,FALSE,3.5115454388310208,1,humedo_lluvioso_poca_insolacion
2018-05-11,2018,5,La Estanzuela,16.6,95,5.3,1.9,216.1,FALSE,1.0647107369924282,1,humedo_lluvioso_poca_insolacion
2018-05-12,2018,5,La Estanzuela,15.1,95,9.5,0,84.6,FALSE,0,2,seco_soleado
2018-05-13,2018,5,La Estanzuela,15.3,88,5,0,170.7,FALSE,0,1,humedo_lluvioso_poca_insolacion
2018-05-14,2018,5,La Estanzuela,15.9,89,1.3,0,180.2,FALSE,0,1,humedo_lluvioso_poca_insolacion
2018-05-15,2018,5,La Estanzuela,15.1,89,7.9,0,169.6,FALSE,0,2,seco_soleado
2018-05-16,2018,5,La Estanzuela,10.9,81,8.1,0,93.4,FALSE,0,2,seco_soleado
2018-05-17,2018,5,La Estanzuela,9.4,94,0,2.8,143.2,FALSE,1.33500106673234,1,humedo_lluvioso_poca_insolacion
2018-05-18,2018,5,La Estanzuela,11.9,87,8,0,224.6,FALSE,0,2,seco_soleado
2018-05-19,2018,5,La Estanzuela,11.9,92,0,0,208.2,FALSE,0,1,humedo_lluvioso_poca_insolacion
2018-05-20,2018,5,La Estanzuela,12.1,88,4.6,0,89.2,FALSE,0,1,humedo_lluvioso_poca_insolacion
2018-05-21,2018,5,La Estanzuela,11.4,90,5.8,0,140,FALSE,0,1,humedo_lluvioso_poca_insolacion
2018-05-22,2018,5,La Estanzuela,10.6,82,8.6,0,202.3,FALSE,0,2,seco_soleado
2018-05-23,2018,5,La Estanzuela,12.1,82,9.5,0,221,FALSE,0,2,seco_soleado
2018-05-24,2018,5,La Estanzuela,12.6,84,9.5,0,133,FALSE,0,2,seco_soleado
2018-05-25,2018,5,La Estanzuela,12.3,90,9.5,0,164,FALSE,0,2,seco_soleado
2018-05-26,2018,5,La Estanzuela,13.6,89,9.3,0,202.4,FALSE,0,2,seco_soleado
2018-05-27,2018,5,La Estanzuela,17.6,90,7.6,0,195.2,FALSE,0,2,seco_soleado
2018-05-28,2018,5,La Estanzuela,21.5,90,2.7,0,419.5,FALSE,0,1,humedo_lluvioso_poca_insolacion
2018-05-29,2018,5,La Estanzuela,21.3,86,2.1,43.7,310.6,FALSE,3.7999735016195233,1,humedo_lluvioso_poca_insolacion
2018-05-30,2018,5,La Estanzuela,15.5,97,0,0.9,239.8,FALSE,0.6418538861723948,1,humedo_lluvioso_poca_insolacion
2018-05-31,2018,5,La Estanzuela,12.4,93,0,15.7,271.1,FALSE,2.8154087194227095,1,humedo_lluvioso_poca_insolacion
2018-06-01,2018,6,La Estanzuela,10,91,0.1,0,199.4,FALSE,0,1,humedo_lluvioso_poca_insolacion
2018-06-02,2018,6,La Estanzuela,8.9,87,6.8,0,150,FALSE,0,2,seco_soleado
2018-06-03,2018,6,La Estanzuela,9.3,87,6.6,0,104.8,FALSE,0,2,seco_soleado
2018-06-04,2018,6,La Estanzuela,9.8,94,0,0.3,69.9,FALSE,0.26236426446749106,1,humedo_lluvioso_poca_insolacion
2018-06-05,2018,6,La Estanzuela,9.8,95,7.3,0,155.7,FALSE,0,1,humedo_lluvioso_poca_insolacion
2018-06-06,2018,6,La Estanzuela,10.6,87,7.2,0,305.4,FALSE,0,2,seco_soleado
2018-06-07,2018,6,La Estanzuela,8,90,7.2,0,281.4,FALSE,0,1,humedo_lluvioso_poca_insolacion
2018-06-08,2018,6,La Estanzuela,8,86,6.9,0,249.2,FALSE,0,2,seco_soleado
2018-06-09,2018,6,La Estanzuela,11.9,85,6.1,0,215.2,FALSE,0,2,seco_soleado
2018-06-10,2018,6,La Estanzuela,13.9,96,0,0,124.2,FALSE,0,1,humedo_lluvioso_poca_insolacion
2018-06-11,2018,6,La Estanzuela,12.6,98,0.6,0.1,173.7,FALSE,0.09531017980432487,1,humedo_lluvioso_poca_insolacion
2018-06-12,2018,6,La Estanzuela,10.5,97,2.9,4.3,613.8,FALSE,1.667706820558076,1,humedo_lluvioso_poca_insolacion
2018-06-13,2018,6,La Estanzuela,8.2,92,3.7,0.1,263.4,FALSE,0.09531017980432487,1,humedo_lluvioso_poca_insolacion
2018-06-14,2018,6,La Estanzuela,6.5,92,5.7,0,142.3,FALSE,0,1,humedo_lluvioso_poca_insolacion
2018-06-15,2018,6,La Estanzuela,5.6,90,8.2,0,89.3,FALSE,0,2,seco_soleado
2018-06-16,2018,6,La Estanzuela,5.8,79,9,0,114.8,FALSE,0,2,seco_soleado
2018-06-17,2018,6,La Estanzuela,6.9,76,9.1,0,214.6,FALSE,0,2,seco_soleado
2018-06-18,2018,6,La Estanzuela,10.4,77,9.1,0,253.1,FALSE,0,2,seco_soleado
2018-06-19,2018,6,La Estanzuela,11.8,82,2.4,0,224.9,FALSE,0,1,humedo_lluvioso_poca_insolacion
2018-06-20,2018,6,La Estanzuela,15.7,89,8.4,6.6,266.8,FALSE,2.028148247292285,1,humedo_lluvioso_poca_insolacion
2018-06-21,2018,6,La Estanzuela,12.3,90,9,0,246.5,FALSE,0,2,seco_soleado
2018-06-22,2018,6,La Estanzuela,9.4,82,8.1,0.1,171.9,FALSE,0.09531017980432487,2,seco_soleado
2018-06-23,2018,6,La Estanzuela,10.7,83,7,0,226.7,FALSE,0,2,seco_soleado
2018-06-24,2018,6,La Estanzuela,4.8,76,9,0,92.8,FALSE,0,2,seco_soleado
2018-06-25,2018,6,La Estanzuela,6.6,78,8.5,0,241.9,FALSE,0,2,seco_soleado
2018-06-26,2018,6,La Estanzuela,8.9,82,6.7,0,232,FALSE,0,2,seco_soleado
2018-06-27,2018,6,La Estanzuela,10.9,85,8.8,0,176.9,FALSE,0,2,seco_soleado
2018-06-28,2018,6,La Estanzuela,13.1,90,7.2,0,135.3,FALSE,0,2,seco_soleado
2018-06-29,2018,6,La Estanzuela,13.2,93,3.2,0,108.5,FALSE,0,1,humedo_lluvioso_poca_insolacion
2018-06-30,2018,6,La Estanzuela,10.5,93,8.6,0,146.7,FALSE,0,2,seco_soleado
2018-07-01,2018,7,La Estanzuela,13.6,100,0,0.1,135.4,FALSE,0.09531017980432487,1,humedo_lluvioso_poca_insolacion
2018-07-02,2018,7,La Estanzuela,10.2,94,1.3,0,188.4,FALSE,0,1,humedo_lluvioso_poca_insolacion
2018-07-03,2018,7,La Estanzuela,6.3,83,2.9,0,122.2,FALSE,0,1,humedo_lluvioso_poca_insolacion
2018-07-04,2018,7,La Estanzuela,6.9,86,0.8,0,137.2,FALSE,0,1,humedo_lluvioso_poca_insolacion
2018-07-05,2018,7,La Estanzuela,8.1,88,0.7,0,206.2,FALSE,0,1,humedo_lluvioso_poca_insolacion
2018-07-06,2018,7,La Estanzuela,8.7,91,0.6,9.1,187.8,FALSE,2.3125354238472138,1,humedo_lluvioso_poca_insolacion
2018-07-07,2018,7,La Estanzuela,10.9,99,0,5.5,267.3,FALSE,1.8718021769015913,1,humedo_lluvioso_poca_insolacion
2018-07-08,2018,7,La Estanzuela,10,93,8,0,160.4,FALSE,0,2,seco_soleado
2018-07-09,2018,7,La Estanzuela,8.2,91,3.5,0,86.3,FALSE,0,1,humedo_lluvioso_poca_insolacion
2018-07-10,2018,7,La Estanzuela,6.5,93,3,0,122.2,FALSE,0,1,humedo_lluvioso_poca_insolacion
2018-07-11,2018,7,La Estanzuela,8.9,89,7,0,179,FALSE,0,2,seco_soleado
2018-07-12,2018,7,La Estanzuela,9.5,92,7,0,222,FALSE,0,1,humedo_lluvioso_poca_insolacion
2018-07-13,2018,7,La Estanzuela,11.4,91,2.8,0,161.3,FALSE,0,1,humedo_lluvioso_poca_insolacion
2018-07-14,2018,7,La Estanzuela,14.3,87,6.4,0,149.4,FALSE,0,2,seco_soleado
2018-07-15,2018,7,La Estanzuela,11.4,89,3.6,0,201.6,FALSE,0,1,humedo_lluvioso_poca_insolacion
2018-07-16,2018,7,La Estanzuela,8.8,90,6.4,0,268.4,FALSE,0,1,humedo_lluvioso_poca_insolacion
2018-07-17,2018,7,La Estanzuela,11,95,0,0,239.1,FALSE,0,1,humedo_lluvioso_poca_insolacion
2018-07-18,2018,7,La Estanzuela,12.8,98,0,24,116,FALSE,3.2188758248682006,1,humedo_lluvioso_poca_insolacion
2018-07-19,2018,7,La Estanzuela,12.4,98,0,21.1,362.8,FALSE,3.095577608523707,1,humedo_lluvioso_poca_insolacion
2018-07-20,2018,7,La Estanzuela,8,93,0.4,0.5,602.5,FALSE,0.4054651081081644,1,humedo_lluvioso_poca_insolacion
2018-07-21,2018,7,La Estanzuela,6.9,85,9.4,0,276.1,FALSE,0,2,seco_soleado
2018-07-22,2018,7,La Estanzuela,7.4,86,0.1,0,410.1,FALSE,0,1,humedo_lluvioso_poca_insolacion
2018-07-23,2018,7,La Estanzuela,6.7,85,8.7,0,82.3,FALSE,0,2,seco_soleado
2018-07-24,2018,7,La Estanzuela,6.4,92,7.9,0,181.4,FALSE,0,2,seco_soleado
2018-07-25,2018,7,La Estanzuela,8.9,94,0,46.1,216.3,FALSE,3.8522730010223722,1,humedo_lluvioso_poca_insolacion
2018-07-26,2018,7,La Estanzuela,12.6,97,0.3,1.7,86.6,FALSE,0.9932517730102833,1,humedo_lluvioso_poca_insolacion
2018-07-27,2018,7,La Estanzuela,11.8,99,0,2.4,103.2,FALSE,1.2237754316221157,1,humedo_lluvioso_poca_insolacion
2018-07-28,2018,7,La Estanzuela,11.2,99,0,3,317,FALSE,1.3862943611198906,1,humedo_lluvioso_poca_insolacion
2018-07-29,2018,7,La Estanzuela,10.6,94,0,0,306.7,FALSE,0,1,humedo_lluvioso_poca_insolacion
2018-07-30,2018,7,La Estanzuela,8.9,92,8.3,0,163.9,FALSE,0,2,seco_soleado
2018-07-31,2018,7,La Estanzuela,6.8,80,9.5,0,105.1,FALSE,0,2,seco_soleado
2018-08-01,2018,8,La Estanzuela,5.7,87,9.5,0,121.5,FALSE,0,2,seco_soleado
2018-08-02,2018,8,La Estanzuela,6.5,83,9.4,0,159.9,FALSE,0,2,seco_soleado
2018-08-03,2018,8,La Estanzuela,9.3,96,2.4,0,170.8,FALSE,0,1,humedo_lluvioso_poca_insolacion
2018-08-04,2018,8,La Estanzuela,10.2,96,3.3,0,119.3,FALSE,0,1,humedo_lluvioso_poca_insolacion
2018-08-05,2018,8,La Estanzuela,9.9,88,8,0,155.4,FALSE,0,2,seco_soleado
2018-08-06,2018,8,La Estanzuela,11.8,87,8.7,0,334.1,FALSE,0,2,seco_soleado
2018-08-07,2018,8,La Estanzuela,14.3,83,3.3,5,300.1,FALSE,1.791759469228055,1,humedo_lluvioso_poca_insolacion
2018-08-08,2018,8,La Estanzuela,11.2,96,0.5,7.1,417.2,FALSE,2.0918640616783932,1,humedo_lluvioso_poca_insolacion
2018-08-09,2018,8,La Estanzuela,8.8,90,4.6,0,210.7,FALSE,0,1,humedo_lluvioso_poca_insolacion
2018-08-10,2018,8,La Estanzuela,8.6,91,1.8,0,186.2,FALSE,0,1,humedo_lluvioso_poca_insolacion
2018-08-11,2018,8,La Estanzuela,12.4,92,0.1,0,168,FALSE,0,1,humedo_lluvioso_poca_insolacion
2018-08-12,2018,8,La Estanzuela,14,87,9.8,0,238.2,FALSE,0,2,seco_soleado
2018-08-13,2018,8,La Estanzuela,14,95,5,3.3,229,FALSE,1.4586150226995167,1,humedo_lluvioso_poca_insolacion
2018-08-14,2018,8,La Estanzuela,11.6,93,10.1,0,235.4,FALSE,0,2,seco_soleado
2018-08-15,2018,8,La Estanzuela,9.2,92,9.1,0,125.8,FALSE,0,2,seco_soleado
2018-08-16,2018,8,La Estanzuela,10.9,89,10,0,226.3,FALSE,0,2,seco_soleado
2018-08-17,2018,8,La Estanzuela,14.9,88,9.2,0,268,FALSE,0,2,seco_soleado
2018-08-18,2018,8,La Estanzuela,16.5,84,6.6,49.3,333.7,FALSE,3.9180050771056933,1,humedo_lluvioso_poca_insolacion
2018-08-19,2018,8,La Estanzuela,8.5,86,5.1,0,220.5,FALSE,0,1,humedo_lluvioso_poca_insolacion
2018-08-20,2018,8,La Estanzuela,6.7,89,9.5,0,165.9,FALSE,0,2,seco_soleado
2018-08-21,2018,8,La Estanzuela,7.1,91,8.7,0,83.4,FALSE,0,2,seco_soleado
2018-08-22,2018,8,La Estanzuela,10,83,7.9,0,322,FALSE,0,2,seco_soleado
2018-08-23,2018,8,La Estanzuela,10,93,4.5,0.2,200,FALSE,0.18232155679395465,1,humedo_lluvioso_poca_insolacion
2018-08-24,2018,8,La Estanzuela,10.1,94,0.2,10.5,401.5,FALSE,2.4423470353692043,1,humedo_lluvioso_poca_insolacion
2018-08-25,2018,8,La Estanzuela,7.4,87,10.4,0,275.7,FALSE,0,2,seco_soleado
2018-08-26,2018,8,La Estanzuela,10.1,76,10.3,0,394,FALSE,0,2,seco_soleado
2018-08-27,2018,8,La Estanzuela,13.1,77,9.6,0,266.6,FALSE,0,2,seco_soleado
2018-08-28,2018,8,La Estanzuela,14,83,9.9,0,151.3,FALSE,0,2,seco_soleado
2018-08-29,2018,8,La Estanzuela,18.5,89,8.1,2,174.9,FALSE,1.0986122886681098,1,humedo_lluvioso_poca_insolacion
2018-08-30,2018,8,La Estanzuela,11.9,96,0,5,403.3,FALSE,1.791759469228055,1,humedo_lluvioso_poca_insolacion
2018-08-31,2018,8,La Estanzuela,8.6,85,0.3,0,323.7,FALSE,0,1,humedo_lluvioso_poca_insolacion
2018-09-01,2018,9,La Estanzuela,10.4,89,1.2,0,224.6,FALSE,0,1,humedo_lluvioso_poca_insolacion
2018-09-02,2018,9,La Estanzuela,11.8,93,9.2,0.2,134.4,FALSE,0.18232155679395465,2,seco_soleado
2018-09-03,2018,9,La Estanzuela,11.3,97,4.7,0,87.3,FALSE,0,1,humedo_lluvioso_poca_insolacion
2018-09-04,2018,9,La Estanzuela,12.5,88,10.7,0,204,FALSE,0,2,seco_soleado
2018-09-05,2018,9,La Estanzuela,14.1,86,10.9,0,303.9,FALSE,0,2,seco_soleado
2018-09-06,2018,9,La Estanzuela,16.7,87,10.7,0,171.5,FALSE,0,2,seco_soleado
2018-09-07,2018,9,La Estanzuela,15.8,89,10.5,0,187.4,FALSE,0,2,seco_soleado
2018-09-08,2018,9,La Estanzuela,13.8,79,8.7,0,244.3,FALSE,0,2,seco_soleado
2018-09-09,2018,9,La Estanzuela,13.4,89,9.1,2.5,241.2,FALSE,1.252762968495368,1,humedo_lluvioso_poca_insolacion
2018-09-10,2018,9,La Estanzuela,13.1,87,8.4,0,220,FALSE,0,2,seco_soleado
2018-09-11,2018,9,La Estanzuela,14.3,85,10.5,0,335,FALSE,0,2,seco_soleado
2018-09-12,2018,9,La Estanzuela,13.9,90,3.3,0,149,FALSE,0,1,humedo_lluvioso_poca_insolacion
2018-09-13,2018,9,La Estanzuela,14,97,5.3,0,176.9,FALSE,0,1,humedo_lluvioso_poca_insolacion
2018-09-14,2018,9,La Estanzuela,14.2,97,0.2,0,149.2,FALSE,0,1,humedo_lluvioso_poca_insolacion
2018-09-15,2018,9,La Estanzuela,17.2,93,0.5,1.9,277.2,FALSE,1.0647107369924282,1,humedo_lluvioso_poca_insolacion
2018-09-16,2018,9,La Estanzuela,17.6,94,3.1,0.2,136.2,FALSE,0.18232155679395465,1,humedo_lluvioso_poca_insolacion
2018-09-17,2018,9,La Estanzuela,17.3,96,7.1,0,154.3,FALSE,0,2,seco_soleado
2018-09-18,2018,9,La Estanzuela,17.4,92,6.4,7.3,254.8,FALSE,2.1162555148025524,1,humedo_lluvioso_poca_insolacion
2018-09-19,2018,9,La Estanzuela,14.7,81,10.6,0,211,FALSE,0,2,seco_soleado
2018-09-20,2018,9,La Estanzuela,15.6,78,11.1,0,223.2,FALSE,0,2,seco_soleado
2018-09-21,2018,9,La Estanzuela,19,87,8.8,0,206.1,FALSE,0,2,seco_soleado
2018-09-22,2018,9,La Estanzuela,22.6,90,7.3,0,322.4,FALSE,0,2,seco_soleado
2018-09-23,2018,9,La Estanzuela,17.8,91,8.4,0,149.7,FALSE,0,2,seco_soleado
2018-09-24,2018,9,La Estanzuela,16.8,87,9.9,0,170.1,FALSE,0,2,seco_soleado
2018-09-25,2018,9,La Estanzuela,16.7,85,10,0,233.5,FALSE,0,2,seco_soleado
2018-09-26,2018,9,La Estanzuela,17.1,95,7.5,0,265.7,FALSE,0,1,humedo_lluvioso_poca_insolacion
2018-09-27,2018,9,La Estanzuela,16,91,1.3,5.5,266.1,FALSE,1.8718021769015913,1,humedo_lluvioso_poca_insolacion
2018-09-28,2018,9,La Estanzuela,17.4,96,0.4,0.5,357.4,FALSE,0.4054651081081644,1,humedo_lluvioso_poca_insolacion
2018-09-29,2018,9,La Estanzuela,17.4,96,0,64.9,190.1,FALSE,4.188138441508461,1,humedo_lluvioso_poca_insolacion
2018-09-30,2018,9,La Estanzuela,16.5,95,2.9,10.8,285.3,FALSE,2.468099531471619,1,humedo_lluvioso_poca_insolacion
2018-10-01,2018,10,La Estanzuela,11.9,86,3.7,0,130.9,FALSE,0,1,humedo_lluvioso_poca_insolacion
2018-10-02,2018,10,La Estanzuela,10.9,86,11.7,0,112,FALSE,0,2,seco_soleado
2018-10-03,2018,10,La Estanzuela,14.1,80,11.7,0,151.4,FALSE,0,2,seco_soleado
2018-10-04,2018,10,La Estanzuela,13.1,86,11.3,0,101.7,FALSE,0,2,seco_soleado
2018-10-05,2018,10,La Estanzuela,11.8,92,11.1,0,168.1,FALSE,0,2,seco_soleado
2018-10-06,2018,10,La Estanzuela,13.3,85,11,0,172.2,FALSE,0,2,seco_soleado
2018-10-07,2018,10,La Estanzuela,17.2,84,11.8,0,185.2,FALSE,0,2,seco_soleado
2018-10-08,2018,10,La Estanzuela,22.4,86,11,1.6,197.5,FALSE,0.9555114450274363,2,seco_soleado
2018-10-09,2018,10,La Estanzuela,18,85,10.1,0,150.5,FALSE,0,2,seco_soleado
2018-10-10,2018,10,La Estanzuela,14.7,79,11.2,0,178.9,FALSE,0,2,seco_soleado
2018-10-11,2018,10,La Estanzuela,11.2,91,0.2,9,169.8,FALSE,2.302585092994046,1,humedo_lluvioso_poca_insolacion
2018-10-12,2018,10,La Estanzuela,11.8,93,0,0.1,103.6,FALSE,0.09531017980432487,1,humedo_lluvioso_poca_insolacion
2018-10-13,2018,10,La Estanzuela,14.7,91,11.6,0,147.4,FALSE,0,2,seco_soleado
2018-10-14,2018,10,La Estanzuela,16.7,86,11.7,0,223.4,FALSE,0,2,seco_soleado
2018-10-15,2018,10,La Estanzuela,18.6,82,12,0,197.4,FALSE,0,2,seco_soleado
2018-10-16,2018,10,La Estanzuela,19.6,89,11.9,0,154.6,FALSE,0,2,seco_soleado
2018-10-17,2018,10,La Estanzuela,21.1,90,9.7,0,187.3,FALSE,0,2,seco_soleado
2018-10-18,2018,10,La Estanzuela,17.9,96,2.4,0,286.6,FALSE,0,1,humedo_lluvioso_poca_insolacion
2018-10-19,2018,10,La Estanzuela,16.8,85,10.1,1.1,233.9,FALSE,0.7419373447293773,2,seco_soleado
2018-10-20,2018,10,La Estanzuela,13.9,88,0.8,0.3,206.1,FALSE,0.26236426446749106,1,humedo_lluvioso_poca_insolacion
2018-10-21,2018,10,La Estanzuela,15.7,90,5.5,0.8,135.1,FALSE,0.5877866649021191,1,humedo_lluvioso_poca_insolacion
2018-10-22,2018,10,La Estanzuela,16.5,95,7.3,0,115.7,FALSE,0,2,seco_soleado
2018-10-23,2018,10,La Estanzuela,14.1,90,11.7,0.1,225,FALSE,0.09531017980432487,2,seco_soleado
2018-10-24,2018,10,La Estanzuela,11.6,94,0,7,126.3,FALSE,2.0794415416798357,1,humedo_lluvioso_poca_insolacion
2018-10-25,2018,10,La Estanzuela,16,91,3.6,0,129.3,FALSE,0,1,humedo_lluvioso_poca_insolacion
2018-10-26,2018,10,La Estanzuela,15.5,95,1.7,0,130.5,FALSE,0,1,humedo_lluvioso_poca_insolacion
2018-10-27,2018,10,La Estanzuela,15.7,94,11.2,0,129.8,FALSE,0,2,seco_soleado
2018-10-28,2018,10,La Estanzuela,16.8,90,8.7,0,164.5,FALSE,0,2,seco_soleado
2018-10-29,2018,10,La Estanzuela,20,83,8.2,0.1,276.6,FALSE,0.09531017980432487,2,seco_soleado
2018-10-30,2018,10,La Estanzuela,17,95,0,10.4,144.7,FALSE,2.4336133554004498,1,humedo_lluvioso_poca_insolacion
2018-10-31,2018,10,La Estanzuela,16,93,2.3,0,209.7,FALSE,0,1,humedo_lluvioso_poca_insolacion
2018-11-01,2018,11,La Estanzuela,12.1,90,11.6,0,211.3,FALSE,0,2,seco_soleado
2018-11-02,2018,11,La Estanzuela,14.4,91,4,1.7,253.5,FALSE,0.9932517730102833,1,humedo_lluvioso_poca_insolacion
2018-11-03,2018,11,La Estanzuela,17.6,90,12.3,0,122.8,FALSE,0,2,seco_soleado
2018-11-04,2018,11,La Estanzuela,20.5,82,12.3,0,221.7,FALSE,0,2,seco_soleado
2018-11-05,2018,11,La Estanzuela,20.3,91,5.6,0,116.4,FALSE,0,2,seco_soleado
2018-11-06,2018,11,La Estanzuela,19,92,7.7,0,196.2,FALSE,0,2,seco_soleado
2018-11-07,2018,11,La Estanzuela,17.4,89,7.4,0,257.3,FALSE,0,2,seco_soleado
2018-11-08,2018,11,La Estanzuela,21.6,79,12.5,0,300.4,FALSE,0,2,seco_soleado
2018-11-09,2018,11,La Estanzuela,26.1,85,9.7,0.2,223.6,FALSE,0.18232155679395465,2,seco_soleado
2018-11-10,2018,11,La Estanzuela,21,94,1.8,23.2,277.3,FALSE,3.186352633162641,1,humedo_lluvioso_poca_insolacion
2018-11-11,2018,11,La Estanzuela,22,95,0.1,0,192.6,FALSE,0,1,humedo_lluvioso_poca_insolacion
2018-11-12,2018,11,La Estanzuela,23.5,90,1.4,44.5,333.2,FALSE,3.817712325956905,1,humedo_lluvioso_poca_insolacion
2018-11-13,2018,11,La Estanzuela,22.3,94,5.4,1.3,385.4,FALSE,0.832909122935104,1,humedo_lluvioso_poca_insolacion
2018-11-14,2018,11,La Estanzuela,20,82,12.9,0,366.8,FALSE,0,2,seco_soleado
2018-11-15,2018,11,La Estanzuela,22,83,12.9,1.1,250.1,FALSE,0.7419373447293773,2,seco_soleado
2018-11-16,2018,11,La Estanzuela,17.5,84,5.7,0,294.5,FALSE,0,2,seco_soleado
2018-11-17,2018,11,La Estanzuela,18,95,9.9,2.8,288.8,FALSE,1.33500106673234,1,humedo_lluvioso_poca_insolacion
2018-11-18,2018,11,La Estanzuela,17.4,82,13.1,0,212.7,FALSE,0,2,seco_soleado
2018-11-19,2018,11,La Estanzuela,19.8,80,13.1,0,219.5,FALSE,0,2,seco_soleado
2018-11-20,2018,11,La Estanzuela,22.3,77,13,0,297.5,FALSE,0,2,seco_soleado
2018-11-21,2018,11,La Estanzuela,24.7,81,13.2,0,249.7,FALSE,0,2,seco_soleado
2018-11-22,2018,11,La Estanzuela,22.6,89,5.7,0,378.3,FALSE,0,1,humedo_lluvioso_poca_insolacion
2018-11-23,2018,11,La Estanzuela,17.3,96,0,0,254.2,FALSE,0,1,humedo_lluvioso_poca_insolacion
2018-11-24,2018,11,La Estanzuela,16.1,95,9.5,0,145,FALSE,0,2,seco_soleado
2018-11-25,2018,11,La Estanzuela,18,89,10.4,0,139.5,FALSE,0,2,seco_soleado
2018-11-26,2018,11,La Estanzuela,20.8,79,4.7,0,191.4,FALSE,0,2,seco_soleado
2018-11-27,2018,11,La Estanzuela,18.6,90,0.1,2.2,262.3,FALSE,1.1631508098056809,1,humedo_lluvioso_poca_insolacion
2018-11-28,2018,11,La Estanzuela,18,97,1.8,0,256,FALSE,0,1,humedo_lluvioso_poca_insolacion
2018-11-29,2018,11,La Estanzuela,19.1,94,6.1,0.2,206.3,FALSE,0.18232155679395465,1,humedo_lluvioso_poca_insolacion
2018-11-30,2018,11,La Estanzuela,19.6,95,11.1,2.2,195.7,FALSE,1.1631508098056809,2,seco_soleado
2018-12-01,2018,12,La Estanzuela,16.2,91,9.4,0,283.7,FALSE,0,2,seco_soleado
2018-12-02,2018,12,La Estanzuela,13.5,88,13.3,0,216.6,FALSE,0,2,seco_soleado
2018-12-03,2018,12,La Estanzuela,18.7,83,12,0,343.1,FALSE,0,2,seco_soleado
2018-12-04,2018,12,La Estanzuela,17.1,94,12.9,0,176.9,FALSE,0,2,seco_soleado
2018-12-05,2018,12,La Estanzuela,17.7,92,11.7,0,226.8,FALSE,0,2,seco_soleado
2018-12-06,2018,12,La Estanzuela,15.2,91,10.8,0,189.6,FALSE,0,2,seco_soleado
2018-12-07,2018,12,La Estanzuela,14.9,90,13.3,0,162.5,FALSE,0,2,seco_soleado
2018-12-08,2018,12,La Estanzuela,19.3,77,13.3,0,236.7,FALSE,0,2,seco_soleado
2018-12-09,2018,12,La Estanzuela,20.1,83,8.2,9.5,215.4,FALSE,2.3513752571634776,1,humedo_lluvioso_poca_insolacion
2018-12-10,2018,12,La Estanzuela,22.7,90,12.3,0,181.8,FALSE,0,2,seco_soleado
2018-12-11,2018,12,La Estanzuela,20.6,93,0,11.6,262.6,FALSE,2.533696813957432,1,humedo_lluvioso_poca_insolacion
2018-12-12,2018,12,La Estanzuela,22.2,88,11.4,0.2,245.6,FALSE,0.18232155679395465,2,seco_soleado
2018-12-13,2018,12,La Estanzuela,15.9,90,0,70.4,99.2,FALSE,4.268297869345539,1,humedo_lluvioso_poca_insolacion
2018-12-14,2018,12,La Estanzuela,19.9,92,5.6,0,224.5,FALSE,0,1,humedo_lluvioso_poca_insolacion
2018-12-15,2018,12,La Estanzuela,20,86,12.2,0,132.4,FALSE,0,2,seco_soleado
2018-12-16,2018,12,La Estanzuela,23.3,88,12.8,6.8,224.8,FALSE,2.0541237336955462,2,seco_soleado
2018-12-17,2018,12,La Estanzuela,19.7,98,1.8,2.2,239.6,FALSE,1.1631508098056809,1,humedo_lluvioso_poca_insolacion
2018-12-18,2018,12,La Estanzuela,18.7,87,0.7,0,210.6,FALSE,0,1,humedo_lluvioso_poca_insolacion
2018-12-19,2018,12,La Estanzuela,21,92,3.4,0,138.3,FALSE,0,1,humedo_lluvioso_poca_insolacion
2018-12-20,2018,12,La Estanzuela,21.3,97,7.1,21,161.7,FALSE,3.091042453358316,1,humedo_lluvioso_poca_insolacion
2018-12-21,2018,12,La Estanzuela,21.7,92,12,5.9,254.8,FALSE,1.9315214116032138,2,seco_soleado
2018-12-22,2018,12,La Estanzuela,20.5,92,11.5,0,128.4,FALSE,0,2,seco_soleado
2018-12-23,2018,12,La Estanzuela,22.3,92,13,0,120.6,FALSE,0,2,seco_soleado
2018-12-24,2018,12,La Estanzuela,23.3,83,13.5,0,179.6,FALSE,0,2,seco_soleado
2018-12-25,2018,12,La Estanzuela,24.6,84,13.6,0,203.1,FALSE,0,2,seco_soleado
2018-12-26,2018,12,La Estanzuela,25.4,91,13.1,0,228.4,FALSE,0,2,seco_soleado
2018-12-27,2018,12,La Estanzuela,25.8,94,2,0,168.1,FALSE,0,1,humedo_lluvioso_poca_insolacion
2018-12-28,2018,12,La Estanzuela,26.1,89,11.4,0,233,FALSE,0,2,seco_soleado
2018-12-29,2018,12,La Estanzuela,24.8,95,6.8,26.05,269.8,FALSE,3.2976870052924907,1,humedo_lluvioso_poca_insolacion
2018-12-30,2018,12,La Estanzuela,21.3,96,7.4,0,196.9,FALSE,0,2,seco_soleado
2018-12-31,2018,12,La Estanzuela,21.3,89,13.3,0,227.1,FALSE,0,2,seco_soleado
2019-01-01,2019,1,La Estanzuela,25.2,94,8.2,0.8,263.4,FALSE,0.5877866649021191,2,seco_soleado
2019-01-02,2019,1,La Estanzuela,25,92,2,16.2,258.4,FALSE,2.8449093838194073,1,humedo_lluvioso_poca_insolacion
2019-01-03,2019,1,La Estanzuela,19.3,81,9.2,0,165.7,FALSE,0,2,seco_soleado
2019-01-04,2019,1,La Estanzuela,20.9,88,13.3,0.1,175.4,FALSE,0.09531017980432487,2,seco_soleado
2019-01-05,2019,1,La Estanzuela,23.4,85,13.2,0,241.4,FALSE,0,2,seco_soleado
2019-01-06,2019,1,La Estanzuela,23.3,90,6.6,15.2,199.7,FALSE,2.785011242238338,1,humedo_lluvioso_poca_insolacion
2019-01-08,2019,1,La Estanzuela,25,94,11.8,0,163.4,FALSE,0,2,seco_soleado
2019-01-09,2019,1,La Estanzuela,24.5,94,3.5,0.1,170,FALSE,0.09531017980432487,1,humedo_lluvioso_poca_insolacion
2019-01-10,2019,1,La Estanzuela,19.9,94,0,1.1,158.1,FALSE,0.7419373447293773,1,humedo_lluvioso_poca_insolacion
2019-01-11,2019,1,La Estanzuela,19.2,95,13.2,0,179,FALSE,0,2,seco_soleado
2019-01-12,2019,1,La Estanzuela,21.9,93,12.5,0,186.8,FALSE,0,2,seco_soleado
2019-01-13,2019,1,La Estanzuela,21.5,96,1.5,4.4,83.3,FALSE,1.6863989535702288,1,humedo_lluvioso_poca_insolacion
2019-01-14,2019,1,La Estanzuela,22.9,93,12.4,5.8,179.7,FALSE,1.916922612182061,2,seco_soleado
2019-01-15,2019,1,La Estanzuela,21,98,0,27,123.7,FALSE,3.332204510175204,1,humedo_lluvioso_poca_insolacion
2019-01-16,2019,1,La Estanzuela,23.2,89,12.2,0.3,132.7,FALSE,0.26236426446749106,2,seco_soleado
2019-01-17,2019,1,La Estanzuela,20.1,87,3.4,13.4,258.2,FALSE,2.667228206581955,1,humedo_lluvioso_poca_insolacion
2019-01-18,2019,1,La Estanzuela,18.4,90,6.1,0,158.6,FALSE,0,2,seco_soleado
2019-01-19,2019,1,La Estanzuela,19.1,90,12.5,0,197.2,FALSE,0,2,seco_soleado
2019-01-20,2019,1,La Estanzuela,20.6,87,12.8,0,212.1,FALSE,0,2,seco_soleado
2019-01-21,2019,1,La Estanzuela,23.2,92,12.7,0,167.4,FALSE,0,2,seco_soleado
2019-01-22,2019,1,La Estanzuela,25.6,91,10.9,0,157.9,FALSE,0,2,seco_soleado
2019-01-23,2019,1,La Estanzuela,24.4,93,5.1,0,216.9,FALSE,0,1,humedo_lluvioso_poca_insolacion
2019-01-24,2019,1,La Estanzuela,24.7,90,12.4,0,366.7,FALSE,0,2,seco_soleado
2019-01-25,2019,1,La Estanzuela,22.6,93,0,0,187.9,FALSE,0,1,humedo_lluvioso_poca_insolacion
2019-01-26,2019,1,La Estanzuela,25.6,93,6.4,0,152.7,FALSE,0,2,seco_soleado
2019-01-27,2019,1,La Estanzuela,25.4,97,8.1,11.8,156.8,FALSE,2.5494451709255714,1,humedo_lluvioso_poca_insolacion
2019-01-28,2019,1,La Estanzuela,28.8,92,11.8,0,237.9,FALSE,0,2,seco_soleado
2019-01-29,2019,1,La Estanzuela,28.8,87,11.4,47.8,281.2,FALSE,3.8877303128591016,1,humedo_lluvioso_poca_insolacion
2019-01-30,2019,1,La Estanzuela,24.4,92,3.2,0,229.8,FALSE,0,1,humedo_lluvioso_poca_insolacion
2019-01-31,2019,1,La Estanzuela,24.7,93,12.4,0,130,FALSE,0,2,seco_soleado
2019-02-01,2019,2,La Estanzuela,26.1,93,7.6,0,148.4,FALSE,0,2,seco_soleado
2019-02-02,2019,2,La Estanzuela,21.6,90,11.5,0,221,FALSE,0,2,seco_soleado
2019-02-03,2019,2,La Estanzuela,18.6,90,12.4,0,160.5,FALSE,0,2,seco_soleado
2019-02-04,2019,2,La Estanzuela,19,92,12.8,0,148.7,FALSE,0,2,seco_soleado
2019-02-05,2019,2,La Estanzuela,20.9,89,12.8,0,158.6,FALSE,0,2,seco_soleado
2019-02-06,2019,2,La Estanzuela,22.6,87,12.6,0,170,FALSE,0,2,seco_soleado
2019-02-07,2019,2,La Estanzuela,24,92,12.4,0,153.3,FALSE,0,2,seco_soleado
2019-02-08,2019,2,La Estanzuela,26,86,9.9,0,133.5,FALSE,0,2,seco_soleado
2019-02-09,2019,2,La Estanzuela,26,89,8.9,0,156.9,FALSE,0,2,seco_soleado
2019-02-10,2019,2,La Estanzuela,27.5,87,12.5,43.1,175.3,FALSE,3.7864597824528,1,humedo_lluvioso_poca_insolacion
2019-02-11,2019,2,La Estanzuela,21.1,93,1,3.4,281.6,FALSE,1.4816045409242156,1,humedo_lluvioso_poca_insolacion
2019-02-12,2019,2,La Estanzuela,16.3,90,12.7,0,151.7,FALSE,0,2,seco_soleado
2019-02-13,2019,2,La Estanzuela,17.3,87,12,0,155.6,FALSE,0,2,seco_soleado
2019-02-14,2019,2,La Estanzuela,17.8,92,1.1,11.4,100,FALSE,2.517696472610991,1,humedo_lluvioso_poca_insolacion
2019-02-15,2019,2,La Estanzuela,19.8,90,11.9,0,118.2,FALSE,0,2,seco_soleado
2019-02-16,2019,2,La Estanzuela,21,69,12.1,0,153.9,FALSE,0,2,seco_soleado
2019-02-17,2019,2,La Estanzuela,22.7,76,12.5,0,191.3,FALSE,0,2,seco_soleado
2019-02-18,2019,2,La Estanzuela,24.7,88,12.5,0,147.1,FALSE,0,2,seco_soleado
2019-02-19,2019,2,La Estanzuela,26.3,89,11.5,0,189.2,FALSE,0,2,seco_soleado
2019-02-20,2019,2,La Estanzuela,28.2,85,12.1,0,171.9,FALSE,0,2,seco_soleado
2019-02-21,2019,2,La Estanzuela,27.8,81,11,0,212.3,FALSE,0,2,seco_soleado
2019-02-22,2019,2,La Estanzuela,26.2,85,0.7,44.1,143.8,FALSE,3.8088822465086327,1,humedo_lluvioso_poca_insolacion
2019-02-23,2019,2,La Estanzuela,22.1,99,0,19,97.4,FALSE,2.995732273553991,1,humedo_lluvioso_poca_insolacion
2019-02-24,2019,2,La Estanzuela,19.9,89,6.2,0,157.5,FALSE,0,2,seco_soleado
2019-02-25,2019,2,La Estanzuela,17.2,87,9.4,0,112.6,FALSE,0,2,seco_soleado
2019-02-26,2019,2,La Estanzuela,17.7,87,12.1,0,199.7,FALSE,0,2,seco_soleado
2019-02-27,2019,2,La Estanzuela,17.1,80,11.5,0.3,194.5,FALSE,0.26236426446749106,2,seco_soleado
2019-02-28,2019,2,La Estanzuela,17.4,88,11.9,0,173.5,FALSE,0,2,seco_soleado
2019-03-01,2019,3,La Estanzuela,21.3,82,11,0,261.7,FALSE,0,2,seco_soleado
2019-03-02,2019,3,La Estanzuela,19.5,93,11.6,0,146,FALSE,0,2,seco_soleado
2019-03-03,2019,3,La Estanzuela,20.2,84,10.3,1.5,258.3,FALSE,0.9162907318741551,2,seco_soleado
2019-03-04,2019,3,La Estanzuela,20.2,89,1.2,6.7,137.3,FALSE,2.0412203288596382,1,humedo_lluvioso_poca_insolacion
2019-03-05,2019,3,La Estanzuela,21.1,93,10.9,0,130.9,FALSE,0,2,seco_soleado
2019-03-06,2019,3,La Estanzuela,24.4,96,11.4,0,169.1,FALSE,0,2,seco_soleado
2019-03-07,2019,3,La Estanzuela,25.7,96,10.1,37.2,251,FALSE,3.6428355156125294,1,humedo_lluvioso_poca_insolacion
2019-03-08,2019,3,La Estanzuela,20.3,95,7.5,0,313.8,FALSE,0,1,humedo_lluvioso_poca_insolacion
2019-03-09,2019,3,La Estanzuela,17.3,96,9.2,0,169,FALSE,0,2,seco_soleado
2019-03-10,2019,3,La Estanzuela,17.7,92,11.4,0,211.5,FALSE,0,2,seco_soleado
2019-03-11,2019,3,La Estanzuela,19.3,96,10,33.4,170.5,FALSE,3.5380565643793527,1,humedo_lluvioso_poca_insolacion
2019-03-12,2019,3,La Estanzuela,19.3,97,1.5,3.1,214.4,FALSE,1.410986973710262,1,humedo_lluvioso_poca_insolacion
2019-03-13,2019,3,La Estanzuela,18.8,98,5.4,0.3,246.8,FALSE,0.26236426446749106,1,humedo_lluvioso_poca_insolacion
2019-03-14,2019,3,La Estanzuela,19.7,96,8.9,0,93,FALSE,0,2,seco_soleado
2019-03-15,2019,3,La Estanzuela,20.9,94,2.3,0,192.2,FALSE,0,1,humedo_lluvioso_poca_insolacion
2019-03-16,2019,3,La Estanzuela,22.3,97,5.3,2,234.1,FALSE,1.0986122886681098,1,humedo_lluvioso_poca_insolacion
2019-03-17,2019,3,La Estanzuela,22.2,93,2.7,1.1,101.7,FALSE,0.7419373447293773,1,humedo_lluvioso_poca_insolacion
2019-03-18,2019,3,La Estanzuela,22.3,95,11.1,0,201.1,FALSE,0,2,seco_soleado
2019-03-20,2019,3,La Estanzuela,16.2,94,11.1,0,125,FALSE,0,2,seco_soleado
2019-03-21,2019,3,La Estanzuela,14.3,95,10.5,0,145.8,FALSE,0,2,seco_soleado
2019-03-22,2019,3,La Estanzuela,16.1,94,7.5,0,122.2,FALSE,0,2,seco_soleado
2019-03-23,2019,3,La Estanzuela,18.2,92,10.9,0,215.1,FALSE,0,2,seco_soleado
2019-03-24,2019,3,La Estanzuela,17.5,100,9.5,0,374.2,FALSE,0,1,humedo_lluvioso_poca_insolacion
2019-03-25,2019,3,La Estanzuela,15.1,100,10.1,2.3,168.9,FALSE,1.1939224684724346,1,humedo_lluvioso_poca_insolacion
2019-03-26,2019,3,La Estanzuela,16.6,97,7.8,1.2,135.5,FALSE,0.7884573603642702,1,humedo_lluvioso_poca_insolacion
2019-03-27,2019,3,La Estanzuela,16,93,10.9,0,196.4,FALSE,0,2,seco_soleado
2019-03-28,2019,3,La Estanzuela,18.1,91,10.8,0.1,230.8,FALSE,0.09531017980432487,2,seco_soleado
2019-03-29,2019,3,La Estanzuela,21.5,94,10.2,0,163.1,FALSE,0,2,seco_soleado
2019-03-30,2019,3,La Estanzuela,22.9,94,10.4,0,106.4,FALSE,0,2,seco_soleado
2019-03-31,2019,3,La Estanzuela,21.2,93,8.9,0,141.7,FALSE,0,2,seco_soleado
2019-04-01,2019,4,La Estanzuela,21.3,92,3.2,0,144.8,FALSE,0,1,humedo_lluvioso_poca_insolacion
2019-04-02,2019,4,La Estanzuela,24.4,89,10.4,0.1,234,FALSE,0.09531017980432487,2,seco_soleado
2019-04-03,2019,4,La Estanzuela,19,89,9.1,0,193.6,FALSE,0,2,seco_soleado
2019-04-04,2019,4,La Estanzuela,20.5,87,5.6,0,410.8,FALSE,0,1,humedo_lluvioso_poca_insolacion
2019-04-05,2019,4,La Estanzuela,15.4,93,8.1,0,136.8,FALSE,0,2,seco_soleado
2019-04-06,2019,4,La Estanzuela,14.9,90,10.6,0,96.3,FALSE,0,2,seco_soleado
2019-04-07,2019,4,La Estanzuela,16.3,90,10.9,0,118.1,FALSE,0,2,seco_soleado
2019-04-08,2019,4,La Estanzuela,18.9,86,10.8,0,124.5,FALSE,0,2,seco_soleado
2019-04-09,2019,4,La Estanzuela,20.9,65,10.8,0,172.8,FALSE,0,2,seco_soleado
2019-04-10,2019,4,La Estanzuela,20,72,10.5,11.2,141.7,FALSE,2.501435951739211,2,seco_soleado
2019-04-11,2019,4,La Estanzuela,16.4,87,2.1,0.2,73.7,FALSE,0.18232155679395465,1,humedo_lluvioso_poca_insolacion
2019-04-12,2019,4,La Estanzuela,14.9,73,8.6,0,109.3,FALSE,0,2,seco_soleado
2019-04-13,2019,4,La Estanzuela,17.3,70,10.7,0.1,155.3,FALSE,0.09531017980432487,2,seco_soleado
2019-04-14,2019,4,La Estanzuela,19.8,77,6.9,0.1,152.7,FALSE,0.09531017980432487,2,seco_soleado
2019-04-15,2019,4,La Estanzuela,16.9,79,0.4,0,149.4,FALSE,0,1,humedo_lluvioso_poca_insolacion
2019-04-16,2019,4,La Estanzuela,16.3,77,10.3,0,165.7,FALSE,0,2,seco_soleado
2019-04-17,2019,4,La Estanzuela,17.4,74,10.4,0,154.8,FALSE,0,2,seco_soleado
2019-04-18,2019,4,La Estanzuela,18,74,9.8,0,122,FALSE,0,2,seco_soleado
2019-04-19,2019,4,La Estanzuela,20.5,73,9.4,0,215.6,FALSE,0,2,seco_soleado
2019-04-20,2019,4,La Estanzuela,17,77,10.2,0,132.2,FALSE,0,2,seco_soleado
2019-04-21,2019,4,La Estanzuela,13.5,76,10,0,88,FALSE,0,2,seco_soleado
2019-04-22,2019,4,La Estanzuela,14,78,5.5,0,119.2,FALSE,0,2,seco_soleado
2019-04-23,2019,4,La Estanzuela,13.3,81,1.7,0,104.7,FALSE,0,1,humedo_lluvioso_poca_insolacion
2019-04-24,2019,4,La Estanzuela,16.3,86,3.1,0,207.3,FALSE,0,1,humedo_lluvioso_poca_insolacion
2019-04-25,2019,4,La Estanzuela,17.6,80,2.8,2.4,266.7,FALSE,1.2237754316221157,1,humedo_lluvioso_poca_insolacion
2019-04-26,2019,4,La Estanzuela,17.1,90,0,5.5,241.2,FALSE,1.8718021769015913,1,humedo_lluvioso_poca_insolacion
2019-04-27,2019,4,La Estanzuela,17.2,96,2.6,1.2,118.4,FALSE,0.7884573603642702,1,humedo_lluvioso_poca_insolacion
2019-04-28,2019,4,La Estanzuela,17.1,86,8.6,0,168.8,FALSE,0,2,seco_soleado
2019-04-29,2019,4,La Estanzuela,17.2,82,9.1,0,200.1,FALSE,0,2,seco_soleado
2019-04-30,2019,4,La Estanzuela,14.3,51,3.5,0,136.4,FALSE,0,2,seco_soleado
2019-05-01,2019,5,La Estanzuela,13.5,65,9,0,229.3,FALSE,0,2,seco_soleado
2019-05-02,2019,5,La Estanzuela,17.8,70,4.2,0,225.5,FALSE,0,2,seco_soleado
2019-05-03,2019,5,La Estanzuela,17.4,69,7,0,150.6,FALSE,0,2,seco_soleado
2019-05-04,2019,5,La Estanzuela,16.9,83,2.3,12.1,200,FALSE,2.5726122302071057,1,humedo_lluvioso_poca_insolacion
2019-05-05,2019,5,La Estanzuela,18.1,99,0,3.5,195.1,FALSE,1.5040773967762742,1,humedo_lluvioso_poca_insolacion
2019-05-06,2019,5,La Estanzuela,15.2,87,8,0,147.8,FALSE,0,2,seco_soleado
2019-05-07,2019,5,La Estanzuela,12.8,84,6.7,0.3,195.2,FALSE,0.26236426446749106,2,seco_soleado
2019-05-08,2019,5,La Estanzuela,15.1,83,6.6,0,175.5,FALSE,0,2,seco_soleado
2019-05-09,2019,5,La Estanzuela,16.3,93,0.7,36.7,306.3,FALSE,3.629660094453965,1,humedo_lluvioso_poca_insolacion
2019-05-10,2019,5,La Estanzuela,14.4,88,5.3,0.3,418.7,FALSE,0.26236426446749106,1,humedo_lluvioso_poca_insolacion
2019-05-11,2019,5,La Estanzuela,13.4,80,9.1,0,197.3,FALSE,0,2,seco_soleado
2019-05-12,2019,5,La Estanzuela,14.1,70,10,0,167.1,FALSE,0,2,seco_soleado
2019-05-13,2019,5,La Estanzuela,15.3,73,9.5,0,203.9,FALSE,0,2,seco_soleado
2019-05-14,2019,5,La Estanzuela,13.1,74,9.4,0,118.4,FALSE,0,2,seco_soleado
2019-05-15,2019,5,La Estanzuela,13.6,80,6.6,0,128,FALSE,0,2,seco_soleado
2019-05-16,2019,5,La Estanzuela,18,77,8.4,0,303.8,FALSE,0,2,seco_soleado
2019-05-17,2019,5,La Estanzuela,18.2,93,8.4,0,309.3,FALSE,0,2,seco_soleado
2019-05-18,2019,5,La Estanzuela,18.5,96,7.4,9.5,205,FALSE,2.3513752571634776,1,humedo_lluvioso_poca_insolacion
2019-05-19,2019,5,La Estanzuela,14.5,97,2.6,0,129.1,FALSE,0,1,humedo_lluvioso_poca_insolacion
2019-05-20,2019,5,La Estanzuela,13.9,96,0.1,26.8,306,FALSE,3.3250360206965914,1,humedo_lluvioso_poca_insolacion
2019-05-21,2019,5,La Estanzuela,14.8,96,1.5,5.9,272.3,FALSE,1.9315214116032138,1,humedo_lluvioso_poca_insolacion
2019-05-22,2019,5,La Estanzuela,13.6,97,2.6,0,92.4,FALSE,0,1,humedo_lluvioso_poca_insolacion
2019-05-23,2019,5,La Estanzuela,11.9,87,9.3,0,144.5,FALSE,0,2,seco_soleado
2019-05-24,2019,5,La Estanzuela,12,86,9.4,0,194.2,FALSE,0,2,seco_soleado
2019-05-25,2019,5,La Estanzuela,12.1,94,6.6,0,205.2,FALSE,0,1,humedo_lluvioso_poca_insolacion
2019-05-26,2019,5,La Estanzuela,15.4,97,1.8,0,120.1,FALSE,0,1,humedo_lluvioso_poca_insolacion
2019-05-27,2019,5,La Estanzuela,14.8,97,0,0,83.5,FALSE,0,1,humedo_lluvioso_poca_insolacion
2019-05-28,2019,5,La Estanzuela,12.7,94,6.3,0.1,62.6,FALSE,0.09531017980432487,1,humedo_lluvioso_poca_insolacion
2019-05-29,2019,5,La Estanzuela,9.8,86,3.4,0,138.1,FALSE,0,1,humedo_lluvioso_poca_insolacion
2019-05-30,2019,5,La Estanzuela,10.1,81,0,0,143.7,FALSE,0,1,humedo_lluvioso_poca_insolacion
2019-05-31,2019,5,La Estanzuela,12,85,5.5,0,137.5,FALSE,0,2,seco_soleado
2019-06-01,2019,6,La Estanzuela,12.9,85,3.3,0,130.4,FALSE,0,1,humedo_lluvioso_poca_insolacion
2019-06-02,2019,6,La Estanzuela,12.6,88,6.8,0,139.7,FALSE,0,2,seco_soleado
2019-06-03,2019,6,La Estanzuela,11.9,84,8.5,0,155.3,FALSE,0,2,seco_soleado
2019-06-04,2019,6,La Estanzuela,12.5,74,8.8,0,311.2,FALSE,0,2,seco_soleado
2019-06-05,2019,6,La Estanzuela,13.9,78,2.4,0,338.9,FALSE,0,1,humedo_lluvioso_poca_insolacion
2019-06-06,2019,6,La Estanzuela,15.5,83,0,4.3,222.5,FALSE,1.667706820558076,1,humedo_lluvioso_poca_insolacion
2019-06-07,2019,6,La Estanzuela,13.1,75,8.6,0,143.8,FALSE,0,2,seco_soleado
2019-06-08,2019,6,La Estanzuela,11.2,67,9.3,0,195.4,FALSE,0,2,seco_soleado
2019-06-09,2019,6,La Estanzuela,13.7,65,9.3,0.3,214.8,FALSE,0.26236426446749106,2,seco_soleado
2019-06-10,2019,6,La Estanzuela,15.5,94,0,0,344,FALSE,0,1,humedo_lluvioso_poca_insolacion
2019-06-11,2019,6,La Estanzuela,14.9,96,0,3.3,273,FALSE,1.4586150226995167,1,humedo_lluvioso_poca_insolacion
2019-06-12,2019,6,La Estanzuela,18.3,92,0.6,0.8,154.3,FALSE,0.5877866649021191,1,humedo_lluvioso_poca_insolacion
2019-06-13,2019,6,La Estanzuela,17.4,96,0.5,8.2,329.5,FALSE,2.2192034840549946,1,humedo_lluvioso_poca_insolacion
2019-06-14,2019,6,La Estanzuela,15.8,97,0,9.4,197.8,FALSE,2.341805806147327,1,humedo_lluvioso_poca_insolacion
2019-06-15,2019,6,La Estanzuela,13.3,98,0,47.2,368.9,FALSE,3.8753590210565547,1,humedo_lluvioso_poca_insolacion
2019-06-16,2019,6,La Estanzuela,17.1,96,0.1,22.3,299.1,FALSE,3.1484533605716547,1,humedo_lluvioso_poca_insolacion
2019-06-17,2019,6,La Estanzuela,16.5,100,0,33.5,178.2,FALSE,3.5409593240373143,1,humedo_lluvioso_poca_insolacion
2019-06-18,2019,6,La Estanzuela,11.8,90,3.9,3.3,448.5,FALSE,1.4586150226995167,1,humedo_lluvioso_poca_insolacion
2019-06-19,2019,6,La Estanzuela,11.9,78,9.1,0,299.4,FALSE,0,2,seco_soleado
2019-06-20,2019,6,La Estanzuela,10.6,85,7,0,103.4,FALSE,0,2,seco_soleado
2019-06-21,2019,6,La Estanzuela,12.6,88,0,0,134.3,FALSE,0,1,humedo_lluvioso_poca_insolacion
2019-06-22,2019,6,La Estanzuela,17.1,89,3.4,0,140.5,FALSE,0,1,humedo_lluvioso_poca_insolacion
2019-06-23,2019,6,La Estanzuela,18.6,90,1.6,0,166.5,FALSE,0,1,humedo_lluvioso_poca_insolacion
2019-06-24,2019,6,La Estanzuela,14.6,96,0,0.6,291.3,FALSE,0.4700036292457355,1,humedo_lluvioso_poca_insolacion
2019-06-25,2019,6,La Estanzuela,9.7,71,6.1,0,424.3,FALSE,0,2,seco_soleado
2019-06-26,2019,6,La Estanzuela,7.7,72,4,0,270.6,FALSE,0,1,humedo_lluvioso_poca_insolacion
2019-06-27,2019,6,La Estanzuela,8.9,68,9.3,0,224.8,FALSE,0,2,seco_soleado
2019-06-28,2019,6,La Estanzuela,12.3,94,0,0.7,149.8,FALSE,0.5306282510621704,1,humedo_lluvioso_poca_insolacion
2019-06-29,2019,6,La Estanzuela,12.4,100,0,0.7,280.9,FALSE,0.5306282510621704,1,humedo_lluvioso_poca_insolacion
2019-06-30,2019,6,La Estanzuela,9.3,91,0,0,223.7,FALSE,0,1,humedo_lluvioso_poca_insolacion
2019-07-01,2019,7,La Estanzuela,7,77,9.1,0,301.7,FALSE,0,2,seco_soleado
2019-07-02,2019,7,La Estanzuela,9,75,1.4,0,415.7,FALSE,0,1,humedo_lluvioso_poca_insolacion
2019-07-03,2019,7,La Estanzuela,6.3,71,8.9,0,309.6,FALSE,0,2,seco_soleado
2019-07-04,2019,7,La Estanzuela,5.3,73,9.3,0,475.9,FALSE,0,2,seco_soleado
2019-07-05,2019,7,La Estanzuela,4.9,80,8.5,0,223,FALSE,0,2,seco_soleado
2019-07-06,2019,7,La Estanzuela,4.5,73,9.4,0,140.4,FALSE,0,2,seco_soleado
2019-07-07,2019,7,La Estanzuela,5.1,73,8.2,0,169.2,FALSE,0,2,seco_soleado
2019-07-08,2019,7,La Estanzuela,7.9,68,8.4,0,173,FALSE,0,2,seco_soleado
2019-07-09,2019,7,La Estanzuela,12.7,68,6.6,0,118.3,FALSE,0,2,seco_soleado
2019-07-10,2019,7,La Estanzuela,12.3,81,2.2,0,78.7,FALSE,0,1,humedo_lluvioso_poca_insolacion
2019-07-11,2019,7,La Estanzuela,12.7,89,4.2,2.5,194.8,FALSE,1.252762968495368,1,humedo_lluvioso_poca_insolacion
2019-07-12,2019,7,La Estanzuela,12.5,97,0,0.8,92.1,FALSE,0.5877866649021191,1,humedo_lluvioso_poca_insolacion
2019-07-13,2019,7,La Estanzuela,7.2,96,5.3,0.1,69,FALSE,0.09531017980432487,1,humedo_lluvioso_poca_insolacion
2019-07-14,2019,7,La Estanzuela,6.7,92,9.3,0,97.8,FALSE,0,2,seco_soleado
2019-07-15,2019,7,La Estanzuela,9.2,85,7.7,0,94.1,FALSE,0,2,seco_soleado
2019-07-16,2019,7,La Estanzuela,8.3,76,9.5,0,152.7,FALSE,0,2,seco_soleado
2019-07-17,2019,7,La Estanzuela,10.4,73,8.2,0,340.7,FALSE,0,2,seco_soleado
2019-07-18,2019,7,La Estanzuela,12.2,80,7.6,0,124.8,FALSE,0,2,seco_soleado
2019-07-19,2019,7,La Estanzuela,13.8,83,8.8,0,151.8,FALSE,0,2,seco_soleado
2019-07-20,2019,7,La Estanzuela,16.2,88,4.2,0,385.8,FALSE,0,1,humedo_lluvioso_poca_insolacion
2019-07-21,2019,7,La Estanzuela,19.5,79,3.4,28,324.3,FALSE,3.367295829986474,1,humedo_lluvioso_poca_insolacion
2019-07-22,2019,7,La Estanzuela,10.8,82,2.4,0,131.2,FALSE,0,1,humedo_lluvioso_poca_insolacion
2019-07-23,2019,7,La Estanzuela,9.7,86,0,3.5,177.6,FALSE,1.5040773967762742,1,humedo_lluvioso_poca_insolacion
2019-07-24,2019,7,La Estanzuela,8.9,77,5.2,0,137,FALSE,0,2,seco_soleado
2019-07-25,2019,7,La Estanzuela,9.4,93,0,24.3,184.1,FALSE,3.2308043957334744,1,humedo_lluvioso_poca_insolacion
2019-07-26,2019,7,La Estanzuela,11.5,100,0,2.4,182,FALSE,1.2237754316221157,1,humedo_lluvioso_poca_insolacion
2019-07-27,2019,7,La Estanzuela,10.9,85,9.4,0,138.2,FALSE,0,2,seco_soleado
2019-07-28,2019,7,La Estanzuela,9.1,87,9.4,0.1,182.6,FALSE,0.09531017980432487,2,seco_soleado
2019-07-29,2019,7,La Estanzuela,10.6,91,3.1,0,56.1,FALSE,0,1,humedo_lluvioso_poca_insolacion
2019-07-30,2019,7,La Estanzuela,10.3,89,5.1,0,214.1,FALSE,0,1,humedo_lluvioso_poca_insolacion
2019-07-31,2019,7,La Estanzuela,13,85,9.3,0,198.6,FALSE,0,2,seco_soleado
2019-08-01,2019,8,La Estanzuela,11.5,70,5.4,0,440.7,FALSE,0,2,seco_soleado
2019-08-02,2019,8,La Estanzuela,8.9,66,9.9,0,289,FALSE,0,2,seco_soleado
2019-08-03,2019,8,La Estanzuela,7.6,73,9.8,0,166.9,FALSE,0,2,seco_soleado
2019-08-04,2019,8,La Estanzuela,8.5,70,10,0,252.2,FALSE,0,2,seco_soleado
2019-08-05,2019,8,La Estanzuela,10.4,66,9.9,0,370.6,FALSE,0,2,seco_soleado
2019-08-06,2019,8,La Estanzuela,14.4,71,9.9,0,211.3,FALSE,0,2,seco_soleado
2019-08-07,2019,8,La Estanzuela,11.4,78,5.5,0,418.4,FALSE,0,1,humedo_lluvioso_poca_insolacion
2019-08-08,2019,8,La Estanzuela,10.4,76,2.1,5.1,263,FALSE,1.8082887711792655,1,humedo_lluvioso_poca_insolacion
2019-08-09,2019,8,La Estanzuela,9,93,0,15,190.1,FALSE,2.772588722239781,1,humedo_lluvioso_poca_insolacion
2019-08-10,2019,8,La Estanzuela,8.9,77,9.4,0,244.5,FALSE,0,2,seco_soleado
2019-08-11,2019,8,La Estanzuela,9.9,82,9.4,0,169,FALSE,0,2,seco_soleado
2019-08-12,2019,8,La Estanzuela,9.3,79,4.7,0,284.1,FALSE,0,1,humedo_lluvioso_poca_insolacion
2019-08-13,2019,8,La Estanzuela,5.4,71,7.8,0,118.3,FALSE,0,2,seco_soleado
2019-08-14,2019,8,La Estanzuela,4.8,72,9,0,196.6,FALSE,0,2,seco_soleado
2019-08-15,2019,8,La Estanzuela,8.4,81,7.6,0,140.8,FALSE,0,2,seco_soleado
2019-08-16,2019,8,La Estanzuela,14.7,76,8.4,2,135.7,FALSE,1.0986122886681098,2,seco_soleado
2019-08-17,2019,8,La Estanzuela,11.7,94,2.9,15.9,170.7,FALSE,2.827313621929028,1,humedo_lluvioso_poca_insolacion
2019-08-18,2019,8,La Estanzuela,7.9,75,8.8,0,332.4,FALSE,0,2,seco_soleado
2019-08-19,2019,8,La Estanzuela,5.2,72,4.4,0,85.4,FALSE,0,2,seco_soleado
2019-08-20,2019,8,La Estanzuela,6,80,5,0,125.8,FALSE,0,2,seco_soleado
2019-08-21,2019,8,La Estanzuela,6.8,82,9.8,0,169.7,FALSE,0,2,seco_soleado
2019-08-22,2019,8,La Estanzuela,7.3,80,5.9,0,72,FALSE,0,2,seco_soleado
2019-08-23,2019,8,La Estanzuela,9.9,62,9.5,0,122.6,FALSE,0,2,seco_soleado
2019-08-24,2019,8,La Estanzuela,11.5,74,6.6,0,200.3,FALSE,0,2,seco_soleado
2019-08-25,2019,8,La Estanzuela,13.1,82,4.3,0,380.4,FALSE,0,1,humedo_lluvioso_poca_insolacion
2019-08-26,2019,8,La Estanzuela,16.5,87,4.7,0,95.6,FALSE,0,1,humedo_lluvioso_poca_insolacion
2019-08-27,2019,8,La Estanzuela,17.6,84,9.3,0,246.2,FALSE,0,2,seco_soleado
2019-08-28,2019,8,La Estanzuela,19.8,77,6.5,2.6,373.5,FALSE,1.2809338454620642,1,humedo_lluvioso_poca_insolacion
2019-08-29,2019,8,La Estanzuela,17.7,87,0.2,0,97.1,FALSE,0,1,humedo_lluvioso_poca_insolacion
2019-08-30,2019,8,La Estanzuela,11.3,83,0.6,0,94.4,FALSE,0,1,humedo_lluvioso_poca_insolacion
2019-08-31,2019,8,La Estanzuela,10.3,68,10.4,0,165.9,FALSE,0,2,seco_soleado
2019-09-01,2019,9,La Estanzuela,8.1,62,10.8,0,204.8,FALSE,0,2,seco_soleado
2019-09-02,2019,9,La Estanzuela,7.9,63,7.6,0.4,212.6,FALSE,0.33647223662121295,2,seco_soleado
2019-09-03,2019,9,La Estanzuela,5.9,66,10.8,0,213.1,FALSE,0,2,seco_soleado
2019-09-04,2019,9,La Estanzuela,6.5,66,9.9,0,139.1,FALSE,0,2,seco_soleado
2019-09-05,2019,9,La Estanzuela,7.1,74,9.6,0,230.8,FALSE,0,2,seco_soleado
2019-09-06,2019,9,La Estanzuela,10.1,85,4.7,0,179.7,FALSE,0,1,humedo_lluvioso_poca_insolacion
2019-09-07,2019,9,La Estanzuela,12.6,92,3.4,0,90.1,FALSE,0,1,humedo_lluvioso_poca_insolacion
2019-09-08,2019,9,La Estanzuela,11.3,96,0,10.1,141.7,FALSE,2.4069451083182885,1,humedo_lluvioso_poca_insolacion
2019-09-09,2019,9,La Estanzuela,11.8,98,0,22.1,223,FALSE,3.139832617527748,1,humedo_lluvioso_poca_insolacion
2019-09-10,2019,9,La Estanzuela,11.6,93,2.3,0.1,175.5,FALSE,0.09531017980432487,1,humedo_lluvioso_poca_insolacion
2019-09-11,2019,9,La Estanzuela,10.5,93,1.9,0,171.1,FALSE,0,1,humedo_lluvioso_poca_insolacion
2019-09-12,2019,9,La Estanzuela,10.7,73,10.1,0,143.9,FALSE,0,2,seco_soleado
2019-09-13,2019,9,La Estanzuela,11.5,78,10.7,0,151.1,FALSE,0,2,seco_soleado
2019-09-14,2019,9,La Estanzuela,13.2,78,7.8,0,194.2,FALSE,0,2,seco_soleado
2019-09-15,2019,9,La Estanzuela,14.9,89,7.6,0,196.5,FALSE,0,2,seco_soleado
2019-09-16,2019,9,La Estanzuela,13.4,64,8.9,0,136.3,FALSE,0,2,seco_soleado
2019-09-17,2019,9,La Estanzuela,13.2,57,10.9,0,220.5,FALSE,0,2,seco_soleado
2019-09-18,2019,9,La Estanzuela,14,65,10.9,0,230.1,FALSE,0,2,seco_soleado
2019-09-19,2019,9,La Estanzuela,13.5,55,8.4,0,172.8,FALSE,0,2,seco_soleado
2019-09-20,2019,9,La Estanzuela,11.7,48,11,0,293.3,FALSE,0,2,seco_soleado
2019-09-21,2019,9,La Estanzuela,13.4,54,11,0,249.7,FALSE,0,2,seco_soleado
2019-09-22,2019,9,La Estanzuela,11.1,62,11.4,0,231,FALSE,0,2,seco_soleado
2019-09-23,2019,9,La Estanzuela,12.4,52,8.9,0,217.1,FALSE,0,2,seco_soleado
2019-09-24,2019,9,La Estanzuela,16,58,11,0,150.9,FALSE,0,2,seco_soleado
2019-09-25,2019,9,La Estanzuela,19.2,51,11.1,0,153.8,FALSE,0,2,seco_soleado
2019-09-26,2019,9,La Estanzuela,16.2,71,10.9,0,201.8,FALSE,0,2,seco_soleado
2019-09-27,2019,9,La Estanzuela,13.8,70,5.6,0,290.2,FALSE,0,2,seco_soleado
2019-09-28,2019,9,La Estanzuela,15.3,70,9.5,0,217.2,FALSE,0,2,seco_soleado
2019-09-29,2019,9,La Estanzuela,19.5,68,11.1,0,390.4,FALSE,0,2,seco_soleado
2019-09-30,2019,9,La Estanzuela,19.9,69,6.3,32.5,333.7,FALSE,3.5115454388310208,1,humedo_lluvioso_poca_insolacion
2019-10-01,2019,10,La Estanzuela,13.9,94,0,15.6,373.5,FALSE,2.8094026953624973,1,humedo_lluvioso_poca_insolacion
2019-10-02,2019,10,La Estanzuela,13.1,79,0,0,313.3,FALSE,0,1,humedo_lluvioso_poca_insolacion
2019-10-03,2019,10,La Estanzuela,11.5,77,6.6,8.6,315.2,FALSE,2.2617630984737906,1,humedo_lluvioso_poca_insolacion
2019-10-04,2019,10,La Estanzuela,12.9,95,0,7.2,190.6,FALSE,2.1041341542702074,1,humedo_lluvioso_poca_insolacion
2019-10-05,2019,10,La Estanzuela,13.2,78,11.1,0,124.7,FALSE,0,2,seco_soleado
2019-10-06,2019,10,La Estanzuela,13.2,66,11.5,0,224.8,FALSE,0,2,seco_soleado
2019-10-07,2019,10,La Estanzuela,16,66,11.2,0,170,FALSE,0,2,seco_soleado
2019-10-08,2019,10,La Estanzuela,17.4,56,11.5,0,169.6,FALSE,0,2,seco_soleado
2019-10-09,2019,10,La Estanzuela,18.7,68,9.6,8.8,249.1,FALSE,2.2823823856765264,2,seco_soleado
2019-10-10,2019,10,La Estanzuela,21.6,73,5.8,22,302.8,FALSE,3.1354942159291497,1,humedo_lluvioso_poca_insolacion
2019-10-11,2019,10,La Estanzuela,19.5,88,2.7,60.4,224.7,FALSE,4.117409835153096,1,humedo_lluvioso_poca_insolacion
2019-10-12,2019,10,La Estanzuela,17.7,94,2.1,37.5,236,FALSE,3.6506582412937387,1,humedo_lluvioso_poca_insolacion
2019-10-13,2019,10,La Estanzuela,15,83,3.7,0,317.5,FALSE,0,1,humedo_lluvioso_poca_insolacion
2019-10-14,2019,10,La Estanzuela,10,69,0.5,0,280.2,FALSE,0,1,humedo_lluvioso_poca_insolacion
2019-10-15,2019,10,La Estanzuela,11.3,81,0,6.9,266.9,FALSE,2.066862759472976,1,humedo_lluvioso_poca_insolacion
2019-10-16,2019,10,La Estanzuela,14.1,90,0.6,0.6,288.2,FALSE,0.4700036292457355,1,humedo_lluvioso_poca_insolacion
2019-10-17,2019,10,La Estanzuela,16.4,94,0,6.6,235.9,FALSE,2.028148247292285,1,humedo_lluvioso_poca_insolacion
2019-10-18,2019,10,La Estanzuela,16.5,75,12.1,0,196.9,FALSE,0,2,seco_soleado
2019-10-19,2019,10,La Estanzuela,15.3,70,12,0,152.9,FALSE,0,2,seco_soleado
2019-10-20,2019,10,La Estanzuela,11.6,87,0.1,3.1,100.7,FALSE,1.410986973710262,1,humedo_lluvioso_poca_insolacion
2019-10-21,2019,10,La Estanzuela,13.6,80,5.5,0,140.6,FALSE,0,2,seco_soleado
2019-10-22,2019,10,La Estanzuela,14.4,70,8.8,0,260.4,FALSE,0,2,seco_soleado
2019-10-23,2019,10,La Estanzuela,14.7,72,12.2,0,163,FALSE,0,2,seco_soleado
2019-10-24,2019,10,La Estanzuela,16.4,64,11.5,0,176.2,FALSE,0,2,seco_soleado
2019-10-25,2019,10,La Estanzuela,20.3,64,12,0,227.9,FALSE,0,2,seco_soleado
2019-10-26,2019,10,La Estanzuela,22.3,54,11.5,1.2,280.9,FALSE,0.7884573603642702,2,seco_soleado
2019-10-27,2019,10,La Estanzuela,20.8,79,2.6,11.8,156.5,FALSE,2.5494451709255714,1,humedo_lluvioso_poca_insolacion
2019-10-28,2019,10,La Estanzuela,18.9,95,0,0,180.2,FALSE,0,1,humedo_lluvioso_poca_insolacion
2019-10-29,2019,10,La Estanzuela,16.6,89,8.4,0,242.6,FALSE,0,2,seco_soleado
2019-10-30,2019,10,La Estanzuela,16.4,86,6.1,0,236,FALSE,0,2,seco_soleado
2019-10-31,2019,10,La Estanzuela,17.5,71,12.5,0,248.3,FALSE,0,2,seco_soleado
2019-11-01,2019,11,La Estanzuela,18.9,84,1.5,3,226.1,FALSE,1.3862943611198906,1,humedo_lluvioso_poca_insolacion
2019-11-02,2019,11,La Estanzuela,20.5,82,5.8,0.6,153.4,FALSE,0.4700036292457355,2,seco_soleado
2019-11-03,2019,11,La Estanzuela,17.9,77,11.7,0,136.1,FALSE,0,2,seco_soleado
2019-11-04,2019,11,La Estanzuela,19.3,91,0.2,21.9,120.6,FALSE,3.131136910560194,1,humedo_lluvioso_poca_insolacion
2019-11-05,2019,11,La Estanzuela,20.2,64,11.7,0,134.2,FALSE,0,2,seco_soleado
2019-11-06,2019,11,La Estanzuela,19.6,68,6.3,0,207.3,FALSE,0,2,seco_soleado
2019-11-07,2019,11,La Estanzuela,20.2,63,12.4,0,283.6,FALSE,0,2,seco_soleado
2019-11-08,2019,11,La Estanzuela,18.5,71,12.2,0,216.1,FALSE,0,2,seco_soleado
2019-11-09,2019,11,La Estanzuela,18.4,82,7.8,0,206.3,FALSE,0,2,seco_soleado
2019-11-10,2019,11,La Estanzuela,18.5,75,12.6,0,255,FALSE,0,2,seco_soleado
2019-11-11,2019,11,La Estanzuela,19.7,68,8,0,325,FALSE,0,2,seco_soleado
2019-11-12,2019,11,La Estanzuela,21.2,76,10.9,0,169.6,FALSE,0,2,seco_soleado
2019-11-13,2019,11,La Estanzuela,23.7,74,9.4,0,102,FALSE,0,2,seco_soleado
2019-11-14,2019,11,La Estanzuela,21.6,73,10.1,0,125.1,FALSE,0,2,seco_soleado
2019-11-15,2019,11,La Estanzuela,20.8,62,12.7,0,204.3,FALSE,0,2,seco_soleado
2019-11-16,2019,11,La Estanzuela,20,72,3,0.6,176.6,FALSE,0.4700036292457355,1,humedo_lluvioso_poca_insolacion
2019-11-17,2019,11,La Estanzuela,24,64,8.8,0,162.3,FALSE,0,2,seco_soleado
2019-11-18,2019,11,La Estanzuela,24.8,61,9.1,0,159,FALSE,0,2,seco_soleado
2019-11-19,2019,11,La Estanzuela,24.1,69,12.2,0,204,FALSE,0,2,seco_soleado
2019-11-20,2019,11,La Estanzuela,26.5,57,12.7,0,155.2,FALSE,0,2,seco_soleado
2019-11-21,2019,11,La Estanzuela,25.9,69,8.5,6,239,FALSE,1.9459101490553132,2,seco_soleado
2019-11-22,2019,11,La Estanzuela,19.5,81,5.1,0,261.8,FALSE,0,2,seco_soleado
2019-11-23,2019,11,La Estanzuela,17.2,68,12.7,0,292.8,FALSE,0,2,seco_soleado
2019-11-24,2019,11,La Estanzuela,19.1,61,12.7,0,408.4,FALSE,0,2,seco_soleado
2019-11-25,2019,11,La Estanzuela,17.9,80,2.5,9.2,139.1,FALSE,2.3223877202902252,1,humedo_lluvioso_poca_insolacion
2019-11-26,2019,11,La Estanzuela,19.4,86,3.3,0,145.9,FALSE,0,1,humedo_lluvioso_poca_insolacion
2019-11-27,2019,11,La Estanzuela,20.6,57,12.9,0,175.1,FALSE,0,2,seco_soleado
2019-11-28,2019,11,La Estanzuela,22.6,51,13,0,202.5,FALSE,0,2,seco_soleado
2019-11-29,2019,11,La Estanzuela,21.8,64,8.3,1.3,195.2,FALSE,0.832909122935104,2,seco_soleado
2019-11-30,2019,11,La Estanzuela,22,57,12.1,0,296.8,FALSE,0,2,seco_soleado
2019-12-01,2019,12,La Estanzuela,18.6,43,13.1,0,163,FALSE,0,2,seco_soleado
2019-12-02,2019,12,La Estanzuela,18.6,54,13.1,0,139.6,FALSE,0,2,seco_soleado
2019-12-03,2019,12,La Estanzuela,18.3,62,3,0.3,192.1,FALSE,0.26236426446749106,2,seco_soleado
2019-12-04,2019,12,La Estanzuela,18.6,67,2.3,0,272,FALSE,0,2,seco_soleado
2019-12-05,2019,12,La Estanzuela,16.6,59,12.7,0,316.5,FALSE,0,2,seco_soleado
2019-12-06,2019,12,La Estanzuela,21.1,50,13.1,0,142.2,FALSE,0,2,seco_soleado
2019-12-07,2019,12,La Estanzuela,18.9,55,9.3,0,195.3,FALSE,0,2,seco_soleado
2019-12-08,2019,12,La Estanzuela,23.6,46,11.7,1.8,245.4,FALSE,1.0296194171811583,2,seco_soleado
2019-12-09,2019,12,La Estanzuela,25.8,52,13,0,259,FALSE,0,2,seco_soleado
2019-12-10,2019,12,La Estanzuela,28.6,40,13.4,0,275.6,FALSE,0,2,seco_soleado
2019-12-11,2019,12,La Estanzuela,28.3,47,10.1,5.3,323.2,FALSE,1.840549633397487,2,seco_soleado
2019-12-12,2019,12,La Estanzuela,21.2,53,12.6,0,338.3,FALSE,0,2,seco_soleado
2019-12-13,2019,12,La Estanzuela,18.6,48,12.5,0,164.3,FALSE,0,2,seco_soleado
2019-12-14,2019,12,La Estanzuela,22.9,50,8.2,4.4,152.1,FALSE,1.6863989535702288,2,seco_soleado
2019-12-15,2019,12,La Estanzuela,19.1,90,1.4,23.5,112.7,FALSE,3.1986731175506815,1,humedo_lluvioso_poca_insolacion
2019-12-16,2019,12,La Estanzuela,20.8,70,8.8,1.8,115.5,FALSE,1.0296194171811583,2,seco_soleado
2019-12-17,2019,12,La Estanzuela,20.9,73,12.9,0,264.9,FALSE,0,2,seco_soleado
2019-12-18,2019,12,La Estanzuela,25,53,11.7,0,299.1,FALSE,0,2,seco_soleado
2019-12-19,2019,12,La Estanzuela,24.7,53,11.9,0,178.3,FALSE,0,2,seco_soleado
2019-12-20,2019,12,La Estanzuela,21.6,82,0,8.5,314.1,FALSE,2.2512917986064953,1,humedo_lluvioso_poca_insolacion
2019-12-21,2019,12,La Estanzuela,17.3,75,4.6,0,295.7,FALSE,0,2,seco_soleado
2019-12-22,2019,12,La Estanzuela,17.2,66,12.8,0,169.6,FALSE,0,2,seco_soleado
2019-12-23,2019,12,La Estanzuela,21,55,13,0,230.5,FALSE,0,2,seco_soleado
2019-12-24,2019,12,La Estanzuela,24.3,47,12.8,0,333.9,FALSE,0,2,seco_soleado
2019-12-25,2019,12,La Estanzuela,21,63,5.8,6.5,231.1,FALSE,2.0149030205422647,1,humedo_lluvioso_poca_insolacion
2019-12-26,2019,12,La Estanzuela,20.6,83,7.8,3,188,FALSE,1.3862943611198906,1,humedo_lluvioso_poca_insolacion
2019-12-27,2019,12,La Estanzuela,25.9,78,11.7,0,203.4,FALSE,0,2,seco_soleado
2019-12-28,2019,12,La Estanzuela,26.7,70,3.6,0,140.6,FALSE,0,2,seco_soleado
2019-12-29,2019,12,La Estanzuela,27.4,71,7.9,0,150.3,FALSE,0,2,seco_soleado
2019-12-30,2019,12,La Estanzuela,24.3,87,0,26.1,187.8,FALSE,3.299533727885655,1,humedo_lluvioso_poca_insolacion
2019-12-31,2019,12,La Estanzuela,22.8,90,3.2,0.3,328.6,FALSE,0.26236426446749106,1,humedo_lluvioso_poca_insolacion
2020-01-01,2020,1,La Estanzuela,21.9,79,8.2,0,240.5,FALSE,0,2,seco_soleado
2020-01-02,2020,1,La Estanzuela,21.3,80,12.5,0,240.9,FALSE,0,2,seco_soleado
2020-01-03,2020,1,La Estanzuela,21.6,77,12.8,0,226.5,FALSE,0,2,seco_soleado
2020-01-04,2020,1,La Estanzuela,22.6,66,12.6,0,171,FALSE,0,2,seco_soleado
2020-01-05,2020,1,La Estanzuela,23.5,67,11.9,0,220.4,FALSE,0,2,seco_soleado
2020-01-06,2020,1,La Estanzuela,21.8,62,8.1,0,308.2,FALSE,0,2,seco_soleado
2020-01-07,2020,1,La Estanzuela,22.1,49,12.2,0,231.7,FALSE,0,2,seco_soleado
2020-01-08,2020,1,La Estanzuela,25.2,45,12.8,0,309.9,FALSE,0,2,seco_soleado
2020-01-09,2020,1,La Estanzuela,24.1,70,2,0,173.6,FALSE,0,2,seco_soleado
2020-01-10,2020,1,La Estanzuela,23.7,65,8.2,0,98,FALSE,0,2,seco_soleado
2020-01-11,2020,1,La Estanzuela,25.1,47,12.5,0,134.8,FALSE,0,2,seco_soleado
2020-01-12,2020,1,La Estanzuela,24.1,56,11.6,0,280,FALSE,0,2,seco_soleado
2020-01-13,2020,1,La Estanzuela,23.6,56,11.9,0,307,FALSE,0,2,seco_soleado
2020-01-14,2020,1,La Estanzuela,24.9,72,4.7,72,201.8,FALSE,4.290459441148391,1,humedo_lluvioso_poca_insolacion
2020-01-15,2020,1,La Estanzuela,22.5,85,3,1.6,189.1,FALSE,0.9555114450274363,1,humedo_lluvioso_poca_insolacion
2020-01-16,2020,1,La Estanzuela,19.1,50,12,0,146.4,FALSE,0,2,seco_soleado
2020-01-17,2020,1,La Estanzuela,19.8,56,12.1,0,156.9,FALSE,0,2,seco_soleado
2020-01-18,2020,1,La Estanzuela,22.2,61,10,0,154.3,FALSE,0,2,seco_soleado
2020-01-19,2020,1,La Estanzuela,26.1,62,11.6,0,150.6,FALSE,0,2,seco_soleado
2020-01-20,2020,1,La Estanzuela,27.4,67,9.9,0.7,105,FALSE,0.5306282510621704,2,seco_soleado
2020-01-21,2020,1,La Estanzuela,23.4,92,0,0.8,138.8,FALSE,0.5877866649021191,1,humedo_lluvioso_poca_insolacion
2020-01-22,2020,1,La Estanzuela,23.8,84,8.4,0,225.6,FALSE,0,2,seco_soleado
2020-01-23,2020,1,La Estanzuela,24.5,68,12.6,0,184.2,FALSE,0,2,seco_soleado
2020-01-24,2020,1,La Estanzuela,24.9,67,11.7,0,201.2,FALSE,0,2,seco_soleado
2020-01-25,2020,1,La Estanzuela,25.9,69,12,0,218.8,FALSE,0,2,seco_soleado
2020-01-26,2020,1,La Estanzuela,24,73,11.4,0,268.1,FALSE,0,2,seco_soleado
2020-01-27,2020,1,La Estanzuela,19.6,68,11.1,0,236.1,FALSE,0,2,seco_soleado
2020-01-28,2020,1,La Estanzuela,20.4,65,12.6,0,147,FALSE,0,2,seco_soleado
2020-01-29,2020,1,La Estanzuela,21.5,72,6.2,1.4,281.3,FALSE,0.8754687373538999,2,seco_soleado
2020-01-30,2020,1,La Estanzuela,19.1,64,12.4,0,193.4,FALSE,0,2,seco_soleado
2020-01-31,2020,1,La Estanzuela,19.4,59,12.5,0,142.6,FALSE,0,2,seco_soleado
2020-02-01,2020,2,La Estanzuela,22.3,61,12.7,0,134.3,FALSE,0,2,seco_soleado
2020-02-02,2020,2,La Estanzuela,25.4,62,12.6,0,150.8,FALSE,0,2,seco_soleado
2020-02-03,2020,2,La Estanzuela,27.5,57,12.7,0,315.5,FALSE,0,2,seco_soleado
2020-02-04,2020,2,La Estanzuela,28.1,63,12.1,0.6,354.2,FALSE,0.4700036292457355,2,seco_soleado
2020-02-05,2020,2,La Estanzuela,27.3,72,4.8,0.2,274.7,FALSE,0.18232155679395465,2,seco_soleado
2020-02-06,2020,2,La Estanzuela,29.2,68,9.4,0,219.6,FALSE,0,2,seco_soleado
2020-02-07,2020,2,La Estanzuela,26,83,6,42.2,210.6,FALSE,3.765840495250065,1,humedo_lluvioso_poca_insolacion
2020-02-08,2020,2,La Estanzuela,22.7,81,8.1,0,276,FALSE,0,2,seco_soleado
2020-02-09,2020,2,La Estanzuela,19.4,70,10.2,0,169.6,FALSE,0,2,seco_soleado
2020-02-10,2020,2,La Estanzuela,18.4,71,11,0,151.3,FALSE,0,2,seco_soleado
2020-02-11,2020,2,La Estanzuela,20.4,72,11.5,0,236.7,FALSE,0,2,seco_soleado
2020-02-12,2020,2,La Estanzuela,22.7,64,12.4,0,301.8,FALSE,0,2,seco_soleado
2020-02-13,2020,2,La Estanzuela,24.6,65,12.4,4.1,188.5,FALSE,1.62924053973028,2,seco_soleado
2020-02-14,2020,2,La Estanzuela,23.5,75,11.9,0,136.5,FALSE,0,2,seco_soleado
2020-02-15,2020,2,La Estanzuela,24.2,71,12.3,0,121.4,FALSE,0,2,seco_soleado
2020-02-16,2020,2,La Estanzuela,26.1,73,9.7,2.9,186.1,FALSE,1.3609765531356006,2,seco_soleado
2020-02-17,2020,2,La Estanzuela,24.1,82,3.3,19.6,321.1,FALSE,3.0252910757955354,1,humedo_lluvioso_poca_insolacion
2020-02-18,2020,2,La Estanzuela,21.4,78,11.8,0,223.3,FALSE,0,2,seco_soleado
2020-02-19,2020,2,La Estanzuela,20.4,73,11.5,0,214.9,FALSE,0,2,seco_soleado
2020-02-20,2020,2,La Estanzuela,18.7,51,11.5,0,271.2,FALSE,0,2,seco_soleado
2020-02-21,2020,2,La Estanzuela,17,59,11.8,0,216.1,FALSE,0,2,seco_soleado
2020-02-22,2020,2,La Estanzuela,16,71,10.5,0,155.1,FALSE,0,2,seco_soleado
2020-02-23,2020,2,La Estanzuela,18.8,71,11,0,176.2,FALSE,0,2,seco_soleado
2020-02-24,2020,2,La Estanzuela,22.1,62,11.8,0,185.9,FALSE,0,2,seco_soleado
2020-02-25,2020,2,La Estanzuela,19.8,66,5,0,144.4,FALSE,0,2,seco_soleado
2020-02-26,2020,2,La Estanzuela,18.2,68,11.7,0,143.2,FALSE,0,2,seco_soleado
2020-02-27,2020,2,La Estanzuela,20.6,58,11.8,0,167.9,FALSE,0,2,seco_soleado
2020-02-28,2020,2,La Estanzuela,22.8,63,11.6,0,166.3,FALSE,0,2,seco_soleado
2020-02-29,2020,2,La Estanzuela,23.7,67,8.8,0,158.2,FALSE,0,2,seco_soleado
2020-03-01,2020,3,La Estanzuela,25.7,58,9.6,0,180.1,FALSE,0,2,seco_soleado
2020-03-02,2020,3,La Estanzuela,25.2,61,11.5,0,196.9,FALSE,0,2,seco_soleado
2020-03-03,2020,3,La Estanzuela,24.1,67,11.7,0,175.1,FALSE,0,2,seco_soleado
2020-03-04,2020,3,La Estanzuela,24.1,68,11.7,0,183,FALSE,0,2,seco_soleado
2020-03-05,2020,3,La Estanzuela,23.4,70,11.7,0,169.7,FALSE,0,2,seco_soleado
2020-03-06,2020,3,La Estanzuela,22.9,71,5.8,0,189.7,FALSE,0,2,seco_soleado
2020-03-07,2020,3,La Estanzuela,24.6,63,11.4,0,200.3,FALSE,0,2,seco_soleado
2020-03-08,2020,3,La Estanzuela,25.4,59,6.5,0,173.7,FALSE,0,2,seco_soleado
2020-03-09,2020,3,La Estanzuela,22.5,80,6.5,2.4,264.7,FALSE,1.2237754316221157,1,humedo_lluvioso_poca_insolacion
2020-03-10,2020,3,La Estanzuela,20.7,76,9.4,0,256.6,FALSE,0,2,seco_soleado
2020-03-11,2020,3,La Estanzuela,19.9,92,0,20,169.6,FALSE,3.044522437723423,1,humedo_lluvioso_poca_insolacion
2020-03-12,2020,3,La Estanzuela,22,86,7.2,0,135.4,FALSE,0,2,seco_soleado
2020-03-13,2020,3,La Estanzuela,25.3,76,11,0,268.6,FALSE,0,2,seco_soleado
2020-03-14,2020,3,La Estanzuela,22,91,0,33,167.7,FALSE,3.5263605246161616,1,humedo_lluvioso_poca_insolacion
2020-03-15,2020,3,La Estanzuela,19.3,82,4.6,0.1,154.7,FALSE,0.09531017980432487,2,seco_soleado
2020-03-16,2020,3,La Estanzuela,18,79,11.2,0,176.6,FALSE,0,2,seco_soleado
2020-03-17,2020,3,La Estanzuela,18.9,88,2.3,7.3,172.9,FALSE,2.1162555148025524,1,humedo_lluvioso_poca_insolacion
2020-03-18,2020,3,La Estanzuela,19.8,94,3.5,0,113,FALSE,0,1,humedo_lluvioso_poca_insolacion
2020-03-19,2020,3,La Estanzuela,18.8,84,9.7,0,251.4,FALSE,0,2,seco_soleado
2020-03-20,2020,3,La Estanzuela,20.5,74,11.2,0,174.5,FALSE,0,2,seco_soleado
2020-03-21,2020,3,La Estanzuela,21.6,63,11.1,0,137.7,FALSE,0,2,seco_soleado
2020-03-22,2020,3,La Estanzuela,21.9,64,11.3,0,167.7,FALSE,0,2,seco_soleado
2020-03-23,2020,3,La Estanzuela,22.8,54,11.3,0,243.9,FALSE,0,2,seco_soleado
2020-03-24,2020,3,La Estanzuela,24.6,68,10.7,0,203.2,FALSE,0,2,seco_soleado
2020-03-25,2020,3,La Estanzuela,23,79,3.8,0,198.3,FALSE,0,2,seco_soleado
2020-03-26,2020,3,La Estanzuela,22.8,83,8.5,0,198.2,FALSE,0,2,seco_soleado
2020-03-27,2020,3,La Estanzuela,23.9,72,9.7,0,186.3,FALSE,0,2,seco_soleado
2020-03-28,2020,3,La Estanzuela,22.7,83,6.1,0,158.1,FALSE,0,2,seco_soleado
2020-03-29,2020,3,La Estanzuela,22.8,80,6.1,0,100.2,FALSE,0,2,seco_soleado
2020-03-30,2020,3,La Estanzuela,22.2,86,9.7,0,197.6,FALSE,0,2,seco_soleado
2020-03-31,2020,3,La Estanzuela,20.6,85,2.8,0,280.8,FALSE,0,1,humedo_lluvioso_poca_insolacion
2020-04-01,2020,4,La Estanzuela,20.8,88,3.9,39.9,356.1,FALSE,3.711130063048756,1,humedo_lluvioso_poca_insolacion
2020-04-02,2020,4,La Estanzuela,17.5,69,10.2,0,294.2,FALSE,0,2,seco_soleado
2020-04-03,2020,4,La Estanzuela,16.3,82,9.7,0,134.8,FALSE,0,2,seco_soleado
2020-04-04,2020,4,La Estanzuela,17.1,73,10.8,0,164.3,FALSE,0,2,seco_soleado
2020-04-05,2020,4,La Estanzuela,18.5,76,3.5,0,150.3,FALSE,0,2,seco_soleado
2020-04-06,2020,4,La Estanzuela,16.2,65,10.7,0,242.1,FALSE,0,2,seco_soleado
2020-04-07,2020,4,La Estanzuela,13,66,9.7,0,130.9,FALSE,0,2,seco_soleado
2020-04-08,2020,4,La Estanzuela,12.2,77,10.7,0,104.6,FALSE,0,2,seco_soleado
2020-04-09,2020,4,La Estanzuela,14.7,82,9,0,127.1,FALSE,0,2,seco_soleado
2020-04-10,2020,4,La Estanzuela,15.5,81,10.6,0,167.7,FALSE,0,2,seco_soleado
2020-04-11,2020,4,La Estanzuela,17.3,78,8.9,0,144,FALSE,0,2,seco_soleado
2020-04-12,2020,4,La Estanzuela,17.9,75,8.6,0,158.6,FALSE,0,2,seco_soleado
2020-04-13,2020,4,La Estanzuela,16.4,84,0,31.6,300.4,FALSE,3.484312288372662,1,humedo_lluvioso_poca_insolacion
2020-04-14,2020,4,La Estanzuela,14.5,71,10.4,0,432.5,FALSE,0,2,seco_soleado
2020-04-15,2020,4,La Estanzuela,13.6,77,10.4,0,142.4,FALSE,0,2,seco_soleado
2020-04-16,2020,4,La Estanzuela,13.3,83,10.6,0,86.9,FALSE,0,2,seco_soleado
2020-04-17,2020,4,La Estanzuela,15.4,86,9.9,0,123.9,FALSE,0,2,seco_soleado
2020-04-18,2020,4,La Estanzuela,17.8,72,10.5,0,228.7,FALSE,0,2,seco_soleado
2020-04-19,2020,4,La Estanzuela,18.6,75,10.7,0,162.3,FALSE,0,2,seco_soleado
2020-04-20,2020,4,La Estanzuela,20.4,70,10.5,0,149.6,FALSE,0,2,seco_soleado
2020-04-21,2020,4,La Estanzuela,17,80,9.2,0,213,FALSE,0,2,seco_soleado
2020-04-22,2020,4,La Estanzuela,16.9,83,4.5,0,135.1,FALSE,0,2,seco_soleado
2020-04-23,2020,4,La Estanzuela,20.5,80,8.5,0,259.1,FALSE,0,2,seco_soleado
2020-04-24,2020,4,La Estanzuela,21.9,70,3.4,3.3,193.4,FALSE,1.4586150226995167,1,humedo_lluvioso_poca_insolacion
2020-04-25,2020,4,La Estanzuela,18.2,90,0,9,253.8,FALSE,2.302585092994046,1,humedo_lluvioso_poca_insolacion
2020-04-26,2020,4,La Estanzuela,17.6,86,6.9,0,248.6,FALSE,0,2,seco_soleado
2020-04-27,2020,4,La Estanzuela,17.6,87,3.2,14.5,391.3,FALSE,2.740840023925201,1,humedo_lluvioso_poca_insolacion
2020-04-28,2020,4,La Estanzuela,18.1,94,0,23.4,325,FALSE,3.1945831322991562,1,humedo_lluvioso_poca_insolacion
2020-04-29,2020,4,La Estanzuela,15.2,80,10.3,0,243.5,FALSE,0,2,seco_soleado
2020-04-30,2020,4,La Estanzuela,14.3,79,10.1,0,92.9,FALSE,0,2,seco_soleado
2020-05-01,2020,5,La Estanzuela,14.9,79,9.1,0,162.4,FALSE,0,2,seco_soleado
2020-05-02,2020,5,La Estanzuela,14.4,89,9.4,0,163.5,FALSE,0,2,seco_soleado
2020-05-03,2020,5,La Estanzuela,15.1,79,8.5,1.4,152.3,FALSE,0.8754687373538999,2,seco_soleado
2020-05-04,2020,5,La Estanzuela,14.9,88,2,3.8,201.5,FALSE,1.5686159179138452,1,humedo_lluvioso_poca_insolacion
2020-05-05,2020,5,La Estanzuela,13.1,80,2.3,0,508.8,FALSE,0,1,humedo_lluvioso_poca_insolacion
2020-05-06,2020,5,La Estanzuela,11.5,80,6.1,0,142.5,FALSE,0,2,seco_soleado
2020-05-07,2020,5,La Estanzuela,12.3,74,7.7,0,148.5,FALSE,0,2,seco_soleado
2020-05-08,2020,5,La Estanzuela,11.3,75,9.3,0,233.5,FALSE,0,2,seco_soleado
2020-05-09,2020,5,La Estanzuela,13.7,68,9.8,0,250.7,FALSE,0,2,seco_soleado
2020-05-10,2020,5,La Estanzuela,18.7,65,9.6,0,159.2,FALSE,0,2,seco_soleado
2020-05-11,2020,5,La Estanzuela,14.7,61,6.8,0,96.7,FALSE,0,2,seco_soleado
2020-05-12,2020,5,La Estanzuela,12.1,76,9.7,0,91.1,FALSE,0,2,seco_soleado
2020-05-13,2020,5,La Estanzuela,13,80,9.4,0,128.7,FALSE,0,2,seco_soleado
2020-05-14,2020,5,La Estanzuela,9.5,75,9.5,0,166.1,FALSE,0,2,seco_soleado
2020-05-15,2020,5,La Estanzuela,13,67,3.8,0,309.1,FALSE,0,2,seco_soleado
2020-05-16,2020,5,La Estanzuela,18.2,60,9.3,0,293.2,FALSE,0,2,seco_soleado
2020-05-17,2020,5,La Estanzuela,17.5,68,9.5,0,191.5,FALSE,0,2,seco_soleado
2020-05-18,2020,5,La Estanzuela,16.8,73,9.5,0,244.2,FALSE,0,2,seco_soleado
2020-05-19,2020,5,La Estanzuela,17.9,74,9.5,0,207.5,FALSE,0,2,seco_soleado
2020-05-20,2020,5,La Estanzuela,20,75,7.4,2.7,199.2,FALSE,1.308332819650179,2,seco_soleado
2020-05-21,2020,5,La Estanzuela,14.9,97,0,0.8,394.9,FALSE,0.5877866649021191,1,humedo_lluvioso_poca_insolacion
2020-05-22,2020,5,La Estanzuela,13.4,91,0,0,372,FALSE,0,1,humedo_lluvioso_poca_insolacion
2020-05-23,2020,5,La Estanzuela,12.2,87,8.7,0,134.2,FALSE,0,2,seco_soleado
2020-05-24,2020,5,La Estanzuela,11.3,76,4.1,0,468.3,FALSE,0,1,humedo_lluvioso_poca_insolacion
2020-05-25,2020,5,La Estanzuela,13.6,76,4.8,0,390.3,FALSE,0,1,humedo_lluvioso_poca_insolacion
2020-05-26,2020,5,La Estanzuela,10.8,89,6.1,0,155.7,FALSE,0,1,humedo_lluvioso_poca_insolacion
2020-05-27,2020,5,La Estanzuela,12.6,80,9.6,0,217.7,FALSE,0,2,seco_soleado
2020-05-28,2020,5,La Estanzuela,14.8,81,9.2,0,111,FALSE,0,2,seco_soleado
2020-05-29,2020,5,La Estanzuela,15.1,83,8.9,0,115.2,FALSE,0,2,seco_soleado
2020-05-30,2020,5,La Estanzuela,13.3,85,4.1,0,549.8,FALSE,0,1,humedo_lluvioso_poca_insolacion
2020-05-31,2020,5,La Estanzuela,9.7,73,4.1,0,353.1,FALSE,0,1,humedo_lluvioso_poca_insolacion
2020-06-01,2020,6,La Estanzuela,8.4,84,8.6,0,112.1,FALSE,0,2,seco_soleado
2020-06-02,2020,6,La Estanzuela,8.1,81,9.3,0,116.2,FALSE,0,2,seco_soleado
2020-06-03,2020,6,La Estanzuela,9.2,78,9,0,86.7,FALSE,0,2,seco_soleado
2020-06-04,2020,6,La Estanzuela,9.1,91,9.4,0,123.9,FALSE,0,2,seco_soleado
2020-06-05,2020,6,La Estanzuela,11.9,98,0,0,224.8,FALSE,0,1,humedo_lluvioso_poca_insolacion
2020-06-06,2020,6,La Estanzuela,14.4,96,0.1,0.7,181.7,FALSE,0.5306282510621704,1,humedo_lluvioso_poca_insolacion
2020-06-07,2020,6,La Estanzuela,13.8,99,0,0.6,104.2,FALSE,0.4700036292457355,1,humedo_lluvioso_poca_insolacion
2020-06-08,2020,6,La Estanzuela,12.7,98,0.2,0.1,128.9,FALSE,0.09531017980432487,1,humedo_lluvioso_poca_insolacion
2020-06-09,2020,6,La Estanzuela,12,91,6.9,0,122.7,FALSE,0,2,seco_soleado
2020-06-10,2020,6,La Estanzuela,11.8,88,8.7,0,104.2,FALSE,0,2,seco_soleado
2020-06-11,2020,6,La Estanzuela,11.2,90,8.5,0,171.7,FALSE,0,2,seco_soleado
2020-06-12,2020,6,La Estanzuela,14.2,87,1.9,0,361.7,FALSE,0,1,humedo_lluvioso_poca_insolacion
2020-06-13,2020,6,La Estanzuela,8.1,46,9.4,0,299.8,FALSE,0,2,seco_soleado
2020-06-14,2020,6,La Estanzuela,5.9,64,9,0,120.6,FALSE,0,2,seco_soleado
2020-06-15,2020,6,La Estanzuela,10.6,62,4.5,0,314.9,FALSE,0,2,seco_soleado
2020-06-16,2020,6,La Estanzuela,19,81,7.2,0,403.4,FALSE,0,2,seco_soleado
2020-06-17,2020,6,La Estanzuela,21.9,73,4.3,31.5,504.8,FALSE,3.481240089335692,1,humedo_lluvioso_poca_insolacion
2020-06-18,2020,6,La Estanzuela,14.2,90,3.6,0.7,269.9,FALSE,0.5306282510621704,1,humedo_lluvioso_poca_insolacion
2020-06-19,2020,6,La Estanzuela,11.2,96,1.2,0,153.5,FALSE,0,1,humedo_lluvioso_poca_insolacion
2020-06-20,2020,6,La Estanzuela,12.7,91,5.3,18.5,249.6,FALSE,2.970414465569701,1,humedo_lluvioso_poca_insolacion
2020-06-21,2020,6,La Estanzuela,12.1,93,3.7,0.4,147.3,FALSE,0.33647223662121295,1,humedo_lluvioso_poca_insolacion
2020-06-22,2020,6,La Estanzuela,12.3,92,4.9,18.7,204.7,FALSE,2.9806186357439426,1,humedo_lluvioso_poca_insolacion
2020-06-23,2020,6,La Estanzuela,13.6,99,0,3.5,192.4,FALSE,1.5040773967762742,1,humedo_lluvioso_poca_insolacion
2020-06-24,2020,6,La Estanzuela,11.8,95,0,5.4,248.6,FALSE,1.8562979903656263,1,humedo_lluvioso_poca_insolacion
2020-06-25,2020,6,La Estanzuela,8.6,76,8.3,0,263,FALSE,0,2,seco_soleado
2020-06-26,2020,6,La Estanzuela,7.4,76,6.6,0,119.4,FALSE,0,2,seco_soleado
2020-06-27,2020,6,La Estanzuela,8.4,72,5.2,0,112.6,FALSE,0,2,seco_soleado
2020-06-28,2020,6,La Estanzuela,7.9,80,8,0,178.1,FALSE,0,2,seco_soleado
2020-06-29,2020,6,La Estanzuela,9.6,79,5.4,8.3,263.8,FALSE,2.2300144001592104,1,humedo_lluvioso_poca_insolacion
2020-06-30,2020,6,La Estanzuela,10.7,98,0,17.7,294.3,FALSE,2.928523523860541,1,humedo_lluvioso_poca_insolacion
2020-07-01,2020,7,La Estanzuela,7.3,81,2.8,0,113.1,FALSE,0,1,humedo_lluvioso_poca_insolacion
2020-07-02,2020,7,La Estanzuela,6.6,86,0.9,0,221.2,FALSE,0,1,humedo_lluvioso_poca_insolacion
2020-07-03,2020,7,La Estanzuela,8.8,82,4.3,0.1,358.3,FALSE,0.09531017980432487,1,humedo_lluvioso_poca_insolacion
2020-07-04,2020,7,La Estanzuela,10.2,82,3.2,0,154.6,FALSE,0,1,humedo_lluvioso_poca_insolacion
2020-07-05,2020,7,La Estanzuela,9.2,88,6.5,0,81.2,FALSE,0,2,seco_soleado
2020-07-06,2020,7,La Estanzuela,8.1,90,7.3,0,105.3,FALSE,0,2,seco_soleado
2020-07-07,2020,7,La Estanzuela,7,84,5,0,173.6,FALSE,0,1,humedo_lluvioso_poca_insolacion
2020-07-08,2020,7,La Estanzuela,8,88,3.3,0,117.9,FALSE,0,1,humedo_lluvioso_poca_insolacion
2020-07-09,2020,7,La Estanzuela,7.8,79,8.7,0,333.3,FALSE,0,2,seco_soleado
2020-07-10,2020,7,La Estanzuela,9.2,83,0,0,216.1,FALSE,0,1,humedo_lluvioso_poca_insolacion
2020-07-11,2020,7,La Estanzuela,7.5,71,8.7,0.4,139.1,FALSE,0.33647223662121295,2,seco_soleado
2020-07-12,2020,7,La Estanzuela,8.2,65,4.9,0,310.3,FALSE,0,2,seco_soleado
2020-07-13,2020,7,La Estanzuela,7.6,55,6.4,0,295.5,FALSE,0,2,seco_soleado
2020-07-14,2020,7,La Estanzuela,4.6,61,9.5,0,158.5,FALSE,0,2,seco_soleado
2020-07-15,2020,7,La Estanzuela,7.9,52,9.3,0,183.6,FALSE,0,2,seco_soleado
2020-07-16,2020,7,La Estanzuela,8.2,63,3,0,157.8,FALSE,0,2,seco_soleado
2020-07-17,2020,7,La Estanzuela,10.5,85,7.7,8.4,322,FALSE,2.2407096892759584,1,humedo_lluvioso_poca_insolacion
2020-07-18,2020,7,La Estanzuela,15.5,96,2.4,0.1,91.7,FALSE,0.09531017980432487,1,humedo_lluvioso_poca_insolacion
2020-07-19,2020,7,La Estanzuela,17.6,86,3.5,0,181.4,FALSE,0,1,humedo_lluvioso_poca_insolacion
2020-07-20,2020,7,La Estanzuela,18.4,88,3.5,0.05,173.4,FALSE,0.04879016416943201,1,humedo_lluvioso_poca_insolacion
2020-07-21,2020,7,La Estanzuela,12.3,100,0,0.1,129.2,FALSE,0.09531017980432487,1,humedo_lluvioso_poca_insolacion
2020-07-22,2020,7,La Estanzuela,12.7,99,0,4.2,140.9,FALSE,1.6486586255873816,1,humedo_lluvioso_poca_insolacion
2020-07-23,2020,7,La Estanzuela,12.1,99,0,16.8,323.6,FALSE,2.8791984572980396,1,humedo_lluvioso_poca_insolacion
2020-07-24,2020,7,La Estanzuela,7.5,86,5.3,0,289.5,FALSE,0,1,humedo_lluvioso_poca_insolacion
2020-07-25,2020,7,La Estanzuela,7.6,75,8.4,0,256,FALSE,0,2,seco_soleado
2020-07-26,2020,7,La Estanzuela,9.2,76,8.3,0,244.6,FALSE,0,2,seco_soleado
2020-07-27,2020,7,La Estanzuela,9.1,72,5.1,0,301.1,FALSE,0,2,seco_soleado
2020-07-28,2020,7,La Estanzuela,5.3,83,9.3,0,156.6,FALSE,0,2,seco_soleado
2020-07-29,2020,7,La Estanzuela,5.5,82,9.5,0,117.6,FALSE,0,2,seco_soleado
2020-07-30,2020,7,La Estanzuela,7.3,76,9.3,0,260.2,FALSE,0,2,seco_soleado
2020-07-31,2020,7,La Estanzuela,8.9,92,5,0,125.4,FALSE,0,1,humedo_lluvioso_poca_insolacion
2020-08-01,2020,8,La Estanzuela,13.3,85,8.2,0,378.2,FALSE,0,2,seco_soleado
2020-08-02,2020,8,La Estanzuela,17.7,86,2.8,0,167.6,FALSE,0,1,humedo_lluvioso_poca_insolacion
2020-08-03,2020,8,La Estanzuela,17.3,84,7.7,0,191.7,FALSE,0,2,seco_soleado
2020-08-04,2020,8,La Estanzuela,19,77,8.7,0,273.4,FALSE,0,2,seco_soleado
2020-08-05,2020,8,La Estanzuela,20.4,73,4.3,0,257.6,FALSE,0,2,seco_soleado
2020-08-06,2020,8,La Estanzuela,12.8,85,0,18.5,227.2,FALSE,2.970414465569701,1,humedo_lluvioso_poca_insolacion
2020-08-07,2020,8,La Estanzuela,9.6,98,0,9.8,211.9,FALSE,2.379546134130174,1,humedo_lluvioso_poca_insolacion
2020-08-08,2020,8,La Estanzuela,16,96,3.7,0,180.4,FALSE,0,1,humedo_lluvioso_poca_insolacion
2020-08-09,2020,8,La Estanzuela,15.5,97,0,1.6,200.2,FALSE,0.9555114450274363,1,humedo_lluvioso_poca_insolacion
2020-08-10,2020,8,La Estanzuela,14.9,75,8.1,0,429.5,FALSE,0,2,seco_soleado
2020-08-11,2020,8,La Estanzuela,7.7,59,9.9,0,181.5,FALSE,0,2,seco_soleado
2020-08-12,2020,8,La Estanzuela,7.1,68,9.2,0,157.7,FALSE,0,2,seco_soleado
2020-08-13,2020,8,La Estanzuela,8.7,72,8.6,0,155.4,FALSE,0,2,seco_soleado
2020-08-14,2020,8,La Estanzuela,11,82,8.7,0,193.1,FALSE,0,2,seco_soleado
2020-08-15,2020,8,La Estanzuela,9.7,68,9.6,0,292.1,FALSE,0,2,seco_soleado
2020-08-16,2020,8,La Estanzuela,9.3,62,9.5,0,235.3,FALSE,0,2,seco_soleado
2020-08-17,2020,8,La Estanzuela,11.2,74,10,0,163.4,FALSE,0,2,seco_soleado
2020-08-18,2020,8,La Estanzuela,12.6,73,9.1,0,181.2,FALSE,0,2,seco_soleado
2020-08-19,2020,8,La Estanzuela,7.1,75,8.7,0.1,202.8,FALSE,0.09531017980432487,2,seco_soleado
2020-08-20,2020,8,La Estanzuela,6,76,9.6,0,239.3,FALSE,0,2,seco_soleado
2020-08-21,2020,8,La Estanzuela,8,69,9.4,0,198.9,FALSE,0,2,seco_soleado
2020-08-22,2020,8,La Estanzuela,9.8,65,9.9,0,246.9,FALSE,0,2,seco_soleado
2020-08-23,2020,8,La Estanzuela,13.8,65,10.4,0,321.3,FALSE,0,2,seco_soleado
2020-08-24,2020,8,La Estanzuela,16.8,71,10,0,333.4,FALSE,0,2,seco_soleado
2020-08-25,2020,8,La Estanzuela,17.8,81,1.4,5,249.2,FALSE,1.791759469228055,1,humedo_lluvioso_poca_insolacion
2020-08-26,2020,8,La Estanzuela,17.4,94,0.6,1.01,179.6,FALSE,0.6981347220709844,1,humedo_lluvioso_poca_insolacion
2020-08-27,2020,8,La Estanzuela,13,84,7.9,0,180.7,FALSE,0,2,seco_soleado
2020-08-28,2020,8,La Estanzuela,15.2,93,2,0.1,124.1,FALSE,0.09531017980432487,1,humedo_lluvioso_poca_insolacion
2020-08-29,2020,8,La Estanzuela,12.2,95,0,2.1,147.6,FALSE,1.1314021114911006,1,humedo_lluvioso_poca_insolacion
2020-08-30,2020,8,La Estanzuela,7.2,77,9.9,0,112,FALSE,0,2,seco_soleado
2020-08-31,2020,8,La Estanzuela,8,80,0,0,189.9,FALSE,0,1,humedo_lluvioso_poca_insolacion
2020-09-01,2020,9,La Estanzuela,7.3,86,0,11.4,291.9,FALSE,2.517696472610991,1,humedo_lluvioso_poca_insolacion
2020-09-02,2020,9,La Estanzuela,10,98,0,16,252.9,FALSE,2.833213344056216,1,humedo_lluvioso_poca_insolacion
2020-09-03,2020,9,La Estanzuela,9.2,92,2.3,0,166.5,FALSE,0,1,humedo_lluvioso_poca_insolacion
2020-09-04,2020,9,La Estanzuela,11.1,92,4.9,0,188.2,FALSE,0,1,humedo_lluvioso_poca_insolacion
2020-09-05,2020,9,La Estanzuela,11,86,9,0,233,FALSE,0,2,seco_soleado
2020-09-06,2020,9,La Estanzuela,9.2,88,9.5,0,184,FALSE,0,2,seco_soleado
2020-09-07,2020,9,La Estanzuela,10.3,89,9.3,0,204.2,FALSE,0,2,seco_soleado
2020-09-08,2020,9,La Estanzuela,13.9,79,8.8,0,268.5,FALSE,0,2,seco_soleado
2020-09-09,2020,9,La Estanzuela,14.6,93,0.8,0,87.7,FALSE,0,1,humedo_lluvioso_poca_insolacion
2020-09-10,2020,9,La Estanzuela,14.9,86,8.8,0,198.7,FALSE,0,2,seco_soleado
2020-09-11,2020,9,La Estanzuela,14.5,84,8.2,0,152.7,FALSE,0,2,seco_soleado
2020-09-12,2020,9,La Estanzuela,10.7,81,2.8,0,147.5,FALSE,0,1,humedo_lluvioso_poca_insolacion
2020-09-13,2020,9,La Estanzuela,12.2,79,2.6,0,138,FALSE,0,1,humedo_lluvioso_poca_insolacion
2020-09-14,2020,9,La Estanzuela,10.5,66,10.4,0,140.5,FALSE,0,2,seco_soleado
2020-09-15,2020,9,La Estanzuela,9.1,81,5.3,0,139.2,FALSE,0,2,seco_soleado
2020-09-16,2020,9,La Estanzuela,11.2,83,10,0,142.3,FALSE,0,2,seco_soleado
2020-09-17,2020,9,La Estanzuela,15,73,8.6,0,228.1,FALSE,0,2,seco_soleado
2020-09-18,2020,9,La Estanzuela,14.9,70,9,0,136.5,FALSE,0,2,seco_soleado
2020-09-19,2020,9,La Estanzuela,10.2,77,10.3,0,202.5,FALSE,0,2,seco_soleado
2020-09-20,2020,9,La Estanzuela,11.6,67,10.8,0,202.5,FALSE,0,2,seco_soleado
2020-09-21,2020,9,La Estanzuela,8.8,80,11.2,0,172.4,FALSE,0,2,seco_soleado
2020-09-22,2020,9,La Estanzuela,12.3,64,9.6,0,179.8,FALSE,0,2,seco_soleado
2020-09-23,2020,9,La Estanzuela,14.8,70,8.7,0,139.1,FALSE,0,2,seco_soleado
2020-09-24,2020,9,La Estanzuela,14.6,72,9.6,3.2,225.1,FALSE,1.4350845252893227,2,seco_soleado
2020-09-25,2020,9,La Estanzuela,14.7,82,0.1,26,241.6,FALSE,3.295836866004329,1,humedo_lluvioso_poca_insolacion
2020-09-26,2020,9,La Estanzuela,16.1,96,1.6,7.1,208.3,FALSE,2.0918640616783932,1,humedo_lluvioso_poca_insolacion
2020-09-27,2020,9,La Estanzuela,14.5,93,0.2,0.2,440.8,FALSE,0.18232155679395465,1,humedo_lluvioso_poca_insolacion
2020-09-28,2020,9,La Estanzuela,13.7,66,11.5,0,243.3,FALSE,0,2,seco_soleado
2020-09-29,2020,9,La Estanzuela,15.8,63,11.4,0,266.3,FALSE,0,2,seco_soleado
2020-09-30,2020,9,La Estanzuela,18.6,71,11,0,162.5,FALSE,0,2,seco_soleado
2020-10-01,2020,10,La Estanzuela,16,68,8.5,0,267.5,FALSE,0,2,seco_soleado
2020-10-02,2020,10,La Estanzuela,10.9,72,10.4,0,376.1,FALSE,0,2,seco_soleado
2020-10-03,2020,10,La Estanzuela,9,66,9.7,0,287.7,FALSE,0,2,seco_soleado
2020-10-04,2020,10,La Estanzuela,11.2,82,5.1,0.9,269.8,FALSE,0.6418538861723948,1,humedo_lluvioso_poca_insolacion
2020-10-05,2020,10,La Estanzuela,12,88,8.2,0,178.4,FALSE,0,2,seco_soleado
2020-10-06,2020,10,La Estanzuela,12.2,80,10.1,0,124.1,FALSE,0,2,seco_soleado
2020-10-07,2020,10,La Estanzuela,16.6,71,11.1,0,151.9,FALSE,0,2,seco_soleado
2020-10-08,2020,10,La Estanzuela,14.3,65,11.7,0,164.7,FALSE,0,2,seco_soleado
2020-10-09,2020,10,La Estanzuela,15.7,62,11.7,0,234.2,FALSE,0,2,seco_soleado
2020-10-10,2020,10,La Estanzuela,14.4,64,11.6,0.8,226.8,FALSE,0.5877866649021191,2,seco_soleado
2020-10-11,2020,10,La Estanzuela,15.6,69,10.4,0,387.4,FALSE,0,2,seco_soleado
2020-10-12,2020,10,La Estanzuela,13.7,81,10.8,0,166,FALSE,0,2,seco_soleado
2020-10-13,2020,10,La Estanzuela,15.2,76,11.2,0,130.7,FALSE,0,2,seco_soleado
2020-10-14,2020,10,La Estanzuela,18.8,70,11.5,0,174.3,FALSE,0,2,seco_soleado
2020-10-15,2020,10,La Estanzuela,15.9,91,3.4,0,180,FALSE,0,1,humedo_lluvioso_poca_insolacion
2020-10-16,2020,10,La Estanzuela,18.7,84,10.9,0,265.2,FALSE,0,2,seco_soleado
2020-10-17,2020,10,La Estanzuela,19.4,84,2.9,3,251.7,FALSE,1.3862943611198906,1,humedo_lluvioso_poca_insolacion
2020-10-18,2020,10,La Estanzuela,25.6,76,9.8,0.1,262.2,FALSE,0.09531017980432487,2,seco_soleado
2020-10-19,2020,10,La Estanzuela,22.1,83,6.2,42,340.3,FALSE,3.7612001156935624,1,humedo_lluvioso_poca_insolacion
2020-10-20,2020,10,La Estanzuela,11.9,84,0,5.4,298.1,FALSE,1.8562979903656263,1,humedo_lluvioso_poca_insolacion
2020-10-21,2020,10,La Estanzuela,13.9,82,5.7,26.5,315.4,FALSE,3.3141860046725258,1,humedo_lluvioso_poca_insolacion
2020-10-22,2020,10,La Estanzuela,14.6,96,0,8,192.5,FALSE,2.1972245773362196,1,humedo_lluvioso_poca_insolacion
2020-10-23,2020,10,La Estanzuela,17.9,96,1.9,0,152.2,FALSE,0,1,humedo_lluvioso_poca_insolacion
2020-10-24,2020,10,La Estanzuela,17.8,97,2.4,0,213.4,FALSE,0,1,humedo_lluvioso_poca_insolacion
2020-10-25,2020,10,La Estanzuela,20,95,1.2,5,195.5,FALSE,1.791759469228055,1,humedo_lluvioso_poca_insolacion
2020-10-26,2020,10,La Estanzuela,16.1,84,11.6,0,158,FALSE,0,2,seco_soleado
2020-10-27,2020,10,La Estanzuela,14,83,12,0,124.6,FALSE,0,2,seco_soleado
2020-10-28,2020,10,La Estanzuela,15.1,85,4,0,219.6,FALSE,0,1,humedo_lluvioso_poca_insolacion
2020-10-29,2020,10,La Estanzuela,13.8,80,11.6,0,164.4,FALSE,0,2,seco_soleado
2020-10-30,2020,10,La Estanzuela,12.4,79,10.5,0,152.8,FALSE,0,2,seco_soleado
2020-10-31,2020,10,La Estanzuela,14,84,11.2,0,171.1,FALSE,0,2,seco_soleado
2020-11-01,2020,11,La Estanzuela,16.1,78,12,0,139.3,FALSE,0,2,seco_soleado
2020-11-02,2020,11,La Estanzuela,16.7,79,12,0,168.7,FALSE,0,2,seco_soleado
2020-11-03,2020,11,La Estanzuela,17.2,85,11.8,0,246.8,FALSE,0,2,seco_soleado
2020-11-04,2020,11,La Estanzuela,17.2,67,11.6,0,322.8,FALSE,0,2,seco_soleado
2020-11-05,2020,11,La Estanzuela,17.7,74,12,0,227,FALSE,0,2,seco_soleado
2020-11-06,2020,11,La Estanzuela,18.8,82,9.6,0,184.4,FALSE,0,2,seco_soleado
2020-11-07,2020,11,La Estanzuela,19.6,83,12,0,177.9,FALSE,0,2,seco_soleado
2020-11-08,2020,11,La Estanzuela,18.9,82,11.8,0,218.5,FALSE,0,2,seco_soleado
2020-11-09,2020,11,La Estanzuela,18.3,79,0.3,0,172.8,FALSE,0,1,humedo_lluvioso_poca_insolacion
2020-11-10,2020,11,La Estanzuela,18.6,83,11.6,0,176.2,FALSE,0,2,seco_soleado
2020-11-11,2020,11,La Estanzuela,18.6,82,11.7,0,189.4,FALSE,0,2,seco_soleado
2020-11-12,2020,11,La Estanzuela,17.9,88,11.5,0,168.9,FALSE,0,2,seco_soleado
2020-11-13,2020,11,La Estanzuela,19.4,89,11.6,0,200.3,FALSE,0,2,seco_soleado
2020-11-14,2020,11,La Estanzuela,20.4,87,1.8,1.2,163.9,FALSE,0.7884573603642702,1,humedo_lluvioso_poca_insolacion
2020-11-15,2020,11,La Estanzuela,18.3,91,8.2,0,122.8,FALSE,0,2,seco_soleado
2020-11-16,2020,11,La Estanzuela,18.1,82,11.8,0,177.4,FALSE,0,2,seco_soleado
2020-11-17,2020,11,La Estanzuela,20,69,11.4,0,156.2,FALSE,0,2,seco_soleado
2020-11-18,2020,11,La Estanzuela,19.8,80,9.2,0,204.4,FALSE,0,2,seco_soleado
2020-11-19,2020,11,La Estanzuela,17.9,79,12.2,0,199,FALSE,0,2,seco_soleado
2020-11-20,2020,11,La Estanzuela,18.3,79,12.1,0,249.5,FALSE,0,2,seco_soleado
2020-11-21,2020,11,La Estanzuela,20.4,73,8.6,0,233.2,FALSE,0,2,seco_soleado
2020-11-22,2020,11,La Estanzuela,21.7,70,11.4,0,242.1,FALSE,0,2,seco_soleado
2020-11-23,2020,11,La Estanzuela,24.7,55,12.3,0,380.3,FALSE,0,2,seco_soleado
2020-11-24,2020,11,La Estanzuela,24.3,75,5.1,20.02,319.8,FALSE,3.045474365448805,1,humedo_lluvioso_poca_insolacion
2020-11-25,2020,11,La Estanzuela,21.5,90,3.9,2.6,149.1,FALSE,1.2809338454620642,1,humedo_lluvioso_poca_insolacion
2020-11-26,2020,11,La Estanzuela,19.1,76,11.6,0,212.2,FALSE,0,2,seco_soleado
2020-11-27,2020,11,La Estanzuela,21.6,64,12.1,0,282.9,FALSE,0,2,seco_soleado
2020-11-28,2020,11,La Estanzuela,21.2,83,4.6,7.2,235.6,FALSE,2.1041341542702074,1,humedo_lluvioso_poca_insolacion
2020-11-29,2020,11,La Estanzuela,22.9,81,9.2,0.1,296.6,FALSE,0.09531017980432487,2,seco_soleado
2020-11-30,2020,11,La Estanzuela,18.3,68,12.2,0,271,FALSE,0,2,seco_soleado
2020-12-01,2020,12,La Estanzuela,20.4,77,9,0,144.5,FALSE,0,2,seco_soleado
2020-12-02,2020,12,La Estanzuela,20.9,90,2.2,20,139.6,FALSE,3.044522437723423,1,humedo_lluvioso_poca_insolacion
2020-12-03,2020,12,La Estanzuela,21.2,81,11.1,0,160.5,FALSE,0,2,seco_soleado
2020-12-04,2020,12,La Estanzuela,16.8,77,6.9,0,172.5,FALSE,0,2,seco_soleado
2020-12-05,2020,12,La Estanzuela,14.7,83,11.1,0,183.7,FALSE,0,2,seco_soleado
2020-12-06,2020,12,La Estanzuela,16.4,83,12.3,0,189.2,FALSE,0,2,seco_soleado
2020-12-07,2020,12,La Estanzuela,19.2,77,12.2,0,225,FALSE,0,2,seco_soleado
2020-12-08,2020,12,La Estanzuela,20.5,82,11.6,0,193.1,FALSE,0,2,seco_soleado
2020-12-09,2020,12,La Estanzuela,24,73,11.8,0,153.1,FALSE,0,2,seco_soleado
2020-12-10,2020,12,La Estanzuela,27.7,56,12.2,0,324.3,FALSE,0,2,seco_soleado
2020-12-11,2020,12,La Estanzuela,22.5,80,2.5,1.7,171.9,FALSE,0.9932517730102833,1,humedo_lluvioso_poca_insolacion
2020-12-12,2020,12,La Estanzuela,22.6,83,2.4,17.9,258.4,FALSE,2.9391619220655967,1,humedo_lluvioso_poca_insolacion
2020-12-13,2020,12,La Estanzuela,19.2,90,3,0,187.6,FALSE,0,1,humedo_lluvioso_poca_insolacion
2020-12-14,2020,12,La Estanzuela,19.6,73,11.3,0,279.7,FALSE,0,2,seco_soleado
2020-12-15,2020,12,La Estanzuela,18.6,79,0,0,236.3,FALSE,0,1,humedo_lluvioso_poca_insolacion
2020-12-16,2020,12,La Estanzuela,19.2,71,12.1,0,207.4,FALSE,0,2,seco_soleado
2020-12-17,2020,12,La Estanzuela,23.6,76,12.5,0,196.5,FALSE,0,2,seco_soleado
2020-12-18,2020,12,La Estanzuela,26.6,63,8,9.1,258,FALSE,2.3125354238472138,2,seco_soleado
2020-12-19,2020,12,La Estanzuela,21.4,78,8.4,0,707.2,FALSE,0,2,seco_soleado
2020-12-20,2020,12,La Estanzuela,17.3,69,10.9,0,304.2,FALSE,0,2,seco_soleado
2020-12-21,2020,12,La Estanzuela,18,74,13.4,0,179.1,FALSE,0,2,seco_soleado
2020-12-22,2020,12,La Estanzuela,22,66,13.1,0,210.5,FALSE,0,2,seco_soleado
2020-12-23,2020,12,La Estanzuela,24.2,64,13.1,0,213.1,FALSE,0,2,seco_soleado
2020-12-24,2020,12,La Estanzuela,24.9,72,13,0,231.8,FALSE,0,2,seco_soleado
2020-12-25,2020,12,La Estanzuela,24.8,81,6,0,235.9,FALSE,0,2,seco_soleado
2020-12-26,2020,12,La Estanzuela,24.8,77,13,0,273,FALSE,0,2,seco_soleado
2020-12-27,2020,12,La Estanzuela,23.8,82,12.8,0,283,FALSE,0,2,seco_soleado
2020-12-28,2020,12,La Estanzuela,25.6,78,9.2,0,218.5,FALSE,0,2,seco_soleado
2020-12-29,2020,12,La Estanzuela,26,79,6.9,14,161.9,FALSE,2.70805020110221,1,humedo_lluvioso_poca_insolacion
2020-12-30,2020,12,La Estanzuela,22,72,5.9,0,307.6,FALSE,0,2,seco_soleado
2020-12-31,2020,12,La Estanzuela,20.4,63,12.9,0,250.2,FALSE,0,2,seco_soleado
2021-01-01,2021,1,La Estanzuela,20.4,90,0.2,0.1,291.3,FALSE,0.09531017980432487,1,humedo_lluvioso_poca_insolacion
2021-01-02,2021,1,La Estanzuela,25.1,65,12.5,0,213,FALSE,0,2,seco_soleado
2021-01-03,2021,1,La Estanzuela,24,70,9.9,0,233.5,FALSE,0,2,seco_soleado
2021-01-04,2021,1,La Estanzuela,23.8,80,10.5,0,170.7,FALSE,0,2,seco_soleado
2021-01-05,2021,1,La Estanzuela,23,93,5.7,21.6,150.5,FALSE,3.1179499062782403,1,humedo_lluvioso_poca_insolacion
2021-01-06,2021,1,La Estanzuela,22.2,88,9,0.2,302.6,FALSE,0.18232155679395465,2,seco_soleado
2021-01-07,2021,1,La Estanzuela,23.9,77,11.5,0,295.6,FALSE,0,2,seco_soleado
2021-01-08,2021,1,La Estanzuela,22.9,83,12.2,3.2,193.4,FALSE,1.4350845252893227,2,seco_soleado
2021-01-09,2021,1,La Estanzuela,21.6,83,5.7,0.2,158.9,FALSE,0.18232155679395465,2,seco_soleado
2021-01-10,2021,1,La Estanzuela,25.8,72,12.4,17.7,227.3,FALSE,2.928523523860541,2,seco_soleado
2021-01-11,2021,1,La Estanzuela,20.8,94,0.4,7.4,200.7,FALSE,2.128231705849268,1,humedo_lluvioso_poca_insolacion
2021-01-12,2021,1,La Estanzuela,19.9,70,11.7,0,193.4,FALSE,0,2,seco_soleado
2021-01-13,2021,1,La Estanzuela,19.3,73,12.7,0,249.7,FALSE,0,2,seco_soleado
2021-01-14,2021,1,La Estanzuela,22.9,62,13,0,378.3,FALSE,0,2,seco_soleado
2021-01-15,2021,1,La Estanzuela,21.4,88,1.7,15.8,134.7,FALSE,2.8213788864092133,1,humedo_lluvioso_poca_insolacion
2021-01-16,2021,1,La Estanzuela,23.9,86,7.7,0,252.3,FALSE,0,2,seco_soleado
2021-01-17,2021,1,La Estanzuela,19.8,76,11.9,0,307,FALSE,0,2,seco_soleado
2021-01-18,2021,1,La Estanzuela,21.8,78,12.5,0,124.3,FALSE,0,2,seco_soleado
2021-01-19,2021,1,La Estanzuela,24,67,12.9,0.2,171.8,FALSE,0.18232155679395465,2,seco_soleado
2021-01-20,2021,1,La Estanzuela,24.6,70,12.4,0,211.9,FALSE,0,2,seco_soleado
2021-01-21,2021,1,La Estanzuela,24.5,74,12.6,0,249.5,FALSE,0,2,seco_soleado
2021-01-22,2021,1,La Estanzuela,24.9,76,12.6,0,249.1,FALSE,0,2,seco_soleado
2021-01-23,2021,1,La Estanzuela,26.9,77,12.6,0,188.5,FALSE,0,2,seco_soleado
2021-01-24,2021,1,La Estanzuela,27.4,74,12,0,201.8,FALSE,0,2,seco_soleado
2021-01-25,2021,1,La Estanzuela,27.9,72,12.7,0,187.7,FALSE,0,2,seco_soleado
2021-01-26,2021,1,La Estanzuela,26.8,78,3.9,0,165.5,FALSE,0,2,seco_soleado
2021-01-27,2021,1,La Estanzuela,23.1,89,12.3,0.2,220.7,FALSE,0.18232155679395465,2,seco_soleado
2021-01-28,2021,1,La Estanzuela,22.2,80,2.6,33.4,162.7,FALSE,3.5380565643793527,1,humedo_lluvioso_poca_insolacion
2021-01-29,2021,1,La Estanzuela,22.8,87,7.3,0.1,113.6,FALSE,0.09531017980432487,2,seco_soleado
2021-01-30,2021,1,La Estanzuela,20.4,90,0.2,39.7,291.3,FALSE,3.7062280924485496,1,humedo_lluvioso_poca_insolacion
2021-01-31,2021,1,La Estanzuela,19,92,0,34.9,213,FALSE,3.580737295494233,1,humedo_lluvioso_poca_insolacion
2021-02-01,2021,2,La Estanzuela,20.1,96,1.9,3.2,180.4,FALSE,1.4350845252893227,1,humedo_lluvioso_poca_insolacion
2021-02-02,2021,2,La Estanzuela,21.4,92,4.1,1,144.1,FALSE,0.6931471805599453,1,humedo_lluvioso_poca_insolacion
2021-02-03,2021,2,La Estanzuela,20.5,99,0,36.4,182.3,FALSE,3.6216707044204863,1,humedo_lluvioso_poca_insolacion
2021-02-04,2021,2,La Estanzuela,20.9,89,11.1,0,124.5,FALSE,0,2,seco_soleado
2021-02-05,2021,2,La Estanzuela,19,93,12.3,0,127.6,FALSE,0,2,seco_soleado
2021-02-06,2021,2,La Estanzuela,22,85,12.5,0,156.6,FALSE,0,2,seco_soleado
2021-02-07,2021,2,La Estanzuela,23.7,86,12.5,0,131.3,FALSE,0,2,seco_soleado
2021-02-08,2021,2,La Estanzuela,20.6,97,5.7,1.7,236.3,FALSE,0.9932517730102833,1,humedo_lluvioso_poca_insolacion
2021-02-09,2021,2,La Estanzuela,20.4,90,8.8,0,228.9,FALSE,0,2,seco_soleado
2021-02-10,2021,2,La Estanzuela,20.9,93,11,0,215.2,FALSE,0,2,seco_soleado
2021-02-11,2021,2,La Estanzuela,20.7,96,1.3,9.4,156.7,FALSE,2.341805806147327,1,humedo_lluvioso_poca_insolacion
2021-02-12,2021,2,La Estanzuela,21.9,93,4.6,0.6,131.8,FALSE,0.4700036292457355,1,humedo_lluvioso_poca_insolacion
2021-02-13,2021,2,La Estanzuela,21.2,94,6.6,16.1,130.9,FALSE,2.8390784635086144,1,humedo_lluvioso_poca_insolacion
2021-02-14,2021,2,La Estanzuela,22.1,93,7.8,8.4,108.1,FALSE,2.2407096892759584,1,humedo_lluvioso_poca_insolacion
2021-02-15,2021,2,La Estanzuela,21.9,89,10.3,0,304.3,FALSE,0,2,seco_soleado
2021-02-16,2021,2,La Estanzuela,19.7,90,1,0,364.9,FALSE,0,1,humedo_lluvioso_poca_insolacion
2021-02-17,2021,2,La Estanzuela,20.4,94,9.5,0,171.4,FALSE,0,2,seco_soleado
2021-02-18,2021,2,La Estanzuela,22.6,86,12.1,0,157,FALSE,0,2,seco_soleado
2021-02-19,2021,2,La Estanzuela,22.2,79,8.8,0,187.8,FALSE,0,2,seco_soleado
2021-02-20,2021,2,La Estanzuela,18.5,77,12.2,0,136,FALSE,0,2,seco_soleado
2021-02-21,2021,2,La Estanzuela,22.4,76,11.6,24.3,168.3,FALSE,3.2308043957334744,2,seco_soleado
2021-02-22,2021,2,La Estanzuela,21.6,91,4,14.1,162.4,FALSE,2.714694743820879,1,humedo_lluvioso_poca_insolacion
2021-02-23,2021,2,La Estanzuela,21.5,89,12.1,0,127.6,FALSE,0,2,seco_soleado
2021-02-24,2021,2,La Estanzuela,21.8,79,11.9,0,147.9,FALSE,0,2,seco_soleado
2021-02-25,2021,2,La Estanzuela,23.3,79,12,0,123.4,FALSE,0,2,seco_soleado
2021-02-26,2021,2,La Estanzuela,23.8,78,12,0,216.4,FALSE,0,2,seco_soleado
2021-02-27,2021,2,La Estanzuela,23.6,80,11.1,0,311.8,FALSE,0,2,seco_soleado
2021-02-28,2021,2,La Estanzuela,24,80,10.2,0,277,FALSE,0,2,seco_soleado
2021-03-01,2021,3,La Estanzuela,23.8,85,7.9,0,186.3,FALSE,0,2,seco_soleado
2021-03-02,2021,3,La Estanzuela,26.3,91,9.2,0,170.9,FALSE,0,2,seco_soleado
2021-03-03,2021,3,La Estanzuela,24.9,92,9.6,0,201.4,FALSE,0,2,seco_soleado
2021-03-04,2021,3,La Estanzuela,22.6,92,6.5,0,135.6,FALSE,0,2,seco_soleado
2021-03-05,2021,3,La Estanzuela,19.9,90,6.7,0,111.2,FALSE,0,2,seco_soleado
2021-03-06,2021,3,La Estanzuela,18.1,89,10.8,0,136,FALSE,0,2,seco_soleado
2021-03-07,2021,3,La Estanzuela,21,83,11.4,0,136,FALSE,0,2,seco_soleado
2021-03-08,2021,3,La Estanzuela,23,89,7.3,0,188.3,FALSE,0,2,seco_soleado
2021-03-09,2021,3,La Estanzuela,20.8,85,9.8,0,161.9,FALSE,0,2,seco_soleado
2021-03-10,2021,3,La Estanzuela,21.5,85,11,0,178.7,FALSE,0,2,seco_soleado
2021-03-11,2021,3,La Estanzuela,23.4,81,6.1,0,116.8,FALSE,0,2,seco_soleado
2021-03-12,2021,3,La Estanzuela,22.2,90,9.7,0,157.4,FALSE,0,2,seco_soleado
2021-03-13,2021,3,La Estanzuela,19.6,80,11.3,0,134.2,FALSE,0,2,seco_soleado
2021-03-14,2021,3,La Estanzuela,20.8,72,10.3,0,198.5,FALSE,0,2,seco_soleado
2021-03-15,2021,3,La Estanzuela,22.1,77,4.2,0,202.4,FALSE,0,2,seco_soleado
2021-03-16,2021,3,La Estanzuela,20.9,89,0,2,170.4,FALSE,1.0986122886681098,1,humedo_lluvioso_poca_insolacion
2021-03-17,2021,3,La Estanzuela,18.1,89,0,0,217.6,FALSE,0,1,humedo_lluvioso_poca_insolacion
2021-03-18,2021,3,La Estanzuela,15.3,87,8.5,0,116.2,FALSE,0,2,seco_soleado
2021-03-19,2021,3,La Estanzuela,18.2,86,7.3,1,174.5,FALSE,0.6931471805599453,2,seco_soleado
2021-03-20,2021,3,La Estanzuela,17.7,95,0,18.5,139.2,FALSE,2.970414465569701,1,humedo_lluvioso_poca_insolacion
2021-03-21,2021,3,La Estanzuela,17.5,94,4.9,0.1,125.8,FALSE,0.09531017980432487,1,humedo_lluvioso_poca_insolacion
2021-03-22,2021,3,La Estanzuela,18.3,91,6.4,0,86.5,FALSE,0,2,seco_soleado
2021-03-23,2021,3,La Estanzuela,19.3,87,9.9,0,140,FALSE,0,2,seco_soleado
2021-03-24,2021,3,La Estanzuela,22.4,80,6.4,47,211.2,FALSE,3.871201010907891,1,humedo_lluvioso_poca_insolacion
2021-03-25,2021,3,La Estanzuela,19.1,97,0,39.5,195,FALSE,3.7013019741124933,1,humedo_lluvioso_poca_insolacion
2021-03-26,2021,3,La Estanzuela,20.4,96,4.7,0,107.4,FALSE,0,1,humedo_lluvioso_poca_insolacion
2021-03-27,2021,3,La Estanzuela,19.7,94,5.8,0,196.6,FALSE,0,1,humedo_lluvioso_poca_insolacion
2021-03-28,2021,3,La Estanzuela,17.9,90,6.6,0.1,128.4,FALSE,0.09531017980432487,2,seco_soleado
2021-03-29,2021,3,La Estanzuela,18.4,94,3.1,1,130,FALSE,0.6931471805599453,1,humedo_lluvioso_poca_insolacion
2021-03-30,2021,3,La Estanzuela,18.6,87,9.9,0.1,125.4,FALSE,0.09531017980432487,2,seco_soleado
2021-03-31,2021,3,La Estanzuela,17.4,87,10.7,0,132.8,FALSE,0,2,seco_soleado
2021-04-01,2021,4,La Estanzuela,18.3,87,9.8,0,167.3,FALSE,0,2,seco_soleado
2021-04-02,2021,4,La Estanzuela,18.3,89,9.2,0,170.1,FALSE,0,2,seco_soleado
2021-04-03,2021,4,La Estanzuela,19.2,89,10.1,0,177.7,FALSE,0,2,seco_soleado
2021-04-04,2021,4,La Estanzuela,20.3,89,10.9,0,162.4,FALSE,0,2,seco_soleado
2021-04-05,2021,4,La Estanzuela,22.4,87,8.3,0,153.6,FALSE,0,2,seco_soleado
2021-04-06,2021,4,La Estanzuela,22.2,90,10.3,0,195.8,FALSE,0,2,seco_soleado
2021-04-07,2021,4,La Estanzuela,23.1,80,10.3,0,263,FALSE,0,2,seco_soleado
2021-04-08,2021,4,La Estanzuela,22.8,81,0.3,53.3,222.1,FALSE,3.9945242269398897,1,humedo_lluvioso_poca_insolacion
2021-04-09,2021,4,La Estanzuela,19.8,99,0,6.2,120.2,FALSE,1.9740810260220096,1,humedo_lluvioso_poca_insolacion
2021-04-10,2021,4,La Estanzuela,19.9,99,0,12.02,278.1,FALSE,2.5664866367804233,1,humedo_lluvioso_poca_insolacion
2021-04-11,2021,4,La Estanzuela,17.4,93,2.6,0,175.6,FALSE,0,1,humedo_lluvioso_poca_insolacion
2021-04-12,2021,4,La Estanzuela,17.8,83,10.3,0.2,107.4,FALSE,0.18232155679395465,2,seco_soleado
2021-04-13,2021,4,La Estanzuela,17.7,82,10.6,0,105.5,FALSE,0,2,seco_soleado
2021-04-14,2021,4,La Estanzuela,17.6,93,10.5,0,168.1,FALSE,0,2,seco_soleado
2021-04-15,2021,4,La Estanzuela,19.4,94,6.3,0.1,66,FALSE,0.09531017980432487,2,seco_soleado
2021-04-16,2021,4,La Estanzuela,18.9,95,8.2,0,90.2,FALSE,0,2,seco_soleado
2021-04-17,2021,4,La Estanzuela,19.8,87,9.5,0,135.2,FALSE,0,2,seco_soleado
2021-04-18,2021,4,La Estanzuela,18.4,93,5.8,0,183.1,FALSE,0,1,humedo_lluvioso_poca_insolacion
2021-04-19,2021,4,La Estanzuela,19.1,82,10,0,249.5,FALSE,0,2,seco_soleado
2021-04-20,2021,4,La Estanzuela,18.9,84,8.7,0,319.5,FALSE,0,2,seco_soleado
2021-04-21,2021,4,La Estanzuela,19.9,82,9.6,0,405.1,FALSE,0,2,seco_soleado
2021-04-22,2021,4,La Estanzuela,20.9,80,6.3,0,275.4,FALSE,0,2,seco_soleado
2021-04-23,2021,4,La Estanzuela,20.9,77,9.3,16.9,250.5,FALSE,2.884800712846709,1,humedo_lluvioso_poca_insolacion
2021-04-24,2021,4,La Estanzuela,17.7,93,5.7,0,163.8,FALSE,0,1,humedo_lluvioso_poca_insolacion
2021-04-25,2021,4,La Estanzuela,14.9,91,7.5,0,119.6,FALSE,0,2,seco_soleado
2021-04-26,2021,4,La Estanzuela,15,86,9.8,0,85.8,FALSE,0,2,seco_soleado
2021-04-27,2021,4,La Estanzuela,14.5,86,7.7,0,100.4,FALSE,0,2,seco_soleado
2021-04-28,2021,4,La Estanzuela,15.3,82,9.6,0,139.9,FALSE,0,2,seco_soleado
2021-04-29,2021,4,La Estanzuela,16.2,82,9.8,0,132.5,FALSE,0,2,seco_soleado
2021-04-30,2021,4,La Estanzuela,14.9,92,10,0,170.6,FALSE,0,2,seco_soleado
2021-05-01,2021,5,La Estanzuela,18.1,77,10.1,0,154.1,FALSE,0,2,seco_soleado
2021-05-02,2021,5,La Estanzuela,19.7,78,7.6,0,201.8,FALSE,0,2,seco_soleado
2021-05-03,2021,5,La Estanzuela,19.4,88,0.5,18.5,201.5,FALSE,2.970414465569701,1,humedo_lluvioso_poca_insolacion
2021-05-04,2021,5,La Estanzuela,13.7,80,9.2,0,128.9,FALSE,0,2,seco_soleado
2021-05-05,2021,5,La Estanzuela,10.4,83,8.5,0,101.6,FALSE,0,2,seco_soleado
2021-05-06,2021,5,La Estanzuela,9.8,86,9.5,0,127.1,FALSE,0,2,seco_soleado
2021-05-07,2021,5,La Estanzuela,11.1,86,8.2,0,117.8,FALSE,0,2,seco_soleado
2021-05-08,2021,5,La Estanzuela,12.7,85,8.4,0,672.2,FALSE,0,1,humedo_lluvioso_poca_insolacion
2021-05-09,2021,5,La Estanzuela,13.6,92,5,0,104.7,FALSE,0,1,humedo_lluvioso_poca_insolacion
2021-05-10,2021,5,La Estanzuela,13.8,86,5.4,0,120.1,FALSE,0,2,seco_soleado
2021-05-11,2021,5,La Estanzuela,11.1,83,9.3,0,110.6,FALSE,0,2,seco_soleado
2021-05-12,2021,5,La Estanzuela,10.7,79,9.6,0,224.5,FALSE,0,2,seco_soleado
2021-05-13,2021,5,La Estanzuela,11.8,77,9.1,0,129.6,FALSE,0,2,seco_soleado
2021-05-14,2021,5,La Estanzuela,12,85,9.6,0,78.6,FALSE,0,2,seco_soleado
2021-05-15,2021,5,La Estanzuela,11.9,82,8.1,0,97.8,FALSE,0,2,seco_soleado
2021-05-16,2021,5,La Estanzuela,11.4,88,4,0,60.9,FALSE,0,1,humedo_lluvioso_poca_insolacion
2021-05-17,2021,5,La Estanzuela,10.9,93,8.2,0,77.8,FALSE,0,2,seco_soleado
2021-05-18,2021,5,La Estanzuela,10.4,90,8.4,0,108.3,FALSE,0,2,seco_soleado
2021-05-19,2021,5,La Estanzuela,11.2,91,7.7,4,163.1,FALSE,1.6094379124341003,1,humedo_lluvioso_poca_insolacion
2021-05-20,2021,5,La Estanzuela,12.6,91,6.4,0,181.4,FALSE,0,1,humedo_lluvioso_poca_insolacion
2021-05-21,2021,5,La Estanzuela,12.9,99,0,65.2,291.7,FALSE,4.192680462942962,1,humedo_lluvioso_poca_insolacion
2021-05-22,2021,5,La Estanzuela,12.4,99,0,27.1,744.3,FALSE,3.3357695763397,1,humedo_lluvioso_poca_insolacion
2021-05-23,2021,5,La Estanzuela,12.1,87,1.3,0,473.8,FALSE,0,1,humedo_lluvioso_poca_insolacion
2021-05-24,2021,5,La Estanzuela,9.8,92,8.2,0,320.9,FALSE,0,1,humedo_lluvioso_poca_insolacion
2021-05-25,2021,5,La Estanzuela,11.1,83,8.8,0,147.2,FALSE,0,2,seco_soleado
2021-05-26,2021,5,La Estanzuela,12.7,81,8.5,0,248.2,FALSE,0,2,seco_soleado
2021-05-27,2021,5,La Estanzuela,15.2,82,6.7,0,265.7,FALSE,0,2,seco_soleado
2021-05-28,2021,5,La Estanzuela,13.7,70,6.7,0,217.5,FALSE,0,2,seco_soleado
2021-05-29,2021,5,La Estanzuela,9.1,74,9.1,0,275.2,FALSE,0,2,seco_soleado
2021-05-30,2021,5,La Estanzuela,9.2,73,9.2,0,216.4,FALSE,0,2,seco_soleado
2021-05-31,2021,5,La Estanzuela,13.2,74,8.3,0,318.3,FALSE,0,2,seco_soleado
2021-06-01,2021,6,La Estanzuela,15.1,74,2.9,0.1,212.4,FALSE,0.09531017980432487,1,humedo_lluvioso_poca_insolacion
2021-06-02,2021,6,La Estanzuela,10.7,95,5.5,0,134.6,FALSE,0,1,humedo_lluvioso_poca_insolacion
2021-06-03,2021,6,La Estanzuela,11.3,83,6.8,0,253.8,FALSE,0,2,seco_soleado
2021-06-04,2021,6,La Estanzuela,16.7,92,2.1,43.8,189.8,FALSE,3.8022081394209395,1,humedo_lluvioso_poca_insolacion
2021-06-05,2021,6,La Estanzuela,11.9,96,1.1,0,105.8,FALSE,0,1,humedo_lluvioso_poca_insolacion
2021-06-06,2021,6,La Estanzuela,9.2,96,9.2,0,144.1,FALSE,0,2,seco_soleado
2021-06-07,2021,6,La Estanzuela,10.7,94,7,0,178.5,FALSE,0,1,humedo_lluvioso_poca_insolacion
2021-06-08,2021,6,La Estanzuela,14.3,92,4.1,0,163.5,FALSE,0,1,humedo_lluvioso_poca_insolacion
2021-06-09,2021,6,La Estanzuela,15.7,94,0.8,0,98.5,FALSE,0,1,humedo_lluvioso_poca_insolacion
2021-06-10,2021,6,La Estanzuela,13.6,92,5.1,0,213.3,FALSE,0,1,humedo_lluvioso_poca_insolacion
2021-06-11,2021,6,La Estanzuela,10,81,7.3,0,250.2,FALSE,0,2,seco_soleado
2021-06-12,2021,6,La Estanzuela,14.4,83,8.7,0,302.2,FALSE,0,2,seco_soleado
2021-06-13,2021,6,La Estanzuela,14.8,91,9,0,231.9,FALSE,0,2,seco_soleado
2021-06-14,2021,6,La Estanzuela,12.3,91,6.7,0,134.6,FALSE,0,2,seco_soleado
2021-06-15,2021,6,La Estanzuela,8.4,85,7.6,0,105.7,FALSE,0,2,seco_soleado
2021-06-16,2021,6,La Estanzuela,7.4,90,2.4,0.2,87.5,FALSE,0.18232155679395465,1,humedo_lluvioso_poca_insolacion
2021-06-17,2021,6,La Estanzuela,8,86,7.3,0,72.6,FALSE,0,2,seco_soleado
2021-06-18,2021,6,La Estanzuela,7.2,90,5.1,0,75.2,FALSE,0,1,humedo_lluvioso_poca_insolacion
2021-06-19,2021,6,La Estanzuela,7.7,94,4.3,0,81.77,FALSE,0,1,humedo_lluvioso_poca_insolacion
2021-06-20,2021,6,La Estanzuela,7.6,95,7.8,0,84.63,FALSE,0,2,seco_soleado
2021-06-21,2021,6,La Estanzuela,9.3,100,4.2,0,103,FALSE,0,1,humedo_lluvioso_poca_insolacion
2021-06-22,2021,6,La Estanzuela,10.6,89,7.9,0,241.4,FALSE,0,2,seco_soleado
2021-06-23,2021,6,La Estanzuela,13.4,95,1.5,4,234,FALSE,1.6094379124341003,1,humedo_lluvioso_poca_insolacion
2021-06-24,2021,6,La Estanzuela,11.9,94,3.4,1.5,290.4,FALSE,0.9162907318741551,1,humedo_lluvioso_poca_insolacion
2021-06-25,2021,6,La Estanzuela,10.7,81,6.9,0,116.7,FALSE,0,2,seco_soleado
2021-06-26,2021,6,La Estanzuela,9.5,90,6.2,0.1,336.2,FALSE,0.09531017980432487,1,humedo_lluvioso_poca_insolacion
2021-06-27,2021,6,La Estanzuela,6.7,92,0,0.5,457.9,FALSE,0.4054651081081644,1,humedo_lluvioso_poca_insolacion
2021-06-28,2021,6,La Estanzuela,7.5,83,0.3,0,687.8,FALSE,0,1,humedo_lluvioso_poca_insolacion
2021-06-29,2021,6,La Estanzuela,7.7,87,1.5,0,230.4,FALSE,0,1,humedo_lluvioso_poca_insolacion
2021-06-30,2021,6,La Estanzuela,6.9,95,4.3,0,181.1,FALSE,0,1,humedo_lluvioso_poca_insolacion
2021-07-01,2021,7,La Estanzuela,9.1,92,7.4,0,175,FALSE,0,2,seco_soleado
2021-07-02,2021,7,La Estanzuela,8.6,86,8.7,0,142.4,FALSE,0,2,seco_soleado
2021-07-03,2021,7,La Estanzuela,8.8,73,9.2,0.2,211.1,FALSE,0.18232155679395465,2,seco_soleado
2021-07-04,2021,7,La Estanzuela,9.6,80,9.1,0,114.9,FALSE,0,2,seco_soleado
2021-07-05,2021,7,La Estanzuela,9.5,87,9.4,0,179.9,FALSE,0,2,seco_soleado
2021-07-06,2021,7,La Estanzuela,12.9,89,6.4,0,303.7,FALSE,0,1,humedo_lluvioso_poca_insolacion
2021-07-07,2021,7,La Estanzuela,15,91,1.9,1.8,127.7,FALSE,1.0296194171811583,1,humedo_lluvioso_poca_insolacion
2021-07-08,2021,7,La Estanzuela,16.1,84,7.8,0.5,275.4,FALSE,0.4054651081081644,2,seco_soleado
2021-07-09,2021,7,La Estanzuela,17.9,77,8.1,0,338.8,FALSE,0,2,seco_soleado
2021-07-10,2021,7,La Estanzuela,13.3,70,7.9,0,193,FALSE,0,2,seco_soleado
2021-07-11,2021,7,La Estanzuela,9.6,76,9.3,1.3,160.5,FALSE,0.832909122935104,2,seco_soleado
2021-07-12,2021,7,La Estanzuela,14.9,97,0.1,1,194.7,FALSE,0.6931471805599453,1,humedo_lluvioso_poca_insolacion
2021-07-13,2021,7,La Estanzuela,11.2,99,0,0,212.1,FALSE,0,1,humedo_lluvioso_poca_insolacion
2021-07-14,2021,7,La Estanzuela,10.4,98,0,14.3,128.9,FALSE,2.72785282839839,1,humedo_lluvioso_poca_insolacion
2021-07-15,2021,7,La Estanzuela,10.3,99,1.4,0,168.4,FALSE,0,1,humedo_lluvioso_poca_insolacion
2021-07-16,2021,7,La Estanzuela,7.7,93,9,0.5,266.4,FALSE,0.4054651081081644,1,humedo_lluvioso_poca_insolacion
2021-07-17,2021,7,La Estanzuela,9.1,76,9.2,0,661.3,FALSE,0,2,seco_soleado
2021-07-18,2021,7,La Estanzuela,8.2,78,6.6,0,476.9,FALSE,0,1,humedo_lluvioso_poca_insolacion
2021-07-19,2021,7,La Estanzuela,6.9,89,8,0,168.8,FALSE,0,2,seco_soleado
2021-07-20,2021,7,La Estanzuela,8.9,77,9.4,0,250.1,FALSE,0,2,seco_soleado
2021-07-21,2021,7,La Estanzuela,10.4,81,8.8,0,192.3,FALSE,0,2,seco_soleado
2021-07-22,2021,7,La Estanzuela,12.4,76,0,0,201,FALSE,0,1,humedo_lluvioso_poca_insolacion
2021-07-23,2021,7,La Estanzuela,16.1,80,8.3,0,157.1,FALSE,0,2,seco_soleado
2021-07-24,2021,7,La Estanzuela,15.9,90,5.6,43.4,264,FALSE,3.7932394694381792,1,humedo_lluvioso_poca_insolacion
2021-07-25,2021,7,La Estanzuela,15.3,96,2.7,1,199.6,FALSE,0.6931471805599453,1,humedo_lluvioso_poca_insolacion
2021-07-26,2021,7,La Estanzuela,9.6,90,9.3,0,229.3,FALSE,0,2,seco_soleado
2021-07-27,2021,7,La Estanzuela,7.4,68,8.8,0,590,FALSE,0,2,seco_soleado
2021-07-28,2021,7,La Estanzuela,6.6,78,5.8,0,299.7,FALSE,0,2,seco_soleado
2021-07-29,2021,7,La Estanzuela,6.2,83,9.3,0,208.6,FALSE,0,2,seco_soleado
2021-07-30,2021,7,La Estanzuela,5.5,93,9.6,0,191.9,FALSE,0,2,seco_soleado
2021-07-31,2021,7,La Estanzuela,8.6,96,9.1,0,104.8,FALSE,0,2,seco_soleado
2021-08-01,2021,8,La Estanzuela,8.7,93,9.3,0,135.7,FALSE,0,2,seco_soleado
2021-08-02,2021,8,La Estanzuela,7.5,81,10.1,0,97.8,FALSE,0,2,seco_soleado
2021-08-03,2021,8,La Estanzuela,9,91,10.1,0,113.1,FALSE,0,2,seco_soleado
2021-08-04,2021,8,La Estanzuela,9.6,98,10.2,0,186.7,FALSE,0,2,seco_soleado
2021-08-05,2021,8,La Estanzuela,11.3,97,1.6,0.15,178.8,FALSE,0.13976194237515868,1,humedo_lluvioso_poca_insolacion
2021-08-06,2021,8,La Estanzuela,15,93,9.7,0,232.4,FALSE,0,2,seco_soleado
2021-08-07,2021,8,La Estanzuela,18.3,90,8.6,0,195.9,FALSE,0,2,seco_soleado
2021-08-08,2021,8,La Estanzuela,11.7,95,0,48.5,409.8,FALSE,3.901972669574645,1,humedo_lluvioso_poca_insolacion
2021-08-09,2021,8,La Estanzuela,8.3,98,0,8.7,225.8,FALSE,2.272125885509337,1,humedo_lluvioso_poca_insolacion
2021-08-10,2021,8,La Estanzuela,6.4,90,7,0,116.1,FALSE,0,2,seco_soleado
2021-08-11,2021,8,La Estanzuela,7.3,86,10.1,0,167.6,FALSE,0,2,seco_soleado
2021-08-12,2021,8,La Estanzuela,7.4,92,9.3,0,119.5,FALSE,0,2,seco_soleado
2021-08-13,2021,8,La Estanzuela,7.9,96,8.4,0,134.4,FALSE,0,2,seco_soleado
2021-08-14,2021,8,La Estanzuela,10.5,94,7.3,0.3,76.4,FALSE,0.26236426446749106,1,humedo_lluvioso_poca_insolacion
2021-08-16,2021,8,La Estanzuela,11.4,92,9.1,0,167.3,FALSE,0,2,seco_soleado
2021-08-17,2021,8,La Estanzuela,13.2,95,8.7,0,141.4,FALSE,0,2,seco_soleado
2021-08-18,2021,8,La Estanzuela,14.2,96,7.9,0,162.6,FALSE,0,2,seco_soleado
2021-08-19,2021,8,La Estanzuela,11.9,97,2.5,0.5,140.8,FALSE,0.4054651081081644,1,humedo_lluvioso_poca_insolacion
2021-08-20,2021,8,La Estanzuela,11.6,85,9.4,0,92.1,FALSE,0,2,seco_soleado
2021-08-21,2021,8,La Estanzuela,12.1,77,4.3,0,237.8,FALSE,0,1,humedo_lluvioso_poca_insolacion
2021-08-22,2021,8,La Estanzuela,13.5,86,9.6,0,206.5,FALSE,0,2,seco_soleado
2021-08-23,2021,8,La Estanzuela,9.8,76,7.5,0,76.2,FALSE,0,2,seco_soleado
2021-08-24,2021,8,La Estanzuela,9.9,81,8.9,0,121,FALSE,0,2,seco_soleado
2021-08-25,2021,8,La Estanzuela,9.5,95,9.4,0,147.2,FALSE,0,2,seco_soleado
2021-08-26,2021,8,La Estanzuela,10.8,76,10.3,0,211,FALSE,0,2,seco_soleado
2021-08-27,2021,8,La Estanzuela,9.9,73,9.9,0,150.5,FALSE,0,2,seco_soleado
2021-08-28,2021,8,La Estanzuela,12.9,74,7.6,0,160.5,FALSE,0,2,seco_soleado
2021-08-29,2021,8,La Estanzuela,13.4,89,10.2,0,133.9,FALSE,0,2,seco_soleado
2021-08-30,2021,8,La Estanzuela,17.7,86,10.2,0,246.8,FALSE,0,2,seco_soleado
2021-08-31,2021,8,La Estanzuela,21.6,79,7.8,0,235,FALSE,0,2,seco_soleado
2021-09-01,2021,9,La Estanzuela,15.1,89,1.6,45,290.2,FALSE,3.828641396489095,1,humedo_lluvioso_poca_insolacion
2021-09-02,2021,9,La Estanzuela,13.5,99,0,1.7,214.2,FALSE,0.9932517730102833,1,humedo_lluvioso_poca_insolacion
2021-09-03,2021,9,La Estanzuela,13,94,5.6,0,174.7,FALSE,0,1,humedo_lluvioso_poca_insolacion
2021-09-04,2021,9,La Estanzuela,12.3,95,4.5,0.7,152.1,FALSE,0.5306282510621704,1,humedo_lluvioso_poca_insolacion
2021-09-05,2021,9,La Estanzuela,13.4,96,6.8,0.3,197.8,FALSE,0.26236426446749106,1,humedo_lluvioso_poca_insolacion
2021-09-06,2021,9,La Estanzuela,13.9,93,2.4,1.7,255.3,FALSE,0.9932517730102833,1,humedo_lluvioso_poca_insolacion
2021-09-07,2021,9,La Estanzuela,14.3,98,0,47,311.5,FALSE,3.871201010907891,1,humedo_lluvioso_poca_insolacion
2021-09-08,2021,9,La Estanzuela,14.7,99,0,19.5,231.4,FALSE,3.0204248861443626,1,humedo_lluvioso_poca_insolacion
2021-09-09,2021,9,La Estanzuela,12.9,97,1.8,0.5,488.7,FALSE,0.4054651081081644,1,humedo_lluvioso_poca_insolacion
2021-09-10,2021,9,La Estanzuela,12.3,96,0.2,0,146.6,FALSE,0,1,humedo_lluvioso_poca_insolacion
2021-09-11,2021,9,La Estanzuela,14.2,90,7,0,344.1,FALSE,0,1,humedo_lluvioso_poca_insolacion
2021-09-12,2021,9,La Estanzuela,17.3,85,6.9,0,241.1,FALSE,0,2,seco_soleado
2021-09-13,2021,9,La Estanzuela,13.9,97,0,4.9,314.9,FALSE,1.7749523509116738,1,humedo_lluvioso_poca_insolacion
2021-09-14,2021,9,La Estanzuela,12.2,77,10.2,0,207.7,FALSE,0,2,seco_soleado
2021-09-15,2021,9,La Estanzuela,11.1,82,10.9,0,216.4,FALSE,0,2,seco_soleado
2021-09-16,2021,9,La Estanzuela,14.4,76,10.8,0,149.1,FALSE,0,2,seco_soleado
2021-09-17,2021,9,La Estanzuela,15.1,70,11,0,195.8,FALSE,0,2,seco_soleado
2021-09-18,2021,9,La Estanzuela,16.2,91,10.7,0,144.8,FALSE,0,2,seco_soleado
2021-09-19,2021,9,La Estanzuela,15.9,96,2.7,8.5,173.4,FALSE,2.2512917986064953,1,humedo_lluvioso_poca_insolacion
2021-09-20,2021,9,La Estanzuela,12.7,92,0.4,0,268.6,FALSE,0,1,humedo_lluvioso_poca_insolacion
2021-09-21,2021,9,La Estanzuela,10,85,9.9,0,176.1,FALSE,0,2,seco_soleado
2021-09-22,2021,9,La Estanzuela,11.1,96,1.9,0,151.4,FALSE,0,1,humedo_lluvioso_poca_insolacion
2021-09-23,2021,9,La Estanzuela,13.1,92,9.4,0,119,FALSE,0,2,seco_soleado
2021-09-24,2021,9,La Estanzuela,12.9,93,10.7,0.3,159.6,FALSE,0.26236426446749106,2,seco_soleado
2021-09-25,2021,9,La Estanzuela,14.7,91,9.9,0,148,FALSE,0,2,seco_soleado
2021-09-26,2021,9,La Estanzuela,16.5,89,10.3,0,138.5,FALSE,0,2,seco_soleado
2021-09-27,2021,9,La Estanzuela,16.1,85,6.1,0.5,227.6,FALSE,0.4054651081081644,1,humedo_lluvioso_poca_insolacion
2021-09-28,2021,9,La Estanzuela,14.6,93,0.6,0,187.3,FALSE,0,1,humedo_lluvioso_poca_insolacion
2021-09-29,2021,9,La Estanzuela,15.2,85,10.1,0,320.2,FALSE,0,2,seco_soleado
2021-09-30,2021,9,La Estanzuela,15,94,1,22,154.9,FALSE,3.1354942159291497,1,humedo_lluvioso_poca_insolacion
2021-10-01,2021,10,La Estanzuela,16,80,11.4,0,130.1,FALSE,0,2,seco_soleado
2021-10-02,2021,10,La Estanzuela,13.8,78,3.4,0.2,253.2,FALSE,0.18232155679395465,1,humedo_lluvioso_poca_insolacion
2021-10-03,2021,10,La Estanzuela,11.5,70,11.4,0,219.2,FALSE,0,2,seco_soleado
2021-10-04,2021,10,La Estanzuela,12.2,74,11.3,0,211.3,FALSE,0,2,seco_soleado
2021-10-05,2021,10,La Estanzuela,14.7,71,11.3,0,197,FALSE,0,2,seco_soleado
2021-10-06,2021,10,La Estanzuela,12.4,77,9.4,0,190.1,FALSE,0,2,seco_soleado
2021-10-07,2021,10,La Estanzuela,10.3,79,11.6,0.2,153.9,FALSE,0.18232155679395465,2,seco_soleado
2021-10-08,2021,10,La Estanzuela,10.8,82,6.2,0,157,FALSE,0,2,seco_soleado
2021-10-09,2021,10,La Estanzuela,13.5,83,10.4,0,211.1,FALSE,0,2,seco_soleado
2021-10-10,2021,10,La Estanzuela,13.9,85,4.5,7.5,187.6,FALSE,2.1400661634962708,1,humedo_lluvioso_poca_insolacion
2021-10-11,2021,10,La Estanzuela,15.8,99,2.5,2.3,109,FALSE,1.1939224684724346,1,humedo_lluvioso_poca_insolacion
2021-10-12,2021,10,La Estanzuela,16.8,98,2.2,0,80.1,FALSE,0,1,humedo_lluvioso_poca_insolacion
2021-10-13,2021,10,La Estanzuela,16.2,100,1,0,80.9,FALSE,0,1,humedo_lluvioso_poca_insolacion
2021-10-14,2021,10,La Estanzuela,17.1,85,7.3,0,247.1,FALSE,0,2,seco_soleado
2021-10-15,2021,10,La Estanzuela,12.5,77,11,0,174.3,FALSE,0,2,seco_soleado
2021-10-16,2021,10,La Estanzuela,11.9,78,11.7,0,156.5,FALSE,0,2,seco_soleado
2021-10-17,2021,10,La Estanzuela,14,77,10.8,0,121.9,FALSE,0,2,seco_soleado
2021-10-18,2021,10,La Estanzuela,14.3,85,11.2,0,160,FALSE,0,2,seco_soleado
2021-10-19,2021,10,La Estanzuela,14,88,11.8,0.15,145.1,FALSE,0.13976194237515868,2,seco_soleado
2021-10-20,2021,10,La Estanzuela,17.4,87,10.7,0,203.4,FALSE,0,2,seco_soleado
2021-10-21,2021,10,La Estanzuela,19.1,80,9.4,0,158.2,FALSE,0,2,seco_soleado
2021-10-22,2021,10,La Estanzuela,18.4,81,7.5,11.9,193.9,FALSE,2.5572273113676265,1,humedo_lluvioso_poca_insolacion
2021-10-23,2021,10,La Estanzuela,16.6,84,4.2,0.2,189.1,FALSE,0.18232155679395465,1,humedo_lluvioso_poca_insolacion
2021-10-24,2021,10,La Estanzuela,16.3,68,11.6,0,376.1,FALSE,0,2,seco_soleado
2021-10-25,2021,10,La Estanzuela,20.3,63,9.9,0,268.2,FALSE,0,2,seco_soleado
2021-10-26,2021,10,La Estanzuela,23.3,65,11.2,0.2,202.9,FALSE,0.18232155679395465,2,seco_soleado
2021-10-27,2021,10,La Estanzuela,25.8,65,11.3,0,157.3,FALSE,0,2,seco_soleado
2021-10-28,2021,10,La Estanzuela,26,64,10.6,0,244.4,FALSE,0,2,seco_soleado
2021-10-29,2021,10,La Estanzuela,23.9,68,11.5,0,280.3,FALSE,0,2,seco_soleado
2021-10-30,2021,10,La Estanzuela,23.6,81,10.7,0,160.4,FALSE,0,2,seco_soleado
2021-10-31,2021,10,La Estanzuela,18.5,96,0,0.5,223.9,FALSE,0.4054651081081644,1,humedo_lluvioso_poca_insolacion
2021-11-01,2021,11,La Estanzuela,18.6,93,2.2,12.6,192.2,FALSE,2.6100697927420065,1,humedo_lluvioso_poca_insolacion
2021-11-02,2021,11,La Estanzuela,19.9,97,2.8,0,139.4,FALSE,0,1,humedo_lluvioso_poca_insolacion
2021-11-03,2021,11,La Estanzuela,20.9,93,4.4,0,151,FALSE,0,1,humedo_lluvioso_poca_insolacion
2021-11-04,2021,11,La Estanzuela,20.1,95,7.4,0.6,163.4,FALSE,0.4700036292457355,1,humedo_lluvioso_poca_insolacion
2021-11-05,2021,11,La Estanzuela,15.7,82,1.4,0,273,FALSE,0,1,humedo_lluvioso_poca_insolacion
2021-11-06,2021,11,La Estanzuela,15.2,79,8.2,0,211.5,FALSE,0,2,seco_soleado
2021-11-07,2021,11,La Estanzuela,16.3,81,10.9,0,168.8,FALSE,0,2,seco_soleado
2021-11-08,2021,11,La Estanzuela,19.9,75,11.7,0,122,FALSE,0,2,seco_soleado
2021-11-09,2021,11,La Estanzuela,18,80,10,0,251.5,FALSE,0,2,seco_soleado
2021-11-10,2021,11,La Estanzuela,18.2,79,8.9,0,271.1,FALSE,0,2,seco_soleado
2021-11-11,2021,11,La Estanzuela,19,72,12,0,287.1,FALSE,0,2,seco_soleado
2021-11-12,2021,11,La Estanzuela,18.9,65,11.9,0,340.3,FALSE,0,2,seco_soleado
2021-11-13,2021,11,La Estanzuela,21.4,68,11.8,33.2,391,FALSE,3.5322256440685598,1,humedo_lluvioso_poca_insolacion
2021-11-14,2021,11,La Estanzuela,20.2,74,9.8,0,187.9,FALSE,0,2,seco_soleado
2021-11-15,2021,11,La Estanzuela,22.2,74,9.4,0,205.3,FALSE,0,2,seco_soleado
2021-11-16,2021,11,La Estanzuela,17.8,83,7.1,0,233.6,FALSE,0,2,seco_soleado
2021-11-17,2021,11,La Estanzuela,13.6,65,13,0,133,FALSE,0,2,seco_soleado
2021-11-18,2021,11,La Estanzuela,16.9,56,12.6,0,151.2,FALSE,0,2,seco_soleado
2021-11-19,2021,11,La Estanzuela,20.1,70,11.9,0,164.6,FALSE,0,2,seco_soleado
2021-11-20,2021,11,La Estanzuela,22.1,80,11.9,0,152.5,FALSE,0,2,seco_soleado
2021-11-21,2021,11,La Estanzuela,26.1,63,11.7,0,294.5,FALSE,0,2,seco_soleado
2021-11-22,2021,11,La Estanzuela,25.7,60,8.2,0,301.7,FALSE,0,2,seco_soleado
2021-11-23,2021,11,La Estanzuela,19.1,58,12.6,0.6,185.2,FALSE,0.4700036292457355,2,seco_soleado
2021-11-24,2021,11,La Estanzuela,24.2,48,12.5,0,245.7,FALSE,0,2,seco_soleado
2021-11-25,2021,11,La Estanzuela,19.3,79,0,28.9,158,FALSE,3.3978584803966405,1,humedo_lluvioso_poca_insolacion
2021-11-26,2021,11,La Estanzuela,20.5,85,12.1,0,190.9,FALSE,0,2,seco_soleado
2021-11-27,2021,11,La Estanzuela,20.8,87,11.1,0,263.1,FALSE,0,2,seco_soleado
2021-11-28,2021,11,La Estanzuela,19.9,86,0,68.3,290.5,FALSE,4.238444906195857,1,humedo_lluvioso_poca_insolacion
2021-11-29,2021,11,La Estanzuela,19.9,80,4.8,0.6,344.7,FALSE,0.4700036292457355,1,humedo_lluvioso_poca_insolacion
2021-11-30,2021,11,La Estanzuela,18.2,81,12.6,0.3,130.7,FALSE,0.26236426446749106,2,seco_soleado
2021-12-01,2021,12,La Estanzuela,17.3,84,5.8,0,180.3,FALSE,0,2,seco_soleado
2021-12-02,2021,12,La Estanzuela,18.7,78,12.3,0,218.9,FALSE,0,2,seco_soleado
2021-12-03,2021,12,La Estanzuela,19.5,73,3.2,0.2,163.4,FALSE,0.18232155679395465,2,seco_soleado
2021-12-04,2021,12,La Estanzuela,19.8,85,7.3,0,163.9,FALSE,0,2,seco_soleado
2021-12-05,2021,12,La Estanzuela,19.3,88,8.7,0,162.5,FALSE,0,2,seco_soleado
2021-12-06,2021,12,La Estanzuela,20,86,10.9,0,234.7,FALSE,0,2,seco_soleado
2021-12-07,2021,12,La Estanzuela,22.2,70,12.7,0,301.2,FALSE,0,2,seco_soleado
2021-12-08,2021,12,La Estanzuela,21.2,64,12.2,0,255,FALSE,0,2,seco_soleado
2021-12-09,2021,12,La Estanzuela,21.1,63,8.1,0,205.9,FALSE,0,2,seco_soleado
2021-12-10,2021,12,La Estanzuela,20.1,70,6.8,0,166.9,FALSE,0,2,seco_soleado
2021-12-11,2021,12,La Estanzuela,21.7,65,11.5,0,186.2,FALSE,0,2,seco_soleado
2021-12-12,2021,12,La Estanzuela,23.4,68,7.3,0,140.4,FALSE,0,2,seco_soleado
2021-12-13,2021,12,La Estanzuela,21.7,64,7.7,0,191.2,FALSE,0,2,seco_soleado
2021-12-14,2021,12,La Estanzuela,20.9,65,12.3,22.4,290.7,FALSE,3.152736022363656,2,seco_soleado
2021-12-15,2021,12,La Estanzuela,20.9,77,7.7,0,145.4,FALSE,0,2,seco_soleado
2021-12-16,2021,12,La Estanzuela,20.1,75,10.9,0,234.3,FALSE,0,2,seco_soleado
2021-12-17,2021,12,La Estanzuela,20.5,76,12.4,0.2,210.7,FALSE,0.18232155679395465,2,seco_soleado
2021-12-18,2021,12,La Estanzuela,21.8,66,12.7,0,267.4,FALSE,0,2,seco_soleado
2021-12-19,2021,12,La Estanzuela,22.6,69,12.5,0,148.9,FALSE,0,2,seco_soleado
2021-12-20,2021,12,La Estanzuela,23.2,73,11.4,0,199.6,FALSE,0,2,seco_soleado
2021-12-21,2021,12,La Estanzuela,23,68,9.5,0,200.7,FALSE,0,2,seco_soleado
2021-12-22,2021,12,La Estanzuela,23,54,12.7,0,167,FALSE,0,2,seco_soleado
2021-12-23,2021,12,La Estanzuela,22.6,64,12.2,0,219.2,FALSE,0,2,seco_soleado
2021-12-24,2021,12,La Estanzuela,25.2,51,10.7,0.8,147.9,FALSE,0.5877866649021191,2,seco_soleado
2021-12-25,2021,12,La Estanzuela,23.1,76,10.6,0,134.3,FALSE,0,2,seco_soleado
2021-12-26,2021,12,La Estanzuela,23.7,60,12.6,0,138.4,FALSE,0,2,seco_soleado
2021-12-27,2021,12,La Estanzuela,22.9,59,12.1,0,165.5,FALSE,0,2,seco_soleado
2021-12-28,2021,12,La Estanzuela,26.4,44,11.2,0,208.8,FALSE,0,2,seco_soleado
2021-12-29,2021,12,La Estanzuela,29.5,31,12.1,0,299.3,FALSE,0,2,seco_soleado
2021-12-30,2021,12,La Estanzuela,28.3,45,10,0,166.4,FALSE,0,2,seco_soleado
2021-12-31,2021,12,La Estanzuela,26.4,58,12.2,4.9,241.2,FALSE,1.7749523509116738,2,seco_soleado
2022-01-01,2022,1,La Estanzuela,22.4,82,0,8.3,161.9,FALSE,2.2300144001592104,1,humedo_lluvioso_poca_insolacion
2022-01-02,2022,1,La Estanzuela,24.3,68,11.3,0,113.9,FALSE,0,2,seco_soleado
2022-01-03,2022,1,La Estanzuela,27,61,11.2,0,205.2,FALSE,0,2,seco_soleado
2022-01-04,2022,1,La Estanzuela,25.4,60,8.2,0,377.8,FALSE,0,2,seco_soleado
2022-01-05,2022,1,La Estanzuela,20.5,54,11.5,0,218.1,FALSE,0,2,seco_soleado
2022-01-06,2022,1,La Estanzuela,21,58,12.8,0,249.7,FALSE,0,2,seco_soleado
2022-01-07,2022,1,La Estanzuela,22.4,63,12,0,247.5,FALSE,0,2,seco_soleado
2022-01-08,2022,1,La Estanzuela,23,61,12.6,0,310,FALSE,0,2,seco_soleado
2022-01-09,2022,1,La Estanzuela,24.1,64,12.7,0,260.8,FALSE,0,2,seco_soleado
2022-01-10,2022,1,La Estanzuela,23.5,54,12.3,0,192.1,FALSE,0,2,seco_soleado
2022-01-11,2022,1,La Estanzuela,29,44,12.1,0,247.8,FALSE,0,2,seco_soleado
2022-01-12,2022,1,La Estanzuela,25.6,59,12.5,0,227.3,FALSE,0,2,seco_soleado
2022-01-13,2022,1,La Estanzuela,27.4,47,12.9,0,220.9,FALSE,0,2,seco_soleado
2022-01-14,2022,1,La Estanzuela,32.2,38,11.8,0,241.5,FALSE,0,2,seco_soleado
2022-01-15,2022,1,La Estanzuela,31.2,47,8,39.9,286.7,FALSE,3.711130063048756,2,seco_soleado
2022-01-16,2022,1,La Estanzuela,25.4,83,4.6,31.9,196.3,FALSE,3.493472657771326,1,humedo_lluvioso_poca_insolacion
2022-01-17,2022,1,La Estanzuela,23,85,3.9,0.8,260.4,FALSE,0.5877866649021191,1,humedo_lluvioso_poca_insolacion
2022-01-18,2022,1,La Estanzuela,22,89,0,10.6,211.2,FALSE,2.451005098112319,1,humedo_lluvioso_poca_insolacion
2022-01-19,2022,1,La Estanzuela,23.3,86,9,0.2,189.3,FALSE,0.18232155679395465,2,seco_soleado
2022-01-20,2022,1,La Estanzuela,25.2,82,9.6,1.1,229.3,FALSE,0.7419373447293773,2,seco_soleado
2022-01-21,2022,1,La Estanzuela,25.3,80,6.8,30.5,222.2,FALSE,3.449987545831587,1,humedo_lluvioso_poca_insolacion
2022-01-22,2022,1,La Estanzuela,24.8,84,6.7,7.3,179.7,FALSE,2.1162555148025524,1,humedo_lluvioso_poca_insolacion
2022-01-23,2022,1,La Estanzuela,23.5,86,2.2,0,99.4,FALSE,0,1,humedo_lluvioso_poca_insolacion
2022-01-24,2022,1,La Estanzuela,24.6,82,9.4,0,125.3,FALSE,0,2,seco_soleado
2022-01-25,2022,1,La Estanzuela,25.8,84,3.5,7,106.1,FALSE,2.0794415416798357,1,humedo_lluvioso_poca_insolacion
2022-01-26,2022,1,La Estanzuela,23.1,82,2.9,0,323.1,FALSE,0,1,humedo_lluvioso_poca_insolacion
2022-01-27,2022,1,La Estanzuela,18.5,64,10,0,188.1,FALSE,0,2,seco_soleado
2022-01-28,2022,1,La Estanzuela,18.6,68,12.5,0,159.2,FALSE,0,2,seco_soleado
2022-01-29,2022,1,La Estanzuela,21.9,65,10.9,0,173.9,FALSE,0,2,seco_soleado
2022-01-30,2022,1,La Estanzuela,22.8,64,11.5,0,192.2,FALSE,0,2,seco_soleado
2022-01-31,2022,1,La Estanzuela,19.9,71,11.3,0,200.2,FALSE,0,2,seco_soleado
2022-02-01,2022,2,La Estanzuela,20.4,59,12.3,0,144.1,FALSE,0,2,seco_soleado
2022-02-02,2022,2,La Estanzuela,23.9,55,11.8,0,183.8,FALSE,0,2,seco_soleado
2022-02-03,2022,2,La Estanzuela,22,84,0,3.5,82.7,FALSE,1.5040773967762742,1,humedo_lluvioso_poca_insolacion
2022-02-04,2022,2,La Estanzuela,22,82,9.3,8.8,127.6,FALSE,2.2823823856765264,1,humedo_lluvioso_poca_insolacion
2022-02-05,2022,2,La Estanzuela,19.2,86,3.7,7.2,341.8,FALSE,2.1041341542702074,1,humedo_lluvioso_poca_insolacion
2022-02-06,2022,2,La Estanzuela,17.4,69,8.7,0,328.8,FALSE,0,2,seco_soleado
2022-02-07,2022,2,La Estanzuela,18.1,68,10.3,0,107,FALSE,0,2,seco_soleado
2022-02-08,2022,2,La Estanzuela,18.6,70,9.4,0,165.3,FALSE,0,2,seco_soleado
2022-02-09,2022,2,La Estanzuela,20.8,66,10.5,0,194.1,FALSE,0,2,seco_soleado
2022-02-10,2022,2,La Estanzuela,22.5,61,10.9,0,200.2,FALSE,0,2,seco_soleado
2022-02-11,2022,2,La Estanzuela,21.1,76,9.9,1.7,282.5,FALSE,0.9932517730102833,2,seco_soleado
2022-02-12,2022,2,La Estanzuela,17.4,77,2.2,0.5,186.3,FALSE,0.4054651081081644,1,humedo_lluvioso_poca_insolacion
2022-02-13,2022,2,La Estanzuela,17.6,57,12.2,0,208.3,FALSE,0,2,seco_soleado
2022-02-14,2022,2,La Estanzuela,21.4,56,12,0,188.8,FALSE,0,2,seco_soleado
2022-02-15,2022,2,La Estanzuela,23.9,51,11.8,0,171.6,FALSE,0,2,seco_soleado
2022-02-16,2022,2,La Estanzuela,26.6,48,11.6,0,234.4,FALSE,0,2,seco_soleado
2022-02-17,2022,2,La Estanzuela,19.8,75,3,0,221.2,FALSE,0,2,seco_soleado
2022-02-18,2022,2,La Estanzuela,20.1,73,9.5,0,232.8,FALSE,0,2,seco_soleado
2022-02-19,2022,2,La Estanzuela,22.4,72,10.8,0,189.7,FALSE,0,2,seco_soleado
2022-02-20,2022,2,La Estanzuela,21.1,83,1.5,17.4,200.9,FALSE,2.91235066461494,1,humedo_lluvioso_poca_insolacion
2022-02-21,2022,2,La Estanzuela,20.8,73,10.8,0,117.9,FALSE,0,2,seco_soleado
2022-02-22,2022,2,La Estanzuela,20.3,78,8.7,0,101.3,FALSE,0,2,seco_soleado
2022-02-23,2022,2,La Estanzuela,20.6,79,10.8,0,257.9,FALSE,0,2,seco_soleado
2022-02-24,2022,2,La Estanzuela,20.3,90,0.2,15.2,142.9,FALSE,2.785011242238338,1,humedo_lluvioso_poca_insolacion
2022-02-25,2022,2,La Estanzuela,21.8,66,11.8,0,140.6,FALSE,0,2,seco_soleado
2022-02-26,2022,2,La Estanzuela,24,79,3,41.6,256.5,FALSE,3.751854253275325,1,humedo_lluvioso_poca_insolacion
2022-02-27,2022,2,La Estanzuela,21,87,0,5,227,FALSE,1.791759469228055,1,humedo_lluvioso_poca_insolacion
2022-02-28,2022,2,La Estanzuela,22.3,71,9.7,0,228.1,FALSE,0,2,seco_soleado
2022-03-01,2022,3,La Estanzuela,19.2,64,11.6,0,243.1,FALSE,0,2,seco_soleado
2022-03-02,2022,3,La Estanzuela,21.9,65,11.2,0,253.1,FALSE,0,2,seco_soleado
2022-03-03,2022,3,La Estanzuela,21.4,72,10.8,0,175.7,FALSE,0,2,seco_soleado
2022-03-04,2022,3,La Estanzuela,22.4,80,3.1,0,105.5,FALSE,0,2,seco_soleado
2022-03-05,2022,3,La Estanzuela,22.5,88,0.6,0.5,114.8,FALSE,0.4054651081081644,1,humedo_lluvioso_poca_insolacion
2022-03-06,2022,3,La Estanzuela,22.1,84,8.9,13.5,250.6,FALSE,2.6741486494265287,1,humedo_lluvioso_poca_insolacion
2022-03-07,2022,3,La Estanzuela,20.2,81,5.8,0,214.1,FALSE,0,2,seco_soleado
2022-03-08,2022,3,La Estanzuela,19.8,60,11.5,2.9,119.2,FALSE,1.3609765531356006,2,seco_soleado
2022-03-09,2022,3,La Estanzuela,17.6,85,0,11.1,110.4,FALSE,2.4932054526026954,1,humedo_lluvioso_poca_insolacion
2022-03-10,2022,3,La Estanzuela,18.7,75,7.5,0,151,FALSE,0,2,seco_soleado
2022-03-11,2022,3,La Estanzuela,16.6,70,10.9,0,159.2,FALSE,0,2,seco_soleado
2022-03-12,2022,3,La Estanzuela,16.9,79,9.6,0,89.2,FALSE,0,2,seco_soleado
2022-03-13,2022,3,La Estanzuela,16.2,64,11.6,0,111.1,FALSE,0,2,seco_soleado
2022-03-14,2022,3,La Estanzuela,18.7,69,10.8,0,134.4,FALSE,0,2,seco_soleado
2022-03-15,2022,3,La Estanzuela,22,66,10.8,0,154,FALSE,0,2,seco_soleado
2022-03-16,2022,3,La Estanzuela,21.6,66,11,0,163.6,FALSE,0,2,seco_soleado
2022-03-17,2022,3,La Estanzuela,23.1,77,7.1,7,168.6,FALSE,2.0794415416798357,1,humedo_lluvioso_poca_insolacion
2022-03-18,2022,3,La Estanzuela,16.7,80,0.1,12,188.7,FALSE,2.5649493574615367,1,humedo_lluvioso_poca_insolacion
2022-03-19,2022,3,La Estanzuela,13.8,57,11.3,0,105,FALSE,0,2,seco_soleado
2022-03-20,2022,3,La Estanzuela,14.1,69,8.3,0,202.3,FALSE,0,2,seco_soleado
2022-03-21,2022,3,La Estanzuela,17.1,70,5.4,5.2,274.6,FALSE,1.824549292051046,1,humedo_lluvioso_poca_insolacion
2022-03-22,2022,3,La Estanzuela,19.4,84,3.7,0,164.2,FALSE,0,1,humedo_lluvioso_poca_insolacion
2022-03-23,2022,3,La Estanzuela,21.9,81,6.4,1.5,261.2,FALSE,0.9162907318741551,1,humedo_lluvioso_poca_insolacion
2022-03-24,2022,3,La Estanzuela,15.7,78,7.9,3.2,416.9,FALSE,1.4350845252893227,1,humedo_lluvioso_poca_insolacion
2022-03-25,2022,3,La Estanzuela,14.2,92,1.4,4.3,352.8,FALSE,1.667706820558076,1,humedo_lluvioso_poca_insolacion
2022-03-26,2022,3,La Estanzuela,17.8,86,3,0,237.4,FALSE,0,1,humedo_lluvioso_poca_insolacion
2022-03-27,2022,3,La Estanzuela,18.8,74,11.1,0,189.8,FALSE,0,2,seco_soleado
2022-03-28,2022,3,La Estanzuela,19.8,69,10.9,0,250.8,FALSE,0,2,seco_soleado
2022-03-29,2022,3,La Estanzuela,19.3,71,6.6,23.5,425.3,FALSE,3.1986731175506815,1,humedo_lluvioso_poca_insolacion
2022-03-30,2022,3,La Estanzuela,12.5,55,10.4,0,356.3,FALSE,0,2,seco_soleado
2022-03-31,2022,3,La Estanzuela,12,59,11,0,162.4,FALSE,0,2,seco_soleado
2022-04-01,2022,4,La Estanzuela,13,64,10.7,0,137.9,FALSE,0,2,seco_soleado
2022-04-02,2022,4,La Estanzuela,15.3,68,10.5,0,218.4,FALSE,0,2,seco_soleado
2022-04-03,2022,4,La Estanzuela,17.7,79,8.7,1.7,176,FALSE,0.9932517730102833,2,seco_soleado
2022-04-04,2022,4,La Estanzuela,14.3,52,10.9,0,111.9,FALSE,0,2,seco_soleado
2022-04-05,2022,4,La Estanzuela,15.4,58,10.5,0,129.5,FALSE,0,2,seco_soleado
2022-04-06,2022,4,La Estanzuela,19.1,74,7.6,0,104.3,FALSE,0,2,seco_soleado
2022-04-07,2022,4,La Estanzuela,19.4,81,6,0,122.5,FALSE,0,2,seco_soleado
2022-04-08,2022,4,La Estanzuela,18.5,88,7.2,0,105.4,FALSE,0,2,seco_soleado
2022-04-09,2022,4,La Estanzuela,17.9,91,9.1,0,149.8,FALSE,0,2,seco_soleado
2022-04-10,2022,4,La Estanzuela,21.1,76,8.6,19.5,184.7,FALSE,3.0204248861443626,1,humedo_lluvioso_poca_insolacion
2022-04-11,2022,4,La Estanzuela,18.2,86,5.9,0.4,165.2,FALSE,0.33647223662121295,2,seco_soleado
2022-04-12,2022,4,La Estanzuela,15.5,70,10.1,0,154.3,FALSE,0,2,seco_soleado
2022-04-13,2022,4,La Estanzuela,13.1,66,10.4,0,159.5,FALSE,0,2,seco_soleado
2022-04-14,2022,4,La Estanzuela,13.4,68,10.5,0,100.9,FALSE,0,2,seco_soleado
2022-04-15,2022,4,La Estanzuela,14.1,77,10.2,0,140.3,FALSE,0,2,seco_soleado
2022-04-16,2022,4,La Estanzuela,16,79,6.2,0,130.9,FALSE,0,2,seco_soleado
2022-04-17,2022,4,La Estanzuela,17.4,73,4,0,164,FALSE,0,2,seco_soleado
2022-04-18,2022,4,La Estanzuela,17.5,80,7.1,0,151.9,FALSE,0,2,seco_soleado
2022-04-19,2022,4,La Estanzuela,18,80,8.5,0,107.3,FALSE,0,2,seco_soleado
2022-04-20,2022,4,La Estanzuela,19.2,68,8.4,0,163.5,FALSE,0,2,seco_soleado
2022-04-21,2022,4,La Estanzuela,16,64,10.1,4.3,171.5,FALSE,1.667706820558076,2,seco_soleado
2022-04-22,2022,4,La Estanzuela,12.9,83,0,5.7,194.6,FALSE,1.9021075263969205,1,humedo_lluvioso_poca_insolacion
2022-04-23,2022,4,La Estanzuela,13.5,70,10,0.3,331.2,FALSE,0.26236426446749106,2,seco_soleado
2022-04-24,2022,4,La Estanzuela,17.9,58,9.7,42.7,348.7,FALSE,3.7773481021015445,1,humedo_lluvioso_poca_insolacion
2022-04-25,2022,4,La Estanzuela,19,93,0.7,1,133.9,FALSE,0.6931471805599453,1,humedo_lluvioso_poca_insolacion
2022-04-26,2022,4,La Estanzuela,20.9,88,6.1,10,385.8,FALSE,2.3978952727983707,1,humedo_lluvioso_poca_insolacion
2022-04-27,2022,4,La Estanzuela,16.5,70,10,0,116.7,FALSE,0,2,seco_soleado
2022-04-28,2022,4,La Estanzuela,11.8,60,10.1,0,154.1,FALSE,0,2,seco_soleado
2022-04-29,2022,4,La Estanzuela,8.6,59,10.1,0,98,FALSE,0,2,seco_soleado
2022-04-30,2022,4,La Estanzuela,10.5,72,4.3,0,50.4,FALSE,0,2,seco_soleado
2022-05-01,2022,5,La Estanzuela,12,73,9.4,0,106,FALSE,0,2,seco_soleado
2022-05-02,2022,5,La Estanzuela,11.3,75,2.7,0,97.3,FALSE,0,1,humedo_lluvioso_poca_insolacion
2022-05-03,2022,5,La Estanzuela,11.8,85,5.7,0,86.7,FALSE,0,2,seco_soleado
2022-05-04,2022,5,La Estanzuela,12.7,80,9.4,0,99.4,FALSE,0,2,seco_soleado
2022-05-05,2022,5,La Estanzuela,13.5,78,9,0,132.9,FALSE,0,2,seco_soleado
2022-05-06,2022,5,La Estanzuela,15.7,79,8.9,0,142.4,FALSE,0,2,seco_soleado
2022-05-07,2022,5,La Estanzuela,16.5,81,7.6,0,150.7,FALSE,0,2,seco_soleado
2022-05-08,2022,5,La Estanzuela,15.9,78,9.6,0,134.6,FALSE,0,2,seco_soleado
2022-05-09,2022,5,La Estanzuela,15.3,80,7.6,0,240.2,FALSE,0,2,seco_soleado
2022-05-10,2022,5,La Estanzuela,14.8,88,3.2,0,113.7,FALSE,0,1,humedo_lluvioso_poca_insolacion
2022-05-11,2022,5,La Estanzuela,12.9,79,4.8,0,125.7,FALSE,0,2,seco_soleado
2022-05-12,2022,5,La Estanzuela,11.1,75,9.1,0,124.7,FALSE,0,2,seco_soleado
2022-05-13,2022,5,La Estanzuela,12.6,72,7.8,0,115.4,FALSE,0,2,seco_soleado
2022-05-14,2022,5,La Estanzuela,12.9,79,7.3,0,86.4,FALSE,0,2,seco_soleado
2022-05-15,2022,5,La Estanzuela,11.3,63,9.1,0,511,FALSE,0,2,seco_soleado
2022-05-16,2022,5,La Estanzuela,11.3,72,1.6,0,608.2,FALSE,0,1,humedo_lluvioso_poca_insolacion
2022-05-17,2022,5,La Estanzuela,11.3,82,0,3.7,302.4,FALSE,1.547562508716013,1,humedo_lluvioso_poca_insolacion
2022-05-18,2022,5,La Estanzuela,10.5,77,8.2,0,99,FALSE,0,2,seco_soleado
2022-05-19,2022,5,La Estanzuela,9,81,8.8,0,87.5,FALSE,0,2,seco_soleado
2022-05-20,2022,5,La Estanzuela,10.8,77,9,0,183.6,FALSE,0,2,seco_soleado
2022-05-21,2022,5,La Estanzuela,13.1,77,7,0,141.8,FALSE,0,2,seco_soleado
2022-05-22,2022,5,La Estanzuela,12.6,81,8.1,0,137.5,FALSE,0,2,seco_soleado
2022-05-23,2022,5,La Estanzuela,13.4,80,7.5,0,138.2,FALSE,0,2,seco_soleado
2022-05-24,2022,5,La Estanzuela,15.6,76,6.6,9.4,180.5,FALSE,2.341805806147327,1,humedo_lluvioso_poca_insolacion
2022-05-25,2022,5,La Estanzuela,12.2,92,0,8.9,247.6,FALSE,2.2925347571405443,1,humedo_lluvioso_poca_insolacion
2022-05-26,2022,5,La Estanzuela,10.5,78,7.8,0,140.8,FALSE,0,2,seco_soleado
2022-05-27,2022,5,La Estanzuela,11,83,6.6,0,101.3,FALSE,0,2,seco_soleado
2022-05-28,2022,5,La Estanzuela,9.3,85,0,0,123.6,FALSE,0,1,humedo_lluvioso_poca_insolacion
2022-05-29,2022,5,La Estanzuela,7.4,68,9.4,0,165.7,FALSE,0,2,seco_soleado
2022-05-30,2022,5,La Estanzuela,5.4,66,9.2,0,210.3,FALSE,0,2,seco_soleado
2022-05-31,2022,5,La Estanzuela,5,70,7.6,0,101.8,FALSE,0,2,seco_soleado
2022-06-01,2022,6,La Estanzuela,6,64,4.1,0,47.8,FALSE,0,2,seco_soleado
2022-06-02,2022,6,La Estanzuela,6,69,9,0,76.4,FALSE,0,2,seco_soleado
2022-06-03,2022,6,La Estanzuela,6.3,76,8.8,0,161.9,FALSE,0,2,seco_soleado
2022-06-04,2022,6,La Estanzuela,10.7,75,7.9,0,146.8,FALSE,0,2,seco_soleado
2022-06-05,2022,6,La Estanzuela,11.4,84,3.1,0,64.5,FALSE,0,1,humedo_lluvioso_poca_insolacion
2022-06-06,2022,6,La Estanzuela,8.3,94,5.5,0.3,105.1,FALSE,0.26236426446749106,1,humedo_lluvioso_poca_insolacion
2022-06-07,2022,6,La Estanzuela,7.7,95,2.1,0,110.9,FALSE,0,1,humedo_lluvioso_poca_insolacion
2022-06-08,2022,6,La Estanzuela,8.7,96,0.5,0,91.5,FALSE,0,1,humedo_lluvioso_poca_insolacion
2022-06-09,2022,6,La Estanzuela,8.5,93,3.1,0,224.3,FALSE,0,1,humedo_lluvioso_poca_insolacion
2022-06-10,2022,6,La Estanzuela,6.5,57,9.4,0,322.9,FALSE,0,2,seco_soleado
2022-06-11,2022,6,La Estanzuela,6.7,62,9,0,169.4,FALSE,0,2,seco_soleado
2022-06-12,2022,6,La Estanzuela,8.3,67,8.8,0,88.9,FALSE,0,2,seco_soleado
2022-06-13,2022,6,La Estanzuela,10.2,62,9,0,199.3,FALSE,0,2,seco_soleado
2022-06-14,2022,6,La Estanzuela,10.9,76,7.7,0,165.8,FALSE,0,2,seco_soleado
2022-06-15,2022,6,La Estanzuela,11.8,83,7.3,0,120.2,FALSE,0,2,seco_soleado
2022-06-16,2022,6,La Estanzuela,12.6,83,6.4,0,152.8,FALSE,0,2,seco_soleado
2022-06-17,2022,6,La Estanzuela,8.8,70,8.6,0,376.6,FALSE,0,2,seco_soleado
2022-06-18,2022,6,La Estanzuela,7.6,56,9.1,0,334.7,FALSE,0,2,seco_soleado
2022-06-19,2022,6,La Estanzuela,10.1,52,7.6,0,184.4,FALSE,0,2,seco_soleado
2022-06-20,2022,6,La Estanzuela,9.5,60,5.2,0,110.5,FALSE,0,2,seco_soleado
2022-06-21,2022,6,La Estanzuela,9.1,79,3.5,0,287.5,FALSE,0,1,humedo_lluvioso_poca_insolacion
2022-06-22,2022,6,La Estanzuela,8.1,68,4.7,0,228.8,FALSE,0,2,seco_soleado
2022-06-23,2022,6,La Estanzuela,12.1,86,0.6,1.4,143.7,FALSE,0.8754687373538999,1,humedo_lluvioso_poca_insolacion
2022-06-24,2022,6,La Estanzuela,8,89,2.4,1.4,88.2,FALSE,0.8754687373538999,1,humedo_lluvioso_poca_insolacion
2022-06-25,2022,6,La Estanzuela,5.6,87,7.5,0,109.1,FALSE,0,2,seco_soleado
2022-06-26,2022,6,La Estanzuela,6.6,81,1.5,0,144.7,FALSE,0,1,humedo_lluvioso_poca_insolacion
2022-06-27,2022,6,La Estanzuela,8.6,83,0,0,90.2,FALSE,0,1,humedo_lluvioso_poca_insolacion
2022-06-28,2022,6,La Estanzuela,9.3,84,1.6,0,166.2,FALSE,0,1,humedo_lluvioso_poca_insolacion
2022-06-29,2022,6,La Estanzuela,11.2,67,8.7,0,257,FALSE,0,2,seco_soleado
2022-06-30,2022,6,La Estanzuela,9.7,71,8.7,0,201.9,FALSE,0,2,seco_soleado
2022-07-01,2022,7,La Estanzuela,8.9,73,1.9,13.8,283.9,FALSE,2.6946271807700692,1,humedo_lluvioso_poca_insolacion
2022-07-02,2022,7,La Estanzuela,14.3,97,0,3.9,262.8,FALSE,1.589235205116581,1,humedo_lluvioso_poca_insolacion
2022-07-03,2022,7,La Estanzuela,7.4,75,8.9,0,143.3,FALSE,0,2,seco_soleado
2022-07-04,2022,7,La Estanzuela,9.2,89,0.6,0.5,122.3,FALSE,0.4054651081081644,1,humedo_lluvioso_poca_insolacion
2022-07-05,2022,7,La Estanzuela,9.9,95,4,0,157.7,FALSE,0,1,humedo_lluvioso_poca_insolacion
2022-07-06,2022,7,La Estanzuela,11.8,97,0,1.7,279.2,FALSE,0.9932517730102833,1,humedo_lluvioso_poca_insolacion
2022-07-07,2022,7,La Estanzuela,9.2,65,9.4,0,173,FALSE,0,2,seco_soleado
2022-07-08,2022,7,La Estanzuela,8.8,54,5.8,4.9,308.9,FALSE,1.7749523509116738,2,seco_soleado
2022-07-09,2022,7,La Estanzuela,15.3,82,3.3,0,414,FALSE,0,1,humedo_lluvioso_poca_insolacion
2022-07-10,2022,7,La Estanzuela,17.9,76,6.3,2,262.8,FALSE,1.0986122886681098,1,humedo_lluvioso_poca_insolacion
2022-07-11,2022,7,La Estanzuela,9.8,82,0,0.5,178.8,FALSE,0.4054651081081644,1,humedo_lluvioso_poca_insolacion
2022-07-12,2022,7,La Estanzuela,6.2,74,9.2,0,181.7,FALSE,0,2,seco_soleado
2022-07-13,2022,7,La Estanzuela,8.4,74,9.2,0,253.1,FALSE,0,2,seco_soleado
2022-07-14,2022,7,La Estanzuela,11.2,84,2.6,0,142.6,FALSE,0,1,humedo_lluvioso_poca_insolacion
2022-07-15,2022,7,La Estanzuela,11.4,97,0,0.6,166.1,FALSE,0.4700036292457355,1,humedo_lluvioso_poca_insolacion
2022-07-16,2022,7,La Estanzuela,8.8,84,0,0,285.7,FALSE,0,1,humedo_lluvioso_poca_insolacion
2022-07-17,2022,7,La Estanzuela,6.5,73,9.1,0,285.4,FALSE,0,2,seco_soleado
2022-07-18,2022,7,La Estanzuela,8.6,76,9,0,155.5,FALSE,0,2,seco_soleado
2022-07-19,2022,7,La Estanzuela,8.8,73,9.4,0,166.7,FALSE,0,2,seco_soleado
2022-07-20,2022,7,La Estanzuela,10.3,83,6.9,0,191.8,FALSE,0,2,seco_soleado
2022-07-21,2022,7,La Estanzuela,11.9,88,5.6,0,159.6,FALSE,0,1,humedo_lluvioso_poca_insolacion
2022-07-22,2022,7,La Estanzuela,10.8,88,8.4,0,158.9,FALSE,0,2,seco_soleado
2022-07-23,2022,7,La Estanzuela,15.1,93,3.1,0,143.4,FALSE,0,1,humedo_lluvioso_poca_insolacion
2022-07-24,2022,7,La Estanzuela,12.8,99,0.2,38.6,204.9,FALSE,3.6788291182604347,1,humedo_lluvioso_poca_insolacion
2022-07-25,2022,7,La Estanzuela,14.3,97,0,3.9,262.8,FALSE,1.589235205116581,1,humedo_lluvioso_poca_insolacion
2022-07-26,2022,7,La Estanzuela,19.1,83,5.3,0,209.7,FALSE,0,2,seco_soleado
2022-07-27,2022,7,La Estanzuela,17.7,92,0.7,16.7,260,FALSE,2.8735646395797834,1,humedo_lluvioso_poca_insolacion
2022-07-28,2022,7,La Estanzuela,11.7,80,7.2,0,454.1,FALSE,0,2,seco_soleado
2022-07-29,2022,7,La Estanzuela,9.6,65,9.4,0,158.3,FALSE,0,2,seco_soleado
2022-07-30,2022,7,La Estanzuela,11.7,77,9.3,0,116.5,FALSE,0,2,seco_soleado
2022-07-31,2022,7,La Estanzuela,11.6,74,6.8,0,97.1,FALSE,0,2,seco_soleado
2022-08-01,2022,8,La Estanzuela,11,76,9.8,0,127,FALSE,0,2,seco_soleado
2022-08-02,2022,8,La Estanzuela,12.1,83,7,0,145.5,FALSE,0,2,seco_soleado
2022-08-03,2022,8,La Estanzuela,11.1,99,0,0,221.9,FALSE,0,1,humedo_lluvioso_poca_insolacion
2022-08-04,2022,8,La Estanzuela,7.8,91,0,0,116.2,FALSE,0,1,humedo_lluvioso_poca_insolacion
2022-08-05,2022,8,La Estanzuela,7.4,73,10,0,121.4,FALSE,0,2,seco_soleado
2022-08-06,2022,8,La Estanzuela,9.5,63,8.9,0,165.3,FALSE,0,2,seco_soleado
2022-08-07,2022,8,La Estanzuela,8.4,81,8.8,0,194.3,FALSE,0,2,seco_soleado
2022-08-08,2022,8,La Estanzuela,9.1,83,6.1,0,176.4,FALSE,0,2,seco_soleado
2022-08-09,2022,8,La Estanzuela,9.3,82,6.9,0,129.3,FALSE,0,2,seco_soleado
2022-08-10,2022,8,La Estanzuela,8.2,77,9.2,0,129,FALSE,0,2,seco_soleado
2022-08-11,2022,8,La Estanzuela,9.5,75,10.2,0,179.7,FALSE,0,2,seco_soleado
2022-08-12,2022,8,La Estanzuela,11.8,76,7.6,0,155.2,FALSE,0,2,seco_soleado
2022-08-13,2022,8,La Estanzuela,15.6,78,9.5,0,165.8,FALSE,0,2,seco_soleado
2022-08-14,2022,8,La Estanzuela,18.2,74,9.2,0.8,301,FALSE,0.5877866649021191,2,seco_soleado
2022-08-15,2022,8,La Estanzuela,12.8,71,5.2,0,265.8,FALSE,0,2,seco_soleado
2022-08-16,2022,8,La Estanzuela,10.5,49,8.2,0,189.1,FALSE,0,2,seco_soleado
2022-08-17,2022,8,La Estanzuela,8.7,69,0.6,0,252,FALSE,0,1,humedo_lluvioso_poca_insolacion
2022-08-18,2022,8,La Estanzuela,6.8,62,9.5,0,308.9,FALSE,0,2,seco_soleado
2022-08-19,2022,8,La Estanzuela,7.9,52,9.7,0,267,FALSE,0,2,seco_soleado
2022-08-20,2022,8,La Estanzuela,8.7,51,7.1,0,158.1,FALSE,0,2,seco_soleado
2022-08-21,2022,8,La Estanzuela,9.5,56,7.7,0,130.6,FALSE,0,2,seco_soleado
2022-08-22,2022,8,La Estanzuela,9.2,86,7.8,0,184.6,FALSE,0,2,seco_soleado
2022-08-23,2022,8,La Estanzuela,12.1,76,10.1,0,155,FALSE,0,2,seco_soleado
2022-08-24,2022,8,La Estanzuela,15.7,74,8.7,0,127.8,FALSE,0,2,seco_soleado
2022-08-25,2022,8,La Estanzuela,17.3,84,5.5,0.1,78.9,FALSE,0.09531017980432487,2,seco_soleado
2022-08-26,2022,8,La Estanzuela,18,82,8.7,78,251,FALSE,4.3694478524670215,1,humedo_lluvioso_poca_insolacion
2022-08-27,2022,8,La Estanzuela,14.8,72,4.1,0.3,258.2,FALSE,0.26236426446749106,2,seco_soleado
2022-08-28,2022,8,La Estanzuela,7,57,10.5,0,138.2,FALSE,0,2,seco_soleado
2022-08-29,2022,8,La Estanzuela,7.4,67,10.7,0,134.1,FALSE,0,2,seco_soleado
2022-08-30,2022,8,La Estanzuela,11.2,68,10.1,0,204.2,FALSE,0,2,seco_soleado
2022-08-31,2022,8,La Estanzuela,15.3,74,7.4,0,163.1,FALSE,0,2,seco_soleado
2022-09-01,2022,9,La Estanzuela,14.5,91,0,0,118.9,FALSE,0,1,humedo_lluvioso_poca_insolacion
2022-09-02,2022,9,La Estanzuela,10.2,68,10.1,0,99.4,FALSE,0,2,seco_soleado
2022-09-03,2022,9,La Estanzuela,9.2,67,10.7,0,127.6,FALSE,0,2,seco_soleado
2022-09-04,2022,9,La Estanzuela,11.7,56,10.7,0,185.6,FALSE,0,2,seco_soleado
2022-09-05,2022,9,La Estanzuela,13.1,55,10.8,0,114.8,FALSE,0,2,seco_soleado
2022-09-06,2022,9,La Estanzuela,13.8,70,10.6,0,186.2,FALSE,0,2,seco_soleado
2022-09-07,2022,9,La Estanzuela,15.7,73,10.5,0,206.4,FALSE,0,2,seco_soleado
2022-09-08,2022,9,La Estanzuela,16.3,75,9.2,5.2,281.9,FALSE,1.824549292051046,2,seco_soleado
2022-09-09,2022,9,La Estanzuela,9.4,71,5.1,0,252.4,FALSE,0,2,seco_soleado
2022-09-10,2022,9,La Estanzuela,9.2,61,10.8,0,150.6,FALSE,0,2,seco_soleado
2022-09-11,2022,9,La Estanzuela,10.5,60,8,0,116.8,FALSE,0,2,seco_soleado
2022-09-12,2022,9,La Estanzuela,10.6,71,10.7,0,93.2,FALSE,0,2,seco_soleado
2022-09-13,2022,9,La Estanzuela,10.5,87,8.7,0,111,FALSE,0,2,seco_soleado
2022-09-14,2022,9,La Estanzuela,12,81,10.4,0,139.9,FALSE,0,2,seco_soleado
2022-09-15,2022,9,La Estanzuela,13.3,66,10.7,0,225.4,FALSE,0,2,seco_soleado
2022-09-16,2022,9,La Estanzuela,16.3,68,9.8,0,389.3,FALSE,0,2,seco_soleado
2022-09-17,2022,9,La Estanzuela,18.1,65,8.6,0,337,FALSE,0,2,seco_soleado
2022-09-18,2022,9,La Estanzuela,17.5,73,4.8,0,164.9,FALSE,0,2,seco_soleado
2022-09-19,2022,9,La Estanzuela,15.3,82,7.4,0,186.6,FALSE,0,2,seco_soleado
2022-09-20,2022,9,La Estanzuela,11.2,79,6.2,1.1,147.9,FALSE,0.7419373447293773,1,humedo_lluvioso_poca_insolacion
2022-09-21,2022,9,La Estanzuela,12.2,71,9.7,0.9,179.1,FALSE,0.6418538861723948,2,seco_soleado
2022-09-22,2022,9,La Estanzuela,11.4,68,7.6,0,152.5,FALSE,0,2,seco_soleado
2022-09-23,2022,9,La Estanzuela,11.3,66,9.9,0,155.2,FALSE,0,2,seco_soleado
2022-09-24,2022,9,La Estanzuela,14.4,60,10.4,0,158.4,FALSE,0,2,seco_soleado
2022-09-25,2022,9,La Estanzuela,13.8,64,6.4,0,171.8,FALSE,0,2,seco_soleado
2022-09-26,2022,9,La Estanzuela,14.7,80,8.3,0,115.7,FALSE,0,2,seco_soleado
2022-09-27,2022,9,La Estanzuela,16.4,66,10.2,0,174.7,FALSE,0,2,seco_soleado
2022-09-28,2022,9,La Estanzuela,12,63,11.2,0,215.6,FALSE,0,2,seco_soleado
2022-09-29,2022,9,La Estanzuela,11.2,60,7.9,0,196.8,FALSE,0,2,seco_soleado
2022-09-30,2022,9,La Estanzuela,12.9,73,8.7,0,152.2,FALSE,0,2,seco_soleado
2022-10-01,2022,10,La Estanzuela,15.1,68,10.4,0,120.4,FALSE,0,2,seco_soleado
2022-10-02,2022,10,La Estanzuela,15.8,65,10.4,0,165.2,FALSE,0,2,seco_soleado
2022-10-03,2022,10,La Estanzuela,12.2,74,9.9,0,221.2,FALSE,0,2,seco_soleado
2022-10-04,2022,10,La Estanzuela,13.3,67,11.1,0,251.3,FALSE,0,2,seco_soleado
2022-10-05,2022,10,La Estanzuela,14.6,75,10.8,0,201.8,FALSE,0,2,seco_soleado
2022-10-06,2022,10,La Estanzuela,14.5,84,1.2,0,107.2,FALSE,0,1,humedo_lluvioso_poca_insolacion
2022-10-07,2022,10,La Estanzuela,17.6,57,11.1,0,281.2,FALSE,0,2,seco_soleado
2022-10-08,2022,10,La Estanzuela,15.4,58,2.5,0.8,486.7,FALSE,0.5877866649021191,1,humedo_lluvioso_poca_insolacion
2022-10-09,2022,10,La Estanzuela,11.6,45,11.4,0,195.1,FALSE,0,2,seco_soleado
2022-10-10,2022,10,La Estanzuela,12.5,48,11.3,0,140.5,FALSE,0,2,seco_soleado
2022-10-11,2022,10,La Estanzuela,11.8,60,10.8,0,155,FALSE,0,2,seco_soleado
2022-10-12,2022,10,La Estanzuela,17.3,53,10.8,0,338.9,FALSE,0,2,seco_soleado
2022-10-13,2022,10,La Estanzuela,13.2,53,8.1,0,205.7,FALSE,0,2,seco_soleado
2022-10-14,2022,10,La Estanzuela,10.8,59,11.3,0,271.4,FALSE,0,2,seco_soleado
2022-10-15,2022,10,La Estanzuela,12.4,77,0.4,5.8,137.2,FALSE,1.916922612182061,1,humedo_lluvioso_poca_insolacion
2022-10-16,2022,10,La Estanzuela,13.7,82,9.5,0,223.5,FALSE,0,2,seco_soleado
2022-10-17,2022,10,La Estanzuela,15.1,77,9.4,0,267,FALSE,0,2,seco_soleado
2022-10-18,2022,10,La Estanzuela,17.2,69,4.2,0,267,FALSE,0,2,seco_soleado
2022-10-19,2022,10,La Estanzuela,17.8,82,2.4,0,142.2,FALSE,0,1,humedo_lluvioso_poca_insolacion
2022-10-20,2022,10,La Estanzuela,18.7,84,3.2,0,86.8,FALSE,0,1,humedo_lluvioso_poca_insolacion
2022-10-21,2022,10,La Estanzuela,17.2,86,7.8,6.7,261.6,FALSE,2.0412203288596382,1,humedo_lluvioso_poca_insolacion
2022-10-22,2022,10,La Estanzuela,12.7,88,0,2.6,170.5,FALSE,1.2809338454620642,1,humedo_lluvioso_poca_insolacion
2022-10-23,2022,10,La Estanzuela,14.5,78,9.8,0,189.8,FALSE,0,2,seco_soleado
2022-10-24,2022,10,La Estanzuela,17.7,73,11,0,197,FALSE,0,2,seco_soleado
2022-10-25,2022,10,La Estanzuela,20.8,62,10.3,3.2,230.1,FALSE,1.4350845252893227,2,seco_soleado
2022-10-26,2022,10,La Estanzuela,17.8,80,4.1,0.5,393.3,FALSE,0.4054651081081644,1,humedo_lluvioso_poca_insolacion
2022-10-27,2022,10,La Estanzuela,18.7,52,11.6,0,301.1,FALSE,0,2,seco_soleado
2022-10-28,2022,10,La Estanzuela,23.9,41,10.8,0,293.3,FALSE,0,2,seco_soleado
2022-10-29,2022,10,La Estanzuela,21.9,53,7.8,0,238.8,FALSE,0,2,seco_soleado
2022-10-30,2022,10,La Estanzuela,15.1,69,0,0,310.5,FALSE,0,1,humedo_lluvioso_poca_insolacion
2022-10-31,2022,10,La Estanzuela,11.6,53,9.8,0,175.6,FALSE,0,2,seco_soleado
2022-11-01,2022,11,La Estanzuela,13.2,51,12,0,196.1,FALSE,0,2,seco_soleado
2022-11-02,2022,11,La Estanzuela,17.4,36,12.4,0,112.3,FALSE,0,2,seco_soleado
2022-11-03,2022,11,La Estanzuela,17.7,51,12.1,0.6,201.3,FALSE,0.4700036292457355,2,seco_soleado
2022-11-04,2022,11,La Estanzuela,16.8,60,12.2,0,267.9,FALSE,0,2,seco_soleado
2022-11-05,2022,11,La Estanzuela,17.9,59,11.4,0,315,FALSE,0,2,seco_soleado
2022-11-06,2022,11,La Estanzuela,19.1,58,12.2,0,315.9,FALSE,0,2,seco_soleado
2022-11-07,2022,11,La Estanzuela,19.6,55,12.2,0,304.6,FALSE,0,2,seco_soleado
2022-11-08,2022,11,La Estanzuela,19.4,56,12.1,0,294.7,FALSE,0,2,seco_soleado
2022-11-09,2022,11,La Estanzuela,20.3,49,11.6,0,286.3,FALSE,0,2,seco_soleado
2022-11-10,2022,11,La Estanzuela,20.3,57,9.8,0,175.9,FALSE,0,2,seco_soleado
2022-11-11,2022,11,La Estanzuela,22,58,10.6,0,253.4,FALSE,0,2,seco_soleado
2022-11-12,2022,11,La Estanzuela,22.3,66,5.9,0,181.9,FALSE,0,2,seco_soleado
2022-11-13,2022,11,La Estanzuela,20.2,81,2.9,55,249.6,FALSE,4.02535169073515,1,humedo_lluvioso_poca_insolacion
2022-11-14,2022,11,La Estanzuela,18.1,81,0.3,1,379.9,FALSE,0.6931471805599453,1,humedo_lluvioso_poca_insolacion
2022-11-15,2022,11,La Estanzuela,21.8,52,12.2,0,251.1,FALSE,0,2,seco_soleado
2022-11-16,2022,11,La Estanzuela,25.4,40,12,0,141.1,FALSE,0,2,seco_soleado
2022-11-17,2022,11,La Estanzuela,23.9,53,8.3,0,239.7,FALSE,0,2,seco_soleado
2022-11-18,2022,11,La Estanzuela,23.9,51,8.6,0,291.1,FALSE,0,2,seco_soleado
2022-11-19,2022,11,La Estanzuela,26.9,44,6.7,0,215.3,FALSE,0,2,seco_soleado
2022-11-20,2022,11,La Estanzuela,24.1,60,6.9,18.5,218.5,FALSE,2.970414465569701,1,humedo_lluvioso_poca_insolacion
2022-11-21,2022,11,La Estanzuela,17,90,0,3.4,176.8,FALSE,1.4816045409242156,1,humedo_lluvioso_poca_insolacion
2022-11-22,2022,11,La Estanzuela,16.9,62,11.3,0,165.1,FALSE,0,2,seco_soleado
2022-11-23,2022,11,La Estanzuela,20.8,45,12.2,0,280.7,FALSE,0,2,seco_soleado
2022-11-24,2022,11,La Estanzuela,25.6,44,11.8,0,213,FALSE,0,2,seco_soleado
2022-11-25,2022,11,La Estanzuela,20.9,78,11.5,0,216.7,FALSE,0,2,seco_soleado
2022-11-26,2022,11,La Estanzuela,22.6,72,11.5,0,228.9,FALSE,0,2,seco_soleado
2022-11-27,2022,11,La Estanzuela,24.3,70,11.8,0,243.2,FALSE,0,2,seco_soleado
2022-11-28,2022,11,La Estanzuela,25.9,56,11.9,0,293.5,FALSE,0,2,seco_soleado
2022-11-29,2022,11,La Estanzuela,25,54,10.9,0,204.8,FALSE,0,2,seco_soleado
2022-11-30,2022,11,La Estanzuela,24,74,4.6,1.9,148.3,FALSE,1.0647107369924282,1,humedo_lluvioso_poca_insolacion
2022-12-01,2022,12,La Estanzuela,20.4,81,0.5,0.4,251.3,FALSE,0.33647223662121295,1,humedo_lluvioso_poca_insolacion
2022-12-02,2022,12,La Estanzuela,18.7,71,12.4,0,177.6,FALSE,0,2,seco_soleado
2022-12-03,2022,12,La Estanzuela,19.2,62,10.8,0,124.2,FALSE,0,2,seco_soleado
2022-12-04,2022,12,La Estanzuela,22.6,63,12.5,0,209.6,FALSE,0,2,seco_soleado
2022-12-05,2022,12,La Estanzuela,26.9,54,12.4,0,242.2,FALSE,0,2,seco_soleado
2022-12-06,2022,12,La Estanzuela,26.7,52,12.6,0,188.7,FALSE,0,2,seco_soleado
2022-12-07,2022,12,La Estanzuela,26.9,49,9.4,0.8,213.1,FALSE,0.5877866649021191,2,seco_soleado
2022-12-08,2022,12,La Estanzuela,27.4,52,9.1,0,178.5,FALSE,0,2,seco_soleado
2022-12-09,2022,12,La Estanzuela,28.7,53,11.9,0,320.9,FALSE,0,2,seco_soleado
2022-12-10,2022,12,La Estanzuela,24.2,66,11.7,0,246.2,FALSE,0,2,seco_soleado
2022-12-11,2022,12,La Estanzuela,27.3,61,11.7,0,329.7,FALSE,0,2,seco_soleado
2022-12-12,2022,12,La Estanzuela,20.9,50,8.4,0,135,FALSE,0,2,seco_soleado
2022-12-13,2022,12,La Estanzuela,20.7,51,11.2,0,182.6,FALSE,0,2,seco_soleado
2022-12-14,2022,12,La Estanzuela,24.2,42,12.6,5.5,199.8,FALSE,1.8718021769015913,2,seco_soleado
2022-12-15,2022,12,La Estanzuela,20.7,63,8.2,0,191.3,FALSE,0,2,seco_soleado
2022-12-16,2022,12,La Estanzuela,16.9,60,11.5,0,249.9,FALSE,0,2,seco_soleado
2022-12-17,2022,12,La Estanzuela,19.1,59,12.8,0,291,FALSE,0,2,seco_soleado
2022-12-18,2022,12,La Estanzuela,21.4,56,11.5,0,291,FALSE,0,2,seco_soleado
2022-12-19,2022,12,La Estanzuela,23.4,60,10.7,0,277.9,FALSE,0,2,seco_soleado
2022-12-20,2022,12,La Estanzuela,24.1,59,12.1,0,312.9,FALSE,0,2,seco_soleado
2022-12-21,2022,12,La Estanzuela,23.2,60,12.1,0,297.9,FALSE,0,2,seco_soleado
2022-12-22,2022,12,La Estanzuela,24.9,54,10.8,4.8,236.4,FALSE,1.7578579175523736,2,seco_soleado
2022-12-23,2022,12,La Estanzuela,22.1,81,4.1,36.1,171.6,FALSE,3.6136169696133895,1,humedo_lluvioso_poca_insolacion
2022-12-24,2022,12,La Estanzuela,19.3,81,0.5,0.1,200.7,FALSE,0.09531017980432487,1,humedo_lluvioso_poca_insolacion
2022-12-25,2022,12,La Estanzuela,17.1,59,11.9,0,138.3,FALSE,0,2,seco_soleado
2022-12-26,2022,12,La Estanzuela,20.3,51,12.4,0,156.6,FALSE,0,2,seco_soleado
2022-12-27,2022,12,La Estanzuela,23,50,10.5,0,136.4,FALSE,0,2,seco_soleado
2022-12-28,2022,12,La Estanzuela,23.5,57,10.8,0,253.4,FALSE,0,2,seco_soleado
2022-12-29,2022,12,La Estanzuela,21.8,48,12.3,0,223.2,FALSE,0,2,seco_soleado
2022-12-30,2022,12,La Estanzuela,26.7,37,12.2,0,234.2,FALSE,0,2,seco_soleado
2022-12-31,2022,12,La Estanzuela,23.5,59,12.1,0,307,FALSE,0,2,seco_soleado
2023-01-01,2023,1,La Estanzuela,21.5,69,2.4,1.5,307,FALSE,0.9162907318741551,1,humedo_lluvioso_poca_insolacion
2023-01-02,2023,1,La Estanzuela,21.6,62,11,0,379.7,FALSE,0,2,seco_soleado
2023-01-03,2023,1,La Estanzuela,23.6,50,10.5,0,228.3,FALSE,0,2,seco_soleado
2023-01-04,2023,1,La Estanzuela,21.7,54,12.9,0,225.1,FALSE,0,2,seco_soleado
2023-01-05,2023,1,La Estanzuela,23.1,50,12.7,0,191,FALSE,0,2,seco_soleado
2023-01-06,2023,1,La Estanzuela,26.2,49,12.6,0,293.7,FALSE,0,2,seco_soleado
2023-01-07,2023,1,La Estanzuela,25.6,50,12.7,0,345.9,FALSE,0,2,seco_soleado
2023-01-08,2023,1,La Estanzuela,24.8,61,12.5,0,262.9,FALSE,0,2,seco_soleado
2023-01-09,2023,1,La Estanzuela,24.3,58,12.1,0,252.4,FALSE,0,2,seco_soleado
2023-01-10,2023,1,La Estanzuela,25.1,57,12.5,0,204,FALSE,0,2,seco_soleado
2023-01-11,2023,1,La Estanzuela,23.1,77,3.7,26.5,104.2,FALSE,3.3141860046725258,1,humedo_lluvioso_poca_insolacion
2023-01-12,2023,1,La Estanzuela,22.2,71,8.7,0,152.4,FALSE,0,2,seco_soleado
2023-01-13,2023,1,La Estanzuela,23,44,12.5,0,236.4,FALSE,0,2,seco_soleado
2023-01-14,2023,1,La Estanzuela,24.1,36,13,0,163.2,FALSE,0,2,seco_soleado
2023-01-15,2023,1,La Estanzuela,26.6,32,12.7,0,229,FALSE,0,2,seco_soleado
2023-01-16,2023,1,La Estanzuela,28,41,12.1,0,235.4,FALSE,0,2,seco_soleado
2023-01-17,2023,1,La Estanzuela,27.8,49,12.2,0,301.9,FALSE,0,2,seco_soleado
2023-01-18,2023,1,La Estanzuela,25.3,63,9.9,1,293.3,FALSE,0.6931471805599453,2,seco_soleado
2023-01-19,2023,1,La Estanzuela,26.6,61,11.8,0,255.7,FALSE,0,2,seco_soleado
2023-01-20,2023,1,La Estanzuela,26.3,66,7.1,7.1,260.7,FALSE,2.0918640616783932,2,seco_soleado
2023-01-21,2023,1,La Estanzuela,24.9,73,6.8,4.2,180.8,FALSE,1.6486586255873816,2,seco_soleado
2023-01-22,2023,1,La Estanzuela,25.6,59,11.6,0.7,160.4,FALSE,0.5306282510621704,2,seco_soleado
2023-01-23,2023,1,La Estanzuela,25.9,49,12.6,0,174.6,FALSE,0,2,seco_soleado
2023-01-24,2023,1,La Estanzuela,25.7,43,10.5,0,151.7,FALSE,0,2,seco_soleado
2023-01-25,2023,1,La Estanzuela,25.5,56,10.5,0.3,222.3,FALSE,0.26236426446749106,2,seco_soleado
2023-01-26,2023,1,La Estanzuela,26,62,6.9,0,212.2,FALSE,0,2,seco_soleado
2023-01-27,2023,1,La Estanzuela,23.2,80,0,14.6,162.2,FALSE,2.747270914255491,1,humedo_lluvioso_poca_insolacion
2023-01-28,2023,1,La Estanzuela,24.1,79,11,0.2,194.2,FALSE,0.18232155679395465,2,seco_soleado
2023-01-29,2023,1,La Estanzuela,23.1,71,12.5,0,235.4,FALSE,0,2,seco_soleado
2023-01-30,2023,1,La Estanzuela,23.1,74,11.4,0,169.6,FALSE,0,2,seco_soleado
2023-01-31,2023,1,La Estanzuela,24,75,12.1,0,204.3,FALSE,0,2,seco_soleado
2023-02-01,2023,2,La Estanzuela,22.8,75,12,0,246.7,FALSE,0,2,seco_soleado
2023-02-02,2023,2,La Estanzuela,23,63,3.1,0,176.8,FALSE,0,2,seco_soleado
2023-02-03,2023,2,La Estanzuela,22,68,9.8,0.4,232.1,FALSE,0.33647223662121295,2,seco_soleado
2023-02-04,2023,2,La Estanzuela,21.9,59,12.1,0,136.6,FALSE,0,2,seco_soleado
2023-02-05,2023,2,La Estanzuela,22.8,58,12.5,0,168.4,FALSE,0,2,seco_soleado
2023-02-06,2023,2,La Estanzuela,26,46,9.8,0,153.7,FALSE,0,2,seco_soleado
2023-02-07,2023,2,La Estanzuela,26.3,52,10.9,0,196.9,FALSE,0,2,seco_soleado
2023-02-08,2023,2,La Estanzuela,29.9,52,9.3,0,196.9,FALSE,0,2,seco_soleado
2023-02-09,2023,2,La Estanzuela,26.3,56,11.9,0,156.5,FALSE,0,2,seco_soleado
2023-02-10,2023,2,La Estanzuela,29,43,10.2,0,204.6,FALSE,0,2,seco_soleado
2023-02-11,2023,2,La Estanzuela,30.5,42,10.9,0,246,FALSE,0,2,seco_soleado
2023-02-12,2023,2,La Estanzuela,30.9,32,10.5,0,322.4,FALSE,0,2,seco_soleado
2023-02-13,2023,2,La Estanzuela,25.9,62,2.5,3.9,125.5,FALSE,1.589235205116581,1,humedo_lluvioso_poca_insolacion
2023-02-14,2023,2,La Estanzuela,25.3,64,7.9,0,215.6,FALSE,0,2,seco_soleado
2023-02-15,2023,2,La Estanzuela,24.3,53,11.9,0,187.7,FALSE,0,2,seco_soleado
2023-02-16,2023,2,La Estanzuela,19.7,65,2.6,0,540.3,FALSE,0,1,humedo_lluvioso_poca_insolacion
2023-02-17,2023,2,La Estanzuela,12.1,61,2.4,0.8,469.4,FALSE,0.5877866649021191,1,humedo_lluvioso_poca_insolacion
2023-02-18,2023,2,La Estanzuela,14.6,49,12.2,0,256.2,FALSE,0,2,seco_soleado
2023-02-19,2023,2,La Estanzuela,17.8,47,12.3,0,174.4,FALSE,0,2,seco_soleado
2023-02-20,2023,2,La Estanzuela,21,51,12,0,221.8,FALSE,0,2,seco_soleado
2023-02-21,2023,2,La Estanzuela,22,63,11.9,0,269.3,FALSE,0,2,seco_soleado
2023-02-22,2023,2,La Estanzuela,25.8,55,10.1,0,154.8,FALSE,0,2,seco_soleado
2023-02-23,2023,2,La Estanzuela,25,55,4,0,128.4,FALSE,0,2,seco_soleado
2023-02-24,2023,2,La Estanzuela,24.2,60,4.4,0,125.7,FALSE,0,2,seco_soleado
2023-02-25,2023,2,La Estanzuela,24.1,62,8.9,0.3,183.7,FALSE,0.26236426446749106,2,seco_soleado
2023-02-26,2023,2,La Estanzuela,21.2,63,9.7,0,247.1,FALSE,0,2,seco_soleado
2023-02-27,2023,2,La Estanzuela,22.9,53,11.6,0,185.6,FALSE,0,2,seco_soleado
2023-02-28,2023,2,La Estanzuela,27.9,48,9.8,0,295,FALSE,0,2,seco_soleado
2023-03-01,2023,3,La Estanzuela,28.8,44,9,0,287.9,FALSE,0,2,seco_soleado
2023-03-02,2023,3,La Estanzuela,29.1,44,10.9,0,232.9,FALSE,0,2,seco_soleado
2023-03-03,2023,3,La Estanzuela,28.4,53,9.9,0,210.8,FALSE,0,2,seco_soleado
2023-03-04,2023,3,La Estanzuela,26.1,69,10,0,248,FALSE,0,2,seco_soleado
2023-03-05,2023,3,La Estanzuela,26.7,64,10.3,0,225.9,FALSE,0,2,seco_soleado
2023-03-06,2023,3,La Estanzuela,27.7,44,11.2,0,261.8,FALSE,0,2,seco_soleado
2023-03-07,2023,3,La Estanzuela,25.6,59,10.9,0,174.4,FALSE,0,2,seco_soleado
2023-03-08,2023,3,La Estanzuela,25.2,70,10.6,0,183.8,FALSE,0,2,seco_soleado
2023-03-09,2023,3,La Estanzuela,25.2,64,10.8,0,305,FALSE,0,2,seco_soleado
2023-03-10,2023,3,La Estanzuela,29.5,55,10.6,0,255.8,FALSE,0,2,seco_soleado
2023-03-11,2023,3,La Estanzuela,31.1,46,8.5,0,226,FALSE,0,2,seco_soleado
2023-03-12,2023,3,La Estanzuela,29.8,47,10.3,0,266.3,FALSE,0,2,seco_soleado
2023-03-13,2023,3,La Estanzuela,28.8,60,10.3,0,245.6,FALSE,0,2,seco_soleado
2023-03-14,2023,3,La Estanzuela,29.8,58,9.2,0,202.4,FALSE,0,2,seco_soleado
2023-03-15,2023,3,La Estanzuela,25.6,77,2.3,7.8,112.1,FALSE,2.174751721484161,1,humedo_lluvioso_poca_insolacion
2023-03-16,2023,3,La Estanzuela,25,83,8.6,0,132.4,FALSE,0,2,seco_soleado
2023-03-17,2023,3,La Estanzuela,25.3,77,8,0,146.2,FALSE,0,2,seco_soleado
2023-03-18,2023,3,La Estanzuela,24.2,82,5.7,0,230.3,FALSE,0,2,seco_soleado
2023-03-19,2023,3,La Estanzuela,25.4,75,7.5,15.3,170.4,FALSE,2.791165107812717,1,humedo_lluvioso_poca_insolacion
2023-03-20,2023,3,La Estanzuela,21.6,77,4.2,0,213.4,FALSE,0,2,seco_soleado
2023-03-21,2023,3,La Estanzuela,20.9,55,7.8,0,242.1,FALSE,0,2,seco_soleado
2023-03-22,2023,3,La Estanzuela,20.8,56,5.3,0,217.4,FALSE,0,2,seco_soleado
2023-03-23,2023,3,La Estanzuela,18.9,73,8,0,128.2,FALSE,0,2,seco_soleado
2023-03-24,2023,3,La Estanzuela,22.7,78,8.5,15.1,194.4,FALSE,2.7788192719904172,1,humedo_lluvioso_poca_insolacion
2023-03-25,2023,3,La Estanzuela,21.9,83,4.5,2.1,143.9,FALSE,1.1314021114911006,1,humedo_lluvioso_poca_insolacion
2023-03-26,2023,3,La Estanzuela,18.3,71,9.4,0,126.4,FALSE,0,2,seco_soleado
2023-03-27,2023,3,La Estanzuela,18.5,63,10.9,0,212,FALSE,0,2,seco_soleado
2023-03-28,2023,3,La Estanzuela,22.8,56,10.3,0,216.3,FALSE,0,2,seco_soleado
2023-03-29,2023,3,La Estanzuela,21.5,68,6.4,0.2,166.1,FALSE,0.18232155679395465,2,seco_soleado
2023-03-30,2023,3,La Estanzuela,20,71,8.1,1,292.9,FALSE,0.6931471805599453,2,seco_soleado
2023-03-31,2023,3,La Estanzuela,18.8,60,10,0,240.6,FALSE,0,2,seco_soleado
2023-04-01,2023,4,La Estanzuela,15.2,71,9.2,0,135.2,FALSE,0,2,seco_soleado
2023-04-02,2023,4,La Estanzuela,17.7,62,4,25,197.8,FALSE,3.258096538021482,1,humedo_lluvioso_poca_insolacion
2023-04-03,2023,4,La Estanzuela,18,82,2.4,0,109.7,FALSE,0,1,humedo_lluvioso_poca_insolacion
2023-04-04,2023,4,La Estanzuela,18.5,84,5.5,0,171.8,FALSE,0,2,seco_soleado
2023-04-05,2023,4,La Estanzuela,19.5,74,8.2,0,262.7,FALSE,0,2,seco_soleado
2023-04-06,2023,4,La Estanzuela,19.4,68,9.3,0,201.6,FALSE,0,2,seco_soleado
2023-04-07,2023,4,La Estanzuela,18.9,72,6.5,0.3,158.1,FALSE,0.26236426446749106,2,seco_soleado
2023-04-08,2023,4,La Estanzuela,18.9,69,9.6,0,152.4,FALSE,0,2,seco_soleado
2023-04-09,2023,4,La Estanzuela,19.9,64,10,0,135.2,FALSE,0,2,seco_soleado
2023-04-10,2023,4,La Estanzuela,20.1,69,9.5,0,143.8,FALSE,0,2,seco_soleado
2023-04-11,2023,4,La Estanzuela,22.2,65,7.7,0,198,FALSE,0,2,seco_soleado
2023-04-12,2023,4,La Estanzuela,17.8,73,2.9,0,180.1,FALSE,0,2,seco_soleado
2023-04-13,2023,4,La Estanzuela,13.6,57,10.3,0,101.9,FALSE,0,2,seco_soleado
2023-04-14,2023,4,La Estanzuela,13.3,67,8,0,155.5,FALSE,0,2,seco_soleado
2023-04-15,2023,4,La Estanzuela,14.7,63,6.4,0,126.9,FALSE,0,2,seco_soleado
2023-04-16,2023,4,La Estanzuela,13.8,77,3,1.9,84.6,FALSE,1.0647107369924282,1,humedo_lluvioso_poca_insolacion
2023-04-17,2023,4,La Estanzuela,15,70,8,4,138.3,FALSE,1.6094379124341003,2,seco_soleado
2023-04-18,2023,4,La Estanzuela,12.9,71,6.8,0,432.2,FALSE,0,2,seco_soleado
2023-04-19,2023,4,La Estanzuela,13.5,65,4.4,0,211.7,FALSE,0,2,seco_soleado
2023-04-20,2023,4,La Estanzuela,13,68,9.7,0,116.3,FALSE,0,2,seco_soleado
2023-04-21,2023,4,La Estanzuela,14.7,64,8.1,0,144,FALSE,0,2,seco_soleado
2023-04-22,2023,4,La Estanzuela,16.2,69,8.1,0.3,163.6,FALSE,0.26236426446749106,2,seco_soleado
2023-04-23,2023,4,La Estanzuela,16.5,87,3.8,0,117,FALSE,0,1,humedo_lluvioso_poca_insolacion
2023-04-24,2023,4,La Estanzuela,15.6,94,3.9,0,134.4,FALSE,0,1,humedo_lluvioso_poca_insolacion
2023-04-25,2023,4,La Estanzuela,17.5,89,0,4.1,60.8,FALSE,1.62924053973028,1,humedo_lluvioso_poca_insolacion
2023-04-26,2023,4,La Estanzuela,15.8,89,6.4,0,120.9,FALSE,0,2,seco_soleado
2023-04-27,2023,4,La Estanzuela,18.3,76,8.7,0,161.5,FALSE,0,2,seco_soleado
2023-04-28,2023,4,La Estanzuela,19.6,68,9.3,0,280.2,FALSE,0,2,seco_soleado
2023-04-29,2023,4,La Estanzuela,21,59,9.6,0,345.4,FALSE,0,2,seco_soleado
2023-04-30,2023,4,La Estanzuela,20,74,3.7,9.3,315.6,FALSE,2.33214389523559,1,humedo_lluvioso_poca_insolacion
2023-05-01,2023,5,La Estanzuela,13.4,59,9.5,0,86.6,FALSE,0,2,seco_soleado
2023-05-02,2023,5,La Estanzuela,11,57,9.4,0,92.1,FALSE,0,2,seco_soleado
2023-05-03,2023,5,La Estanzuela,12.2,72,9.3,0,118.9,FALSE,0,2,seco_soleado
2023-05-04,2023,5,La Estanzuela,14.6,76,8.8,0,123.1,FALSE,0,2,seco_soleado
2023-05-05,2023,5,La Estanzuela,16.2,92,0.9,23.5,255.6,FALSE,3.1986731175506815,1,humedo_lluvioso_poca_insolacion
2023-05-06,2023,5,La Estanzuela,17.6,92,0.6,0,253.7,FALSE,0,1,humedo_lluvioso_poca_insolacion
2023-05-07,2023,5,La Estanzuela,16.3,77,7.1,0,270.2,FALSE,0,2,seco_soleado
2023-05-08,2023,5,La Estanzuela,14.6,80,8,0,115.6,FALSE,0,2,seco_soleado
2023-05-09,2023,5,La Estanzuela,12.8,80,6.9,0,95.9,FALSE,0,2,seco_soleado
2023-05-10,2023,5,La Estanzuela,13.1,76,8.9,0,95.7,FALSE,0,2,seco_soleado
2023-05-11,2023,5,La Estanzuela,11.4,77,6.7,0,92,FALSE,0,2,seco_soleado
2023-05-12,2023,5,La Estanzuela,13,72,5.9,0,279.4,FALSE,0,2,seco_soleado
2023-05-13,2023,5,La Estanzuela,16.1,66,7.4,0,202,FALSE,0,2,seco_soleado
2023-05-14,2023,5,La Estanzuela,17.8,65,7.9,0,223,FALSE,0,2,seco_soleado
2023-05-15,2023,5,La Estanzuela,18.1,67,8.2,0,105.3,FALSE,0,2,seco_soleado
2023-05-16,2023,5,La Estanzuela,18.5,66,8.5,0,233,FALSE,0,2,seco_soleado
2023-05-17,2023,5,La Estanzuela,18.2,68,8.1,0,247.4,FALSE,0,2,seco_soleado
2023-05-18,2023,5,La Estanzuela,16.1,92,7.7,0,174.8,FALSE,0,2,seco_soleado
2023-05-19,2023,5,La Estanzuela,15,84,3.1,7.8,180.1,FALSE,2.174751721484161,1,humedo_lluvioso_poca_insolacion
2023-05-20,2023,5,La Estanzuela,13.5,84,3.6,0,199.6,FALSE,0,1,humedo_lluvioso_poca_insolacion
2023-05-21,2023,5,La Estanzuela,15,88,0,0.5,147.7,FALSE,0.4054651081081644,1,humedo_lluvioso_poca_insolacion
2023-05-22,2023,5,La Estanzuela,16.7,90,3.5,0,143,FALSE,0,1,humedo_lluvioso_poca_insolacion
2023-05-23,2023,5,La Estanzuela,19.9,97,2.7,8,281.2,FALSE,2.1972245773362196,1,humedo_lluvioso_poca_insolacion
2023-05-24,2023,5,La Estanzuela,20,82,0,5.5,228.8,FALSE,1.8718021769015913,1,humedo_lluvioso_poca_insolacion
2023-05-25,2023,5,La Estanzuela,19.6,85,0,14,279.3,FALSE,2.70805020110221,1,humedo_lluvioso_poca_insolacion
2023-05-26,2023,5,La Estanzuela,17.4,83,2.8,23.6,131.1,FALSE,3.202746442938317,1,humedo_lluvioso_poca_insolacion
2023-05-27,2023,5,La Estanzuela,12.4,53,8.5,0,133.9,FALSE,0,2,seco_soleado
2023-05-28,2023,5,La Estanzuela,8.6,71,6.1,0,75.3,FALSE,0,2,seco_soleado
2023-05-29,2023,5,La Estanzuela,8.7,73,6.3,0,99.5,FALSE,0,2,seco_soleado
2023-05-30,2023,5,La Estanzuela,11.3,77,5.8,0,129.3,FALSE,0,2,seco_soleado
2023-05-31,2023,5,La Estanzuela,14.2,82,3.7,0.5,127.5,FALSE,0.4054651081081644,1,humedo_lluvioso_poca_insolacion
2023-06-01,2023,6,La Estanzuela,16.9,79,7.1,0,170.5,FALSE,0,2,seco_soleado
2023-06-02,2023,6,La Estanzuela,18.8,80,6.4,0,219.5,FALSE,0,2,seco_soleado
2023-06-03,2023,6,La Estanzuela,17.1,89,4,0,133.9,FALSE,0,1,humedo_lluvioso_poca_insolacion
2023-06-04,2023,6,La Estanzuela,14.5,81,4.5,0,86.1,FALSE,0,2,seco_soleado
2023-06-05,2023,6,La Estanzuela,10.6,68,7.5,0,181.4,FALSE,0,2,seco_soleado
2023-06-06,2023,6,La Estanzuela,15.6,83,2.4,4.5,160.9,FALSE,1.7047480922384253,1,humedo_lluvioso_poca_insolacion
2023-06-07,2023,6,La Estanzuela,17,93,1.6,0,166.2,FALSE,0,1,humedo_lluvioso_poca_insolacion
2023-06-08,2023,6,La Estanzuela,20.4,83,4.7,0,365.8,FALSE,0,1,humedo_lluvioso_poca_insolacion
2023-06-09,2023,6,La Estanzuela,16.9,72,0.5,0,127,FALSE,0,1,humedo_lluvioso_poca_insolacion
2023-06-10,2023,6,La Estanzuela,9.1,65,0.2,0,260.8,FALSE,0,1,humedo_lluvioso_poca_insolacion
2023-06-11,2023,6,La Estanzuela,6.3,60,8.4,0,217.7,FALSE,0,2,seco_soleado
2023-06-12,2023,6,La Estanzuela,5.8,66,8.1,0,115.5,FALSE,0,2,seco_soleado
2023-06-13,2023,6,La Estanzuela,6.8,65,8.2,0,127.5,FALSE,0,2,seco_soleado
2023-06-14,2023,6,La Estanzuela,6.8,64,8.4,0,92.9,FALSE,0,2,seco_soleado
2023-06-15,2023,6,La Estanzuela,5.8,72,8.1,0,98.3,FALSE,0,2,seco_soleado
2023-06-16,2023,6,La Estanzuela,9.8,74,5.5,0,92.8,FALSE,0,2,seco_soleado
2023-06-17,2023,6,La Estanzuela,7.8,78,5.8,0,128.3,FALSE,0,2,seco_soleado
2023-06-18,2023,6,La Estanzuela,5.9,66,8.3,0,107.1,FALSE,0,2,seco_soleado
2023-06-19,2023,6,La Estanzuela,7.8,76,4.8,0,99.5,FALSE,0,2,seco_soleado
2023-06-20,2023,6,La Estanzuela,10,89,3.5,0,96.1,FALSE,0,1,humedo_lluvioso_poca_insolacion
2023-06-21,2023,6,La Estanzuela,11.4,94,1.4,0,79.2,FALSE,0,1,humedo_lluvioso_poca_insolacion
2023-06-22,2023,6,La Estanzuela,10.3,93,2.6,0,138.8,FALSE,0,1,humedo_lluvioso_poca_insolacion
2023-06-23,2023,6,La Estanzuela,10.2,89,1.5,0,137.2,FALSE,0,1,humedo_lluvioso_poca_insolacion
2023-06-24,2023,6,La Estanzuela,12.4,94,0.6,0,104.5,FALSE,0,1,humedo_lluvioso_poca_insolacion
2023-06-25,2023,6,La Estanzuela,12.9,90,5.5,0,122.3,FALSE,0,1,humedo_lluvioso_poca_insolacion
2023-06-26,2023,6,La Estanzuela,13.8,91,3.8,0,96.6,FALSE,0,1,humedo_lluvioso_poca_insolacion
2023-06-27,2023,6,La Estanzuela,11.9,85,1.9,0,151.9,FALSE,0,1,humedo_lluvioso_poca_insolacion
2023-06-28,2023,6,La Estanzuela,10.3,70,8.2,0,184.1,FALSE,0,2,seco_soleado
2023-06-29,2023,6,La Estanzuela,9.6,76,7.4,0,104.6,FALSE,0,2,seco_soleado
2023-06-30,2023,6,La Estanzuela,9.3,74,7.6,0,127,FALSE,0,2,seco_soleado
2023-07-01,2023,7,La Estanzuela,11.1,82,7.8,0,145.6,FALSE,0,2,seco_soleado
2023-07-02,2023,7,La Estanzuela,13.9,81,6.2,0,365.3,FALSE,0,2,seco_soleado
2023-07-03,2023,7,La Estanzuela,16.8,81,6.7,0,239.4,FALSE,0,2,seco_soleado
2023-07-04,2023,7,La Estanzuela,19.1,79,3.1,15.6,221.5,FALSE,2.8094026953624973,1,humedo_lluvioso_poca_insolacion
2023-07-05,2023,7,La Estanzuela,15.4,89,6,13.1,200.1,FALSE,2.6461747973841225,1,humedo_lluvioso_poca_insolacion
2023-07-06,2023,7,La Estanzuela,12.7,87,3.8,5.4,146.9,FALSE,1.8562979903656263,1,humedo_lluvioso_poca_insolacion
2023-07-07,2023,7,La Estanzuela,10.9,79,8,0,224.3,FALSE,0,2,seco_soleado
2023-07-08,2023,7,La Estanzuela,10.5,77,3,0,282.7,FALSE,0,1,humedo_lluvioso_poca_insolacion
2023-07-09,2023,7,La Estanzuela,12.7,89,2.5,0,282.7,FALSE,0,1,humedo_lluvioso_poca_insolacion
2023-07-10,2023,7,La Estanzuela,11.6,81,6,0.1,144.6,FALSE,0.09531017980432487,2,seco_soleado
2023-07-11,2023,7,La Estanzuela,9.6,78,2.8,13.8,281.9,FALSE,2.6946271807700692,1,humedo_lluvioso_poca_insolacion
2023-07-12,2023,7,La Estanzuela,9.2,87,0,21,280.8,FALSE,3.091042453358316,1,humedo_lluvioso_poca_insolacion
2023-07-13,2023,7,La Estanzuela,8.3,83,1.9,0,99.8,FALSE,0,1,humedo_lluvioso_poca_insolacion
2023-07-14,2023,7,La Estanzuela,6.2,78,5.9,0,155.7,FALSE,0,2,seco_soleado
2023-07-15,2023,7,La Estanzuela,9.3,80,2.9,0.2,187.5,FALSE,0.18232155679395465,1,humedo_lluvioso_poca_insolacion
2023-07-16,2023,7,La Estanzuela,6.3,74,7.9,0,216.7,FALSE,0,2,seco_soleado
2023-07-17,2023,7,La Estanzuela,5.5,72,8.2,0,114.9,FALSE,0,2,seco_soleado
2023-07-18,2023,7,La Estanzuela,4.2,71,8.2,0,136.6,FALSE,0,2,seco_soleado
2023-07-19,2023,7,La Estanzuela,6.3,73,6.2,0,212,FALSE,0,2,seco_soleado
2023-07-20,2023,7,La Estanzuela,11.2,83,4.2,0,272.2,FALSE,0,1,humedo_lluvioso_poca_insolacion
2023-07-21,2023,7,La Estanzuela,19.8,77,5,0,487.8,FALSE,0,1,humedo_lluvioso_poca_insolacion
2023-07-22,2023,7,La Estanzuela,22.4,69,4.1,0,384.7,FALSE,0,2,seco_soleado
2023-07-23,2023,7,La Estanzuela,11.5,70,6.2,0,223.2,FALSE,0,2,seco_soleado
2023-07-24,2023,7,La Estanzuela,9.6,78,0.5,0,166.8,FALSE,0,1,humedo_lluvioso_poca_insolacion
2023-07-25,2023,7,La Estanzuela,11.3,84,4.3,2.6,204.6,FALSE,1.2809338454620642,1,humedo_lluvioso_poca_insolacion
2023-07-26,2023,7,La Estanzuela,11.3,85,4.6,0,263.1,FALSE,0,1,humedo_lluvioso_poca_insolacion
2023-07-27,2023,7,La Estanzuela,8.2,83,7,0,84.8,FALSE,0,2,seco_soleado
2023-07-28,2023,7,La Estanzuela,8.5,82,7.9,0,152.5,FALSE,0,2,seco_soleado
2023-07-29,2023,7,La Estanzuela,10.2,77,5.3,0,280.4,FALSE,0,2,seco_soleado
2023-07-30,2023,7,La Estanzuela,13.2,75,6.4,0,153.1,FALSE,0,2,seco_soleado
2023-07-31,2023,7,La Estanzuela,15.4,73,7.2,0,194.9,FALSE,0,2,seco_soleado
2023-08-01,2023,8,La Estanzuela,20.1,78,8.2,0,245.8,FALSE,0,2,seco_soleado
2023-08-02,2023,8,La Estanzuela,20,71,7.8,0,336.2,FALSE,0,2,seco_soleado
2023-08-03,2023,8,La Estanzuela,10.5,67,2.3,0,138.4,FALSE,0,2,seco_soleado
2023-08-04,2023,8,La Estanzuela,9.4,71,9,0,110.7,FALSE,0,2,seco_soleado
2023-08-05,2023,8,La Estanzuela,11.6,64,8.3,0,178.9,FALSE,0,2,seco_soleado
2023-08-06,2023,8,La Estanzuela,15.2,83,4.7,0,238.3,FALSE,0,1,humedo_lluvioso_poca_insolacion
2023-08-07,2023,8,La Estanzuela,8.5,68,7.6,0,196.5,FALSE,0,2,seco_soleado
2023-08-08,2023,8,La Estanzuela,8.1,72,9.2,0,204,FALSE,0,2,seco_soleado
2023-08-09,2023,8,La Estanzuela,12.2,80,8.8,0,210.3,FALSE,0,2,seco_soleado
2023-08-10,2023,8,La Estanzuela,14.5,85,3.8,0,212,FALSE,0,1,humedo_lluvioso_poca_insolacion
2023-08-11,2023,8,La Estanzuela,12.1,60,9.3,0,380.7,FALSE,0,2,seco_soleado
2023-08-12,2023,8,La Estanzuela,6.8,50,9.8,0,272.6,FALSE,0,2,seco_soleado
2023-08-13,2023,8,La Estanzuela,5.3,52,8.9,0,344.9,FALSE,0,2,seco_soleado
2023-08-14,2023,8,La Estanzuela,14.6,45,8.9,0,320.5,FALSE,0,2,seco_soleado
2023-08-15,2023,8,La Estanzuela,17.8,53,7.5,0,313.3,FALSE,0,2,seco_soleado
2023-08-16,2023,8,La Estanzuela,19.7,74,4.1,43,282,FALSE,3.784189633918261,1,humedo_lluvioso_poca_insolacion
2023-08-17,2023,8,La Estanzuela,15.2,93,0,57.7,317.7,FALSE,4.072439726834051,1,humedo_lluvioso_poca_insolacion
2023-08-18,2023,8,La Estanzuela,12.1,80,4,1.7,330.9,FALSE,0.9932517730102833,1,humedo_lluvioso_poca_insolacion
2023-08-19,2023,8,La Estanzuela,9.2,59,6.4,0,304.4,FALSE,0,2,seco_soleado
2023-08-20,2023,8,La Estanzuela,8.7,77,4.2,0,174.3,FALSE,0,1,humedo_lluvioso_poca_insolacion
2023-08-21,2023,8,La Estanzuela,11.7,81,4.3,17,291.4,FALSE,2.8903717578961645,1,humedo_lluvioso_poca_insolacion
2023-08-22,2023,8,La Estanzuela,13,78,6.9,0,127.2,FALSE,0,2,seco_soleado
2023-08-23,2023,8,La Estanzuela,10.6,78,3.1,0,102.2,FALSE,0,1,humedo_lluvioso_poca_insolacion
2023-08-24,2023,8,La Estanzuela,11,59,4,0,90.9,FALSE,0,2,seco_soleado
2023-08-25,2023,8,La Estanzuela,9.8,58,7.9,0,108.3,FALSE,0,2,seco_soleado
2023-08-26,2023,8,La Estanzuela,8.4,57,9.9,0.2,104.2,FALSE,0.18232155679395465,2,seco_soleado
2023-08-27,2023,8,La Estanzuela,7.4,64,10,0,177.5,FALSE,0,2,seco_soleado
2023-08-28,2023,8,La Estanzuela,8,58,9.5,0,203.9,FALSE,0,2,seco_soleado
2023-08-29,2023,8,La Estanzuela,9.8,65,8.9,0,148.4,FALSE,0,2,seco_soleado
2023-08-30,2023,8,La Estanzuela,12.9,66,9.1,0,150.2,FALSE,0,2,seco_soleado
2023-08-31,2023,8,La Estanzuela,11,64,9.1,0,174.3,FALSE,0,2,seco_soleado
2023-09-01,2023,9,La Estanzuela,15.6,63,7.4,0,161.2,FALSE,0,2,seco_soleado
2023-09-02,2023,9,La Estanzuela,13.3,78,3.8,0.7,313,FALSE,0.5306282510621704,1,humedo_lluvioso_poca_insolacion
2023-09-03,2023,9,La Estanzuela,11.3,88,0,7.9,245.8,FALSE,2.186051276738094,1,humedo_lluvioso_poca_insolacion
2023-09-04,2023,9,La Estanzuela,10.3,78,3.9,0,190.7,FALSE,0,1,humedo_lluvioso_poca_insolacion
2023-09-05,2023,9,La Estanzuela,8,72,7.4,0,194.5,FALSE,0,2,seco_soleado
2023-09-06,2023,9,La Estanzuela,9.4,69,4.6,0.5,365.4,FALSE,0.4054651081081644,1,humedo_lluvioso_poca_insolacion
2023-09-07,2023,9,La Estanzuela,13.9,90,0,4.2,239.5,FALSE,1.6486586255873816,1,humedo_lluvioso_poca_insolacion
2023-09-08,2023,9,La Estanzuela,11.7,77,9.1,0,142.4,FALSE,0,2,seco_soleado
2023-09-09,2023,9,La Estanzuela,13.8,68,8,0,126,FALSE,0,2,seco_soleado
2023-09-10,2023,9,La Estanzuela,14.1,80,7.8,0,195.2,FALSE,0,2,seco_soleado
2023-09-11,2023,9,La Estanzuela,15.5,89,2.7,29.9,316.1,FALSE,3.4307561839036995,1,humedo_lluvioso_poca_insolacion
2023-09-12,2023,9,La Estanzuela,11.9,60,6.7,0,93.6,FALSE,0,2,seco_soleado
2023-09-13,2023,9,La Estanzuela,11.8,92,3.9,0,115.9,FALSE,0,1,humedo_lluvioso_poca_insolacion
2023-09-14,2023,9,La Estanzuela,10.5,67,9,0,278.9,FALSE,0,2,seco_soleado
2023-09-15,2023,9,La Estanzuela,16.4,57,9.4,0,497.3,FALSE,0,2,seco_soleado
2023-09-16,2023,9,La Estanzuela,18.2,60,9.5,0,259,FALSE,0,2,seco_soleado
2023-09-17,2023,9,La Estanzuela,15,70,1.2,0,334.4,FALSE,0,1,humedo_lluvioso_poca_insolacion
2023-09-18,2023,9,La Estanzuela,12.4,73,7.9,0,233.6,FALSE,0,2,seco_soleado
2023-09-19,2023,9,La Estanzuela,12.9,80,5,0,247.7,FALSE,0,2,seco_soleado
2023-09-20,2023,9,La Estanzuela,15.1,90,0.3,0,192.5,FALSE,0,1,humedo_lluvioso_poca_insolacion
2023-09-21,2023,9,La Estanzuela,17,93,0.9,0.1,134.9,FALSE,0.09531017980432487,1,humedo_lluvioso_poca_insolacion
2023-09-22,2023,9,La Estanzuela,12.8,90,2.3,0,259.1,FALSE,0,1,humedo_lluvioso_poca_insolacion
2023-09-23,2023,9,La Estanzuela,12.8,88,2.1,0,155.3,FALSE,0,1,humedo_lluvioso_poca_insolacion
2023-09-24,2023,9,La Estanzuela,13.2,81,4,0,227.9,FALSE,0,1,humedo_lluvioso_poca_insolacion
2023-09-25,2023,9,La Estanzuela,11.5,69,10.1,0,290.3,FALSE,0,2,seco_soleado
2023-09-26,2023,9,La Estanzuela,12.2,74,3.7,0,129.5,FALSE,0,2,seco_soleado
2023-09-27,2023,9,La Estanzuela,11.8,72,9.6,0,177.9,FALSE,0,2,seco_soleado
2023-09-28,2023,9,La Estanzuela,13.1,65,10.7,0,167.9,FALSE,0,2,seco_soleado
2023-09-29,2023,9,La Estanzuela,13.5,78,8.6,0,140,FALSE,0,2,seco_soleado
2023-09-30,2023,9,La Estanzuela,10.9,70,9.9,0,126.8,FALSE,0,2,seco_soleado
2023-10-01,2023,10,La Estanzuela,10.5,65,11.2,0,138,FALSE,0,2,seco_soleado
2023-10-02,2023,10,La Estanzuela,11.8,73,10.6,0,202.9,FALSE,0,2,seco_soleado
2023-10-03,2023,10,La Estanzuela,13.6,80,8.1,4.5,230.1,FALSE,1.7047480922384253,1,humedo_lluvioso_poca_insolacion
2023-10-04,2023,10,La Estanzuela,13.3,76,6.1,0,260.9,FALSE,0,2,seco_soleado
2023-10-05,2023,10,La Estanzuela,15.2,50,10.9,0,325.2,FALSE,0,2,seco_soleado
2023-10-06,2023,10,La Estanzuela,17.6,47,10.9,0,191.9,FALSE,0,2,seco_soleado
2023-10-07,2023,10,La Estanzuela,16,45,10.9,0,179.9,FALSE,0,2,seco_soleado
2023-10-08,2023,10,La Estanzuela,17.6,48,11,0,204.2,FALSE,0,2,seco_soleado
2023-10-09,2023,10,La Estanzuela,19.8,45,10.7,0,291.6,FALSE,0,2,seco_soleado
2023-10-10,2023,10,La Estanzuela,20.4,59,10.4,20,277.4,FALSE,3.044522437723423,2,seco_soleado
2023-10-11,2023,10,La Estanzuela,12.3,69,2.8,0,228.5,FALSE,0,2,seco_soleado
2023-10-12,2023,10,La Estanzuela,8.8,62,11.2,0,144.9,FALSE,0,2,seco_soleado
2023-10-13,2023,10,La Estanzuela,11.4,63,11.2,0,143.8,FALSE,0,2,seco_soleado
2023-10-14,2023,10,La Estanzuela,14.5,53,11.2,0,263.1,FALSE,0,2,seco_soleado
2023-10-15,2023,10,La Estanzuela,16.6,66,11,0,231.2,FALSE,0,2,seco_soleado
2023-10-16,2023,10,La Estanzuela,18.3,81,10.1,0,212.6,FALSE,0,2,seco_soleado
2023-10-17,2023,10,La Estanzuela,12.9,67,10.4,0,202.2,FALSE,0,2,seco_soleado
2023-10-18,2023,10,La Estanzuela,12.6,66,10.9,0,252,FALSE,0,2,seco_soleado
2023-10-19,2023,10,La Estanzuela,15.4,70,6.3,0,243.3,FALSE,0,2,seco_soleado
2023-10-20,2023,10,La Estanzuela,18.3,66,10.3,0,269.5,FALSE,0,2,seco_soleado
2023-10-21,2023,10,La Estanzuela,20.7,69,6.5,0.4,235.3,FALSE,0.33647223662121295,2,seco_soleado
2023-10-22,2023,10,La Estanzuela,19.5,86,1.8,1,195.6,FALSE,0.6931471805599453,1,humedo_lluvioso_poca_insolacion
2023-10-23,2023,10,La Estanzuela,17.1,95,0,15.8,232.6,FALSE,2.8213788864092133,1,humedo_lluvioso_poca_insolacion
2023-10-24,2023,10,La Estanzuela,14.9,85,1.8,0,133.9,FALSE,0,1,humedo_lluvioso_poca_insolacion
2023-10-25,2023,10,La Estanzuela,13.3,68,11.3,0,148.6,FALSE,0,2,seco_soleado
2023-10-26,2023,10,La Estanzuela,15.2,63,10.4,0,153.5,FALSE,0,2,seco_soleado
2023-10-27,2023,10,La Estanzuela,19,57,10.3,0.8,152.5,FALSE,0.5877866649021191,2,seco_soleado
2023-10-28,2023,10,La Estanzuela,21,66,10.3,3.4,144.9,FALSE,1.4816045409242156,2,seco_soleado
2023-10-29,2023,10,La Estanzuela,19.7,82,5.1,14.3,257.2,FALSE,2.72785282839839,1,humedo_lluvioso_poca_insolacion
2023-10-30,2023,10,La Estanzuela,14.5,77,3.4,0,266.8,FALSE,0,1,humedo_lluvioso_poca_insolacion
2023-10-31,2023,10,La Estanzuela,10.4,79,0,22,306.2,FALSE,3.1354942159291497,1,humedo_lluvioso_poca_insolacion
2023-11-01,2023,11,La Estanzuela,12.1,72,4.5,0,376.8,FALSE,0,2,seco_soleado
2023-11-02,2023,11,La Estanzuela,13.3,85,0,28,248.8,FALSE,3.367295829986474,1,humedo_lluvioso_poca_insolacion
2023-11-03,2023,11,La Estanzuela,13.2,89,1.5,13.1,226.7,FALSE,2.6461747973841225,1,humedo_lluvioso_poca_insolacion
2023-11-04,2023,11,La Estanzuela,15,68,11.9,0,179,FALSE,0,2,seco_soleado
2023-11-05,2023,11,La Estanzuela,17,62,11.6,0,162.8,FALSE,0,2,seco_soleado
2023-11-06,2023,11,La Estanzuela,19.4,60,12.1,0,244.1,FALSE,0,2,seco_soleado
2023-11-07,2023,11,La Estanzuela,23.2,70,10.5,2.6,233.8,FALSE,1.2809338454620642,2,seco_soleado
2023-11-08,2023,11,La Estanzuela,19.8,60,9.4,0,151,FALSE,0,2,seco_soleado
2023-11-09,2023,11,La Estanzuela,17.9,53,12,0,249.6,FALSE,0,2,seco_soleado
2023-11-10,2023,11,La Estanzuela,15.3,77,0.1,31,350.2,FALSE,3.4657359027997265,1,humedo_lluvioso_poca_insolacion
2023-11-11,2023,11,La Estanzuela,20.6,76,11.4,0,173.5,FALSE,0,2,seco_soleado
2023-11-12,2023,11,La Estanzuela,18.3,75,8.1,0,294.3,FALSE,0,2,seco_soleado
2023-11-13,2023,11,La Estanzuela,16.2,53,5.7,0,190.6,FALSE,0,2,seco_soleado
2023-11-14,2023,11,La Estanzuela,17.3,67,11.9,0,194.7,FALSE,0,2,seco_soleado
2023-11-15,2023,11,La Estanzuela,20.4,75,7.9,0,138.6,FALSE,0,2,seco_soleado
2023-11-16,2023,11,La Estanzuela,19.2,54,11.2,0,222.5,FALSE,0,2,seco_soleado
2023-11-17,2023,11,La Estanzuela,20.7,57,7.5,3.1,295.5,FALSE,1.410986973710262,2,seco_soleado
2023-11-18,2023,11,La Estanzuela,17.3,53,11.6,0,293.2,FALSE,0,2,seco_soleado
2023-11-19,2023,11,La Estanzuela,19.3,44,11.7,0,241.7,FALSE,0,2,seco_soleado
2023-11-20,2023,11,La Estanzuela,23.5,43,11,0,278,FALSE,0,2,seco_soleado
2023-11-21,2023,11,La Estanzuela,21.8,61,5.9,1.7,210.2,FALSE,0.9932517730102833,2,seco_soleado
2023-11-22,2023,11,La Estanzuela,19.1,60,11.8,0,212.5,FALSE,0,2,seco_soleado
2023-11-23,2023,11,La Estanzuela,20.7,56,10.3,0,195.6,FALSE,0,2,seco_soleado
2023-11-24,2023,11,La Estanzuela,17.8,55,12.4,0,207.4,FALSE,0,2,seco_soleado
2023-11-25,2023,11,La Estanzuela,18.6,58,10.7,0,173.2,FALSE,0,2,seco_soleado
2023-11-26,2023,11,La Estanzuela,21.7,64,12,0,162.3,FALSE,0,2,seco_soleado
2023-11-27,2023,11,La Estanzuela,23,68,12,0,240.6,FALSE,0,2,seco_soleado
2023-11-28,2023,11,La Estanzuela,24.3,72,9.8,0,238.8,FALSE,0,2,seco_soleado
2023-11-29,2023,11,La Estanzuela,22.3,75,5.2,0,147.3,FALSE,0,2,seco_soleado
2023-11-30,2023,11,La Estanzuela,22.9,64,10.8,0,256.5,FALSE,0,2,seco_soleado
2023-12-01,2023,12,La Estanzuela,22.9,83,1,49.8,161.8,FALSE,3.927896354584436,1,humedo_lluvioso_poca_insolacion
2023-12-02,2023,12,La Estanzuela,22.3,77,9.3,0,200.4,FALSE,0,2,seco_soleado
2023-12-03,2023,12,La Estanzuela,16.6,61,0,0,177,FALSE,0,1,humedo_lluvioso_poca_insolacion
2023-12-04,2023,12,La Estanzuela,15,55,3.8,0,243,FALSE,0,2,seco_soleado
2023-12-05,2023,12,La Estanzuela,18.2,71,5.7,38.9,202.5,FALSE,3.686376323895818,1,humedo_lluvioso_poca_insolacion
2023-12-06,2023,12,La Estanzuela,20.1,92,0.9,11.4,180.1,FALSE,2.517696472610991,1,humedo_lluvioso_poca_insolacion
2023-12-07,2023,12,La Estanzuela,18.6,83,6.5,0,146.7,FALSE,0,2,seco_soleado
2023-12-08,2023,12,La Estanzuela,18.4,72,11.9,0.5,192.6,FALSE,0.4054651081081644,2,seco_soleado
2023-12-09,2023,12,La Estanzuela,20.9,70,10.6,0,171.6,FALSE,0,2,seco_soleado
2023-12-10,2023,12,La Estanzuela,21,64,12.6,0,177.7,FALSE,0,2,seco_soleado
2023-12-11,2023,12,La Estanzuela,22.8,62,12.1,0,296.9,FALSE,0,2,seco_soleado
2023-12-12,2023,12,La Estanzuela,25.8,63,11.2,2.2,218.5,FALSE,1.1631508098056809,2,seco_soleado
2023-12-13,2023,12,La Estanzuela,24.1,77,4.7,0,165.2,FALSE,0,2,seco_soleado
2023-12-14,2023,12,La Estanzuela,24.9,76,7.8,0,140.1,FALSE,0,2,seco_soleado
2023-12-15,2023,12,La Estanzuela,25.2,78,5.5,0,183.7,FALSE,0,2,seco_soleado
2023-12-16,2023,12,La Estanzuela,27,70,6.4,41,326.8,FALSE,3.7376696182833684,1,humedo_lluvioso_poca_insolacion
2023-12-17,2023,12,La Estanzuela,21.3,90,0,25,163.9,FALSE,3.258096538021482,1,humedo_lluvioso_poca_insolacion
2023-12-18,2023,12,La Estanzuela,19.1,85,0,11.3,293.1,FALSE,2.509599262378372,1,humedo_lluvioso_poca_insolacion
2023-12-19,2023,12,La Estanzuela,17.2,68,6.6,0,241.5,FALSE,0,2,seco_soleado
2023-12-20,2023,12,La Estanzuela,19.2,75,9.9,2.4,164,FALSE,1.2237754316221157,2,seco_soleado
2023-12-21,2023,12,La Estanzuela,21.4,78,11.2,0,142.4,FALSE,0,2,seco_soleado
2023-12-22,2023,12,La Estanzuela,20.5,75,11.8,0,125,FALSE,0,2,seco_soleado
2023-12-23,2023,12,La Estanzuela,24.1,64,11.3,0,173.6,FALSE,0,2,seco_soleado
2023-12-24,2023,12,La Estanzuela,22.6,65,5.8,2.3,215.4,FALSE,1.1939224684724346,2,seco_soleado
2023-12-25,2023,12,La Estanzuela,20.6,71,8.6,0,151.3,FALSE,0,2,seco_soleado
2023-12-26,2023,12,La Estanzuela,18.6,51,12.8,0,144.3,FALSE,0,2,seco_soleado
2023-12-27,2023,12,La Estanzuela,22.9,50,12.4,1.2,210,FALSE,0.7884573603642702,2,seco_soleado
2023-12-28,2023,12,La Estanzuela,23.5,66,5.1,0.5,175.2,FALSE,0.4054651081081644,2,seco_soleado
2023-12-29,2023,12,La Estanzuela,21.3,63,11.2,0,205.4,FALSE,0,2,seco_soleado
2023-12-30,2023,12,La Estanzuela,18.4,49,12.6,0,160,FALSE,0,2,seco_soleado
2023-12-31,2023,12,La Estanzuela,21.1,48,11.5,0,190.1,FALSE,0,2,seco_soleado
2024-01-01,2024,1,La Estanzuela,22.8,60,11.3,0.5,175.2,FALSE,0.4054651081081644,2,seco_soleado
2024-01-02,2024,1,La Estanzuela,22.1,73,12,0,223.6,FALSE,0,2,seco_soleado
2024-01-03,2024,1,La Estanzuela,22.5,72,10,0,228.6,FALSE,0,2,seco_soleado
2024-01-04,2024,1,La Estanzuela,23.8,63,10.1,0,237.8,FALSE,0,2,seco_soleado
2024-01-05,2024,1,La Estanzuela,24.3,66,9.4,0,193.8,FALSE,0,2,seco_soleado
2024-01-06,2024,1,La Estanzuela,25.2,73,3.8,0,146,FALSE,0,2,seco_soleado
2024-01-07,2024,1,La Estanzuela,23.8,76,6,26.6,129.1,FALSE,3.3178157727231046,1,humedo_lluvioso_poca_insolacion
2024-01-08,2024,1,La Estanzuela,23.7,65,12.4,0,124.2,FALSE,0,2,seco_soleado
2024-01-09,2024,1,La Estanzuela,25.3,68,8.9,0,95.6,FALSE,0,2,seco_soleado
2024-01-10,2024,1,La Estanzuela,25.1,78,10.3,0,158.9,FALSE,0,2,seco_soleado
2024-01-11,2024,1,La Estanzuela,21.5,72,9.4,0,208.7,FALSE,0,2,seco_soleado
2024-01-12,2024,1,La Estanzuela,18.9,60,12.5,0,232.9,FALSE,0,2,seco_soleado
2024-01-13,2024,1,La Estanzuela,23.3,61,11.2,6.5,178.3,FALSE,2.0149030205422647,2,seco_soleado
2024-01-14,2024,1,La Estanzuela,23.5,66,8.3,0,241.7,FALSE,0,2,seco_soleado
2024-01-15,2024,1,La Estanzuela,23.2,59,12.5,11.9,147.6,FALSE,2.5572273113676265,2,seco_soleado
2024-01-16,2024,1,La Estanzuela,20.4,80,0.7,4.9,151,FALSE,1.7749523509116738,1,humedo_lluvioso_poca_insolacion
2024-01-17,2024,1,La Estanzuela,22.7,77,12.1,0,209.7,FALSE,0,2,seco_soleado
2024-01-18,2024,1,La Estanzuela,23.5,79,4.5,0.6,128.1,FALSE,0.4700036292457355,2,seco_soleado
2024-01-19,2024,1,La Estanzuela,22.3,74,11.8,0,184.2,FALSE,0,2,seco_soleado
2024-01-20,2024,1,La Estanzuela,20.5,68,13,0,194.5,FALSE,0,2,seco_soleado
2024-01-21,2024,1,La Estanzuela,20.5,68,12.1,0,207.4,FALSE,0,2,seco_soleado
2024-01-22,2024,1,La Estanzuela,21.2,66,12.3,0,173.8,FALSE,0,2,seco_soleado
2024-01-23,2024,1,La Estanzuela,22.5,62,12.6,0,224.9,FALSE,0,2,seco_soleado
2024-01-24,2024,1,La Estanzuela,22.8,58,12.7,0,216.6,FALSE,0,2,seco_soleado
2024-01-25,2024,1,La Estanzuela,23.8,55,12.2,0,206.5,FALSE,0,2,seco_soleado
2024-01-26,2024,1,La Estanzuela,23.6,58,12.6,0,233.5,FALSE,0,2,seco_soleado
2024-01-27,2024,1,La Estanzuela,23,65,12.6,0,199.3,FALSE,0,2,seco_soleado
2024-01-28,2024,1,La Estanzuela,23.1,68,11.3,0,187.3,FALSE,0,2,seco_soleado
2024-01-29,2024,1,La Estanzuela,23.2,68,13,0,150.1,FALSE,0,2,seco_soleado
2024-01-30,2024,1,La Estanzuela,26.4,58,11.7,0,116.9,FALSE,0,2,seco_soleado
2024-01-31,2024,1,La Estanzuela,28.1,50,10,0,121.7,FALSE,0,2,seco_soleado
2024-02-01,2024,2,La Estanzuela,29.7,46,11.7,0,208.2,FALSE,0,2,seco_soleado
2024-02-02,2024,2,La Estanzuela,29.2,41,12.3,0,269.9,FALSE,0,2,seco_soleado
2024-02-03,2024,2,La Estanzuela,28.3,56,9.4,0,295.3,FALSE,0,2,seco_soleado
2024-02-04,2024,2,La Estanzuela,22.1,64,9.8,0,293.7,FALSE,0,2,seco_soleado
2024-02-05,2024,2,La Estanzuela,24.8,64,10.1,0,235.5,FALSE,0,2,seco_soleado
2024-02-06,2024,2,La Estanzuela,27.4,67,7.2,0,301.2,FALSE,0,2,seco_soleado
2024-02-07,2024,2,La Estanzuela,28.9,62,7.9,0,212.5,FALSE,0,2,seco_soleado
2024-02-08,2024,2,La Estanzuela,26.9,70,4.5,0,233.2,FALSE,0,2,seco_soleado
2024-02-09,2024,2,La Estanzuela,26.4,76,2.5,14.5,233,FALSE,2.740840023925201,1,humedo_lluvioso_poca_insolacion
2024-02-10,2024,2,La Estanzuela,25.5,85,3.4,6.7,185.5,FALSE,2.0412203288596382,1,humedo_lluvioso_poca_insolacion
2024-02-11,2024,2,La Estanzuela,27.1,74,8.6,0,140.1,FALSE,0,2,seco_soleado
2024-02-12,2024,2,La Estanzuela,22.8,81,0,28,276.5,FALSE,3.367295829986474,1,humedo_lluvioso_poca_insolacion
2024-02-13,2024,2,La Estanzuela,18,60,10.5,0,172.6,FALSE,0,2,seco_soleado
2024-02-14,2024,2,La Estanzuela,18.6,67,11.8,0,208,FALSE,0,2,seco_soleado
2024-02-15,2024,2,La Estanzuela,21.9,66,9.2,0,186.9,FALSE,0,2,seco_soleado
2024-02-16,2024,2,La Estanzuela,22.9,68,7.3,0,226.8,FALSE,0,2,seco_soleado
2024-02-17,2024,2,La Estanzuela,23.5,73,9,0,164.8,FALSE,0,2,seco_soleado
2024-02-18,2024,2,La Estanzuela,23.5,80,7.2,0,147.3,FALSE,0,2,seco_soleado
2024-02-19,2024,2,La Estanzuela,23,80,10.2,0,169.1,FALSE,0,2,seco_soleado
2024-02-20,2024,2,La Estanzuela,23.4,82,9.6,0,183.5,FALSE,0,2,seco_soleado
2024-02-21,2024,2,La Estanzuela,24.1,71,10.1,0,199.3,FALSE,0,2,seco_soleado
2024-02-22,2024,2,La Estanzuela,25.1,69,9.9,0,146.9,FALSE,0,2,seco_soleado
2024-02-23,2024,2,La Estanzuela,23.5,79,5.3,0,140.1,FALSE,0,2,seco_soleado
2024-02-24,2024,2,La Estanzuela,22.2,71,10.6,0,277,FALSE,0,2,seco_soleado
2024-02-25,2024,2,La Estanzuela,22,68,5.2,12.4,232.9,FALSE,2.5952547069568657,1,humedo_lluvioso_poca_insolacion
2024-02-26,2024,2,La Estanzuela,20.8,88,0.6,12.4,159.2,FALSE,2.5952547069568657,1,humedo_lluvioso_poca_insolacion
2024-02-27,2024,2,La Estanzuela,22.6,82,9.1,0,115.4,FALSE,0,2,seco_soleado
2024-02-28,2024,2,La Estanzuela,23.7,79,11.1,0,104.2,FALSE,0,2,seco_soleado
2024-02-29,2024,2,La Estanzuela,22.8,81,7.6,0,233.4,FALSE,0,2,seco_soleado
2024-03-01,2024,3,La Estanzuela,22.9,83,3.4,7.1,213.4,FALSE,2.0918640616783932,1,humedo_lluvioso_poca_insolacion
2024-03-02,2024,3,La Estanzuela,24,83,2.5,3.4,226.7,FALSE,1.4816045409242156,1,humedo_lluvioso_poca_insolacion
2024-03-03,2024,3,La Estanzuela,19.8,56,11.4,0,163.4,FALSE,0,2,seco_soleado
2024-03-04,2024,3,La Estanzuela,18.4,54,11.3,0,112.9,FALSE,0,2,seco_soleado
2024-03-05,2024,3,La Estanzuela,17.8,61,11.3,0,128.2,FALSE,0,2,seco_soleado
2024-03-06,2024,3,La Estanzuela,18.3,55,11.5,0,164.7,FALSE,0,2,seco_soleado
2024-03-07,2024,3,La Estanzuela,22,55,11.2,0,213.9,FALSE,0,2,seco_soleado
2024-03-08,2024,3,La Estanzuela,24.2,70,9.6,7.5,199.7,FALSE,2.1400661634962708,2,seco_soleado
2024-03-09,2024,3,La Estanzuela,24.3,73,10.9,0,173.3,FALSE,0,2,seco_soleado
2024-03-10,2024,3,La Estanzuela,22.8,62,7.3,0,215.7,FALSE,0,2,seco_soleado
2024-03-11,2024,3,La Estanzuela,20.7,80,0,47.5,393.9,FALSE,3.8815637979434374,1,humedo_lluvioso_poca_insolacion
2024-03-12,2024,3,La Estanzuela,19.9,78,0,82.6,308.2,FALSE,4.426043520090656,1,humedo_lluvioso_poca_insolacion
2024-03-13,2024,3,La Estanzuela,21.6,91,0,94.4,210.1,FALSE,4.558078578454241,1,humedo_lluvioso_poca_insolacion
2024-03-14,2024,3,La Estanzuela,20.7,93,0,8.1,117.6,FALSE,2.2082744135228043,1,humedo_lluvioso_poca_insolacion
2024-03-15,2024,3,La Estanzuela,22.2,87,4.8,2.5,118.4,FALSE,1.252762968495368,1,humedo_lluvioso_poca_insolacion
2024-03-16,2024,3,La Estanzuela,22.2,94,1.3,1.5,156.9,FALSE,0.9162907318741551,1,humedo_lluvioso_poca_insolacion
2024-03-17,2024,3,La Estanzuela,21.9,73,9.9,0,199.8,FALSE,0,2,seco_soleado
2024-03-18,2024,3,La Estanzuela,22,84,6.3,15.5,155.1,FALSE,2.803360380906535,1,humedo_lluvioso_poca_insolacion
2024-03-19,2024,3,La Estanzuela,23.9,83,9,81.9,307.1,FALSE,4.417635062141249,1,humedo_lluvioso_poca_insolacion
2024-03-20,2024,3,La Estanzuela,21.6,91,0.4,87.2,300.1,FALSE,4.4796069630127455,1,humedo_lluvioso_poca_insolacion
2024-03-21,2024,3,La Estanzuela,16.7,62,9.9,0,111.2,FALSE,0,2,seco_soleado
2024-03-22,2024,3,La Estanzuela,15.7,66,9.2,0,116.1,FALSE,0,2,seco_soleado
2024-03-23,2024,3,La Estanzuela,18.1,72,10.7,0,232.9,FALSE,0,2,seco_soleado
2024-03-24,2024,3,La Estanzuela,21.4,73,9.3,0,95.5,FALSE,0,2,seco_soleado
2024-03-25,2024,3,La Estanzuela,19.8,91,10.6,0,160,FALSE,0,2,seco_soleado
2024-03-26,2024,3,La Estanzuela,18.8,78,10.9,0,135.4,FALSE,0,2,seco_soleado
2024-03-27,2024,3,La Estanzuela,20,73,10.6,0,111.1,FALSE,0,2,seco_soleado
2024-03-28,2024,3,La Estanzuela,20.6,76,9.8,0,121.1,FALSE,0,2,seco_soleado
2024-03-29,2024,3,La Estanzuela,21.1,79,10.7,0,136,FALSE,0,2,seco_soleado
2024-03-30,2024,3,La Estanzuela,23.5,72,10.4,0.6,211.2,FALSE,0.4700036292457355,2,seco_soleado
2024-03-31,2024,3,La Estanzuela,19,68,2.4,4.2,196.8,FALSE,1.6486586255873816,1,humedo_lluvioso_poca_insolacion
2024-04-01,2024,4,La Estanzuela,15.1,80,2.7,0.5,100.6,FALSE,0.4054651081081644,1,humedo_lluvioso_poca_insolacion
2024-04-02,2024,4,La Estanzuela,16.6,68,9.6,37,203.7,FALSE,3.6375861597263857,1,humedo_lluvioso_poca_insolacion
2024-04-03,2024,4,La Estanzuela,15.3,93,0,22.5,119,FALSE,3.1570004211501135,1,humedo_lluvioso_poca_insolacion
2024-04-04,2024,4,La Estanzuela,17.5,80,10.4,0,90.4,FALSE,0,2,seco_soleado
2024-04-05,2024,4,La Estanzuela,19.1,67,10.2,0,230,FALSE,0,2,seco_soleado
2024-04-06,2024,4,La Estanzuela,18.9,67,6.4,0,17.8,FALSE,0,2,seco_soleado
2024-04-07,2024,4,La Estanzuela,19.6,77,10.1,0,140.2,FALSE,0,2,seco_soleado
2024-04-08,2024,4,La Estanzuela,20.4,80,7.8,0,103.6,FALSE,0,2,seco_soleado
2024-04-09,2024,4,La Estanzuela,21.2,78,7.6,0,182.6,FALSE,0,2,seco_soleado
2024-04-10,2024,4,La Estanzuela,16.1,71,4.7,0,201.9,FALSE,0,2,seco_soleado
2024-04-11,2024,4,La Estanzuela,14.6,67,8.3,0,186.7,FALSE,0,2,seco_soleado
2024-04-12,2024,4,La Estanzuela,15.8,76,4.7,4.4,257,FALSE,1.6863989535702288,1,humedo_lluvioso_poca_insolacion
2024-04-13,2024,4,La Estanzuela,17.6,89,0,3.5,331.8,FALSE,1.5040773967762742,1,humedo_lluvioso_poca_insolacion
2024-04-14,2024,4,La Estanzuela,20.7,90,0.2,11.2,198.4,FALSE,2.501435951739211,1,humedo_lluvioso_poca_insolacion
2024-04-15,2024,4,La Estanzuela,21.6,93,0,43.1,354.6,FALSE,3.7864597824528,1,humedo_lluvioso_poca_insolacion
2024-04-16,2024,4,La Estanzuela,17,89,1.3,1.4,365.3,FALSE,0.8754687373538999,1,humedo_lluvioso_poca_insolacion
2024-04-17,2024,4,La Estanzuela,16.4,72,10,0,279.5,FALSE,0,2,seco_soleado
2024-04-18,2024,4,La Estanzuela,16.2,66,10,0,179.4,FALSE,0,2,seco_soleado
2024-04-19,2024,4,La Estanzuela,19.7,63,9.9,0,236.4,FALSE,0,2,seco_soleado
2024-04-20,2024,4,La Estanzuela,20.6,67,8.8,0,134.5,FALSE,0,2,seco_soleado
2024-04-21,2024,4,La Estanzuela,19.3,84,1.7,11.4,258.2,FALSE,2.517696472610991,1,humedo_lluvioso_poca_insolacion
2024-04-22,2024,4,La Estanzuela,18.1,90,1.6,1.4,176.6,FALSE,0.8754687373538999,1,humedo_lluvioso_poca_insolacion
2024-04-23,2024,4,La Estanzuela,17.4,81,6.5,0,203.2,FALSE,0,2,seco_soleado
2024-04-24,2024,4,La Estanzuela,13.5,66,10.1,1.5,132.8,FALSE,0.9162907318741551,2,seco_soleado
2024-04-25,2024,4,La Estanzuela,14,87,2.7,14.5,208.2,FALSE,2.740840023925201,1,humedo_lluvioso_poca_insolacion
2024-04-26,2024,4,La Estanzuela,17.6,90,0.1,3.1,160.1,FALSE,1.410986973710262,1,humedo_lluvioso_poca_insolacion
2024-04-27,2024,4,La Estanzuela,14.1,63,5.6,0,115.6,FALSE,0,2,seco_soleado
2024-04-28,2024,4,La Estanzuela,12.4,57,10.2,0,134.9,FALSE,0,2,seco_soleado
2024-04-29,2024,4,La Estanzuela,14.8,77,4.9,2.4,190,FALSE,1.2237754316221157,1,humedo_lluvioso_poca_insolacion
2024-04-30,2024,4,La Estanzuela,18.1,95,0,3,142.2,FALSE,1.3862943611198906,1,humedo_lluvioso_poca_insolacion
2024-05-01,2024,5,La Estanzuela,15.6,71,1.9,0.6,195.6,FALSE,0.4700036292457355,1,humedo_lluvioso_poca_insolacion
2024-05-02,2024,5,La Estanzuela,11.8,63,8.6,0,94.9,FALSE,0,2,seco_soleado
2024-05-03,2024,5,La Estanzuela,10.9,64,7.9,0,122.9,FALSE,0,2,seco_soleado
2024-05-04,2024,5,La Estanzuela,14.1,83,2.6,0.3,153.3,FALSE,0.26236426446749106,1,humedo_lluvioso_poca_insolacion
2024-05-05,2024,5,La Estanzuela,18.4,92,1.2,2.3,79.1,FALSE,1.1939224684724346,1,humedo_lluvioso_poca_insolacion
2024-05-06,2024,5,La Estanzuela,16.1,96,0,0,105.5,FALSE,0,1,humedo_lluvioso_poca_insolacion
2024-05-07,2024,5,La Estanzuela,17.4,97,0,0,168.7,FALSE,0,1,humedo_lluvioso_poca_insolacion
2024-05-08,2024,5,La Estanzuela,15.2,78,2.6,0,380.5,FALSE,0,1,humedo_lluvioso_poca_insolacion
2024-05-09,2024,5,La Estanzuela,10.1,59,9.4,0,120.2,FALSE,0,2,seco_soleado
2024-05-10,2024,5,La Estanzuela,11.9,72,7.7,0,108.2,FALSE,0,2,seco_soleado
2024-05-11,2024,5,La Estanzuela,12.3,80,6.4,0.4,168.5,FALSE,0.33647223662121295,2,seco_soleado
2024-05-12,2024,5,La Estanzuela,12,85,0,14.2,216.7,FALSE,2.7212954278522306,1,humedo_lluvioso_poca_insolacion
2024-05-13,2024,5,La Estanzuela,8.5,68,0.4,0,133.5,FALSE,0,1,humedo_lluvioso_poca_insolacion
2024-05-14,2024,5,La Estanzuela,7.7,73,5.6,0,195.5,FALSE,0,2,seco_soleado
2024-05-15,2024,5,La Estanzuela,9.7,68,9,0,169.2,FALSE,0,2,seco_soleado
2024-05-16,2024,5,La Estanzuela,10.5,68,6.9,0,163.4,FALSE,0,2,seco_soleado
2024-05-18,2024,5,La Estanzuela,7.9,80,6.2,0,80.2,FALSE,0,2,seco_soleado
2024-05-19,2024,5,La Estanzuela,7.5,75,6.8,0,109.5,FALSE,0,2,seco_soleado
2024-05-20,2024,5,La Estanzuela,9.3,68,8.8,0,220.8,FALSE,0,2,seco_soleado
2024-05-21,2024,5,La Estanzuela,11,89,0.8,0,91.8,FALSE,0,1,humedo_lluvioso_poca_insolacion
2024-05-22,2024,5,La Estanzuela,12,92,0,2,156.3,FALSE,1.0986122886681098,1,humedo_lluvioso_poca_insolacion
2024-05-23,2024,5,La Estanzuela,12.5,83,0,0,251.3,FALSE,0,1,humedo_lluvioso_poca_insolacion
2024-05-24,2024,5,La Estanzuela,8.4,64,6.8,0.5,179.3,FALSE,0.4054651081081644,2,seco_soleado
2024-05-25,2024,5,La Estanzuela,7.3,63,7.9,0,94.1,FALSE,0,2,seco_soleado
2024-05-26,2024,5,La Estanzuela,7.9,71,1.6,0,83.4,FALSE,0,1,humedo_lluvioso_poca_insolacion
2024-05-27,2024,5,La Estanzuela,8.9,89,0,11,178,FALSE,2.4849066497880004,1,humedo_lluvioso_poca_insolacion
2024-05-28,2024,5,La Estanzuela,10.9,95,2,0,122.4,FALSE,0,1,humedo_lluvioso_poca_insolacion
2024-05-29,2024,5,La Estanzuela,11.9,82,0,0,133.4,FALSE,0,1,humedo_lluvioso_poca_insolacion
2024-05-30,2024,5,La Estanzuela,13.2,80,1.6,0,91.2,FALSE,0,1,humedo_lluvioso_poca_insolacion
2024-05-31,2024,5,La Estanzuela,12,83,5.3,0,221.8,FALSE,0,1,humedo_lluvioso_poca_insolacion
2024-06-01,2024,6,La Estanzuela,15.5,80,4.5,0,143.2,FALSE,0,2,seco_soleado
2024-06-02,2024,6,La Estanzuela,11,85,0,1.9,165.5,FALSE,1.0647107369924282,1,humedo_lluvioso_poca_insolacion
2024-06-03,2024,6,La Estanzuela,7.7,76,7.9,0,115.6,FALSE,0,2,seco_soleado
2024-06-04,2024,6,La Estanzuela,8.7,75,7.2,1.5,172.6,FALSE,0.9162907318741551,2,seco_soleado
2024-06-05,2024,6,La Estanzuela,12.9,86,1.7,0,139.3,FALSE,0,1,humedo_lluvioso_poca_insolacion
2024-06-06,2024,6,La Estanzuela,15.1,82,6.9,0,87.3,FALSE,0,2,seco_soleado
2024-06-07,2024,6,La Estanzuela,17.3,84,5.4,0,184.8,FALSE,0,2,seco_soleado
2024-06-08,2024,6,La Estanzuela,20.5,82,3.5,0,291,FALSE,0,1,humedo_lluvioso_poca_insolacion
2024-06-09,2024,6,La Estanzuela,20.6,76,5.4,0,274.9,FALSE,0,2,seco_soleado
2024-06-10,2024,6,La Estanzuela,13,81,8.6,0,146.8,FALSE,0,2,seco_soleado
2024-06-11,2024,6,La Estanzuela,13.5,89,4.5,0,252.1,FALSE,0,1,humedo_lluvioso_poca_insolacion
2024-06-12,2024,6,La Estanzuela,19.5,87,1.9,0,319,FALSE,0,1,humedo_lluvioso_poca_insolacion
2024-06-13,2024,6,La Estanzuela,23.3,60,3.6,0,302.7,FALSE,0,2,seco_soleado
2024-06-14,2024,6,La Estanzuela,16.3,88,0,0.4,115.9,FALSE,0.33647223662121295,1,humedo_lluvioso_poca_insolacion
2024-06-15,2024,6,La Estanzuela,13.7,76,0,0,83.4,FALSE,0,1,humedo_lluvioso_poca_insolacion
2024-06-16,2024,6,La Estanzuela,11.5,76,0,0,109.2,FALSE,0,1,humedo_lluvioso_poca_insolacion
2024-06-17,2024,6,La Estanzuela,15.4,83,8.2,0,189.7,FALSE,0,2,seco_soleado
2024-06-18,2024,6,La Estanzuela,15.1,91,1.4,0.5,95.9,FALSE,0.4054651081081644,1,humedo_lluvioso_poca_insolacion
2024-06-19,2024,6,La Estanzuela,13.1,90,6.1,0,74.8,FALSE,0,2,seco_soleado
2024-06-20,2024,6,La Estanzuela,12.1,78,8.6,0,263,FALSE,0,2,seco_soleado
2024-06-21,2024,6,La Estanzuela,16.3,90,0,3.5,181,FALSE,1.5040773967762742,1,humedo_lluvioso_poca_insolacion
2024-06-22,2024,6,La Estanzuela,15.6,96,0,0.6,187.7,FALSE,0.4700036292457355,1,humedo_lluvioso_poca_insolacion
2024-06-23,2024,6,La Estanzuela,11.1,75,7.7,0,217.3,FALSE,0,2,seco_soleado
2024-06-24,2024,6,La Estanzuela,8,73,6.7,0,104.8,FALSE,0,2,seco_soleado
2024-06-25,2024,6,La Estanzuela,7.9,78,2.7,1,111.3,FALSE,0.6931471805599453,1,humedo_lluvioso_poca_insolacion
2024-06-26,2024,6,La Estanzuela,7.7,80,7.2,0,325.6,FALSE,0,2,seco_soleado
2024-06-27,2024,6,La Estanzuela,11.6,66,7.7,0,345,FALSE,0,2,seco_soleado
2024-06-28,2024,6,La Estanzuela,9.1,66,8.4,0,556.5,FALSE,0,2,seco_soleado
2024-06-29,2024,6,La Estanzuela,5.1,62,7.9,0,276.8,FALSE,0,2,seco_soleado
2024-06-30,2024,6,La Estanzuela,6.4,59,8.7,0,340.2,FALSE,0,2,seco_soleado
2024-07-01,2024,7,La Estanzuela,10.3,58,8.5,0,187.3,FALSE,0,2,seco_soleado
2024-07-02,2024,7,La Estanzuela,11.6,63,8.6,0,223.2,FALSE,0,2,seco_soleado
2024-07-03,2024,7,La Estanzuela,7.1,76,8.3,0,93.2,FALSE,0,2,seco_soleado
2024-07-04,2024,7,La Estanzuela,5.4,74,7.7,0,119.2,FALSE,0,2,seco_soleado
2024-07-05,2024,7,La Estanzuela,4.3,52,9,0,203.1,FALSE,0,2,seco_soleado
2024-07-06,2024,7,La Estanzuela,5,68,8.3,0,66.8,FALSE,0,2,seco_soleado
2024-07-07,2024,7,La Estanzuela,5.9,74,7.6,0,82.3,FALSE,0,2,seco_soleado
2024-07-08,2024,7,La Estanzuela,2.6,67,9.3,0,69,FALSE,0,2,seco_soleado
2024-07-09,2024,7,La Estanzuela,3.7,72,4.9,0,77.8,FALSE,0,2,seco_soleado
2024-07-10,2024,7,La Estanzuela,2.8,70,8.6,0,90.4,FALSE,0,2,seco_soleado
2024-07-11,2024,7,La Estanzuela,3.6,66,7.2,0,57.5,FALSE,0,2,seco_soleado
2024-07-12,2024,7,La Estanzuela,5.4,62,8.4,0,90.6,FALSE,0,2,seco_soleado
2024-07-13,2024,7,La Estanzuela,5.6,60,8.1,0,71.5,FALSE,0,2,seco_soleado
2024-07-14,2024,7,La Estanzuela,5.8,68,8.9,0,126.5,FALSE,0,2,seco_soleado
2024-07-15,2024,7,La Estanzuela,9.1,73,6.2,0,170.7,FALSE,0,2,seco_soleado
2024-07-16,2024,7,La Estanzuela,10.7,80,7.1,0,126.2,FALSE,0,2,seco_soleado
2024-07-17,2024,7,La Estanzuela,11.6,79,8.4,0,126.3,FALSE,0,2,seco_soleado
2024-07-18,2024,7,La Estanzuela,12,78,8.2,0,134.1,FALSE,0,2,seco_soleado
2024-07-19,2024,7,La Estanzuela,9.8,84,0.3,0,274.9,FALSE,0,1,humedo_lluvioso_poca_insolacion
2024-07-20,2024,7,La Estanzuela,9.1,86,0,0,144.5,FALSE,0,1,humedo_lluvioso_poca_insolacion
2024-07-21,2024,7,La Estanzuela,12.3,90,3.4,0,89.5,FALSE,0,1,humedo_lluvioso_poca_insolacion
2024-07-22,2024,7,La Estanzuela,11.6,91,0,0,154.2,FALSE,0,1,humedo_lluvioso_poca_insolacion
2024-07-23,2024,7,La Estanzuela,14.8,88,4.4,0,178.2,FALSE,0,1,humedo_lluvioso_poca_insolacion
2024-07-24,2024,7,La Estanzuela,17.4,79,0.3,9.5,191.7,FALSE,2.3513752571634776,1,humedo_lluvioso_poca_insolacion
2024-07-25,2024,7,La Estanzuela,12.3,68,8.8,0,108.2,FALSE,0,2,seco_soleado
2024-07-26,2024,7,La Estanzuela,11.7,69,8.8,0,93.8,FALSE,0,2,seco_soleado
2024-07-27,2024,7,La Estanzuela,10.4,76,8.6,0,96.5,FALSE,0,2,seco_soleado
2024-07-28,2024,7,La Estanzuela,8.4,67,4.6,0,100.6,FALSE,0,2,seco_soleado
2024-07-29,2024,7,La Estanzuela,5.8,67,9.4,0,154.4,FALSE,0,2,seco_soleado
2024-07-30,2024,7,La Estanzuela,6.9,64,8.8,0,234.6,FALSE,0,2,seco_soleado
2024-07-31,2024,7,La Estanzuela,13.2,79,4.6,0,321.1,FALSE,0,1,humedo_lluvioso_poca_insolacion
2024-08-01,2024,8,La Estanzuela,20.9,67,3.2,0,498.2,FALSE,0,1,humedo_lluvioso_poca_insolacion
2024-08-02,2024,8,La Estanzuela,25,52,6.3,17.5,467.3,FALSE,2.917770732084279,1,humedo_lluvioso_poca_insolacion
2024-08-03,2024,8,La Estanzuela,14.9,82,4.8,10.03,121.1,FALSE,2.400618833265411,1,humedo_lluvioso_poca_insolacion
2024-08-04,2024,8,La Estanzuela,11.4,74,2.5,0,148.5,FALSE,0,1,humedo_lluvioso_poca_insolacion
2024-08-05,2024,8,La Estanzuela,12.5,82,1.9,0,206.6,FALSE,0,1,humedo_lluvioso_poca_insolacion
2024-08-06,2024,8,La Estanzuela,16.5,94,0,1,301.2,FALSE,0.6931471805599453,1,humedo_lluvioso_poca_insolacion
2024-08-07,2024,8,La Estanzuela,10.9,80,7.5,0,349.8,FALSE,0,2,seco_soleado
2024-08-08,2024,8,La Estanzuela,6.6,86,1.7,1.9,235.4,FALSE,1.0647107369924282,1,humedo_lluvioso_poca_insolacion
2024-08-09,2024,8,La Estanzuela,7.2,80,6.7,0,203.9,FALSE,0,2,seco_soleado
2024-08-10,2024,8,La Estanzuela,8.8,65,9.5,0,282.6,FALSE,0,2,seco_soleado
2024-08-11,2024,8,La Estanzuela,11,60,10.61,0,482.8,FALSE,0,2,seco_soleado
2024-08-12,2024,8,La Estanzuela,6.8,71,10.64,0,170.1,FALSE,0,2,seco_soleado
2024-08-13,2024,8,La Estanzuela,9.4,58,10.67,0,240,FALSE,0,2,seco_soleado
2024-08-14,2024,8,La Estanzuela,11.7,57,10.71,0,144.8,FALSE,0,2,seco_soleado
2024-08-15,2024,8,La Estanzuela,12.9,68,10.74,0,194,FALSE,0,2,seco_soleado
2024-08-16,2024,8,La Estanzuela,9.5,84,5.9,0,234,FALSE,0,1,humedo_lluvioso_poca_insolacion
2024-08-17,2024,8,La Estanzuela,11.7,82,9.7,0,152.7,FALSE,0,2,seco_soleado
2024-08-18,2024,8,La Estanzuela,11.7,92,3.1,0.5,199.9,FALSE,0.4054651081081644,1,humedo_lluvioso_poca_insolacion
2024-08-19,2024,8,La Estanzuela,10.8,96,2.1,0.8,320.5,FALSE,0.5877866649021191,1,humedo_lluvioso_poca_insolacion
2024-08-20,2024,8,La Estanzuela,10,85,9.4,23.5,308.2,FALSE,3.1986731175506815,1,humedo_lluvioso_poca_insolacion
2024-08-21,2024,8,La Estanzuela,11.6,92,0.9,1.6,274,FALSE,0.9555114450274363,1,humedo_lluvioso_poca_insolacion
2024-08-22,2024,8,La Estanzuela,8.9,90,3.5,0,322.5,FALSE,0,1,humedo_lluvioso_poca_insolacion
2024-08-23,2024,8,La Estanzuela,7.1,75,11.01,0,135.6,FALSE,0,2,seco_soleado
2024-08-24,2024,8,La Estanzuela,8,67,11.04,0,134.2,FALSE,0,2,seco_soleado
2024-08-25,2024,8,La Estanzuela,6,77,4.8,0.2,92.1,FALSE,0.18232155679395465,2,seco_soleado
2024-08-26,2024,8,La Estanzuela,7.2,79,9.7,0,110.5,FALSE,0,2,seco_soleado
2024-08-27,2024,8,La Estanzuela,9.5,72,11.15,0,113.1,FALSE,0,2,seco_soleado
2024-08-28,2024,8,La Estanzuela,12.2,63,0,0,215.1,FALSE,0,1,humedo_lluvioso_poca_insolacion
2024-08-29,2024,8,La Estanzuela,10.6,88,5.1,0,213.7,FALSE,0,1,humedo_lluvioso_poca_insolacion
2024-08-30,2024,8,La Estanzuela,10.7,92,0,44.7,351.9,FALSE,3.822098297900159,1,humedo_lluvioso_poca_insolacion
2024-08-31,2024,8,La Estanzuela,10.7,95,0,14,275.7,FALSE,2.70805020110221,1,humedo_lluvioso_poca_insolacion
2024-09-01,2024,9,La Estanzuela,11.4,92,1.4,0.4,168.7,FALSE,0.33647223662121295,1,humedo_lluvioso_poca_insolacion
2024-09-02,2024,9,La Estanzuela,12.8,83,4.8,0,183.5,FALSE,0,1,humedo_lluvioso_poca_insolacion
2024-09-03,2024,9,La Estanzuela,13.4,70,9.4,0,147.4,FALSE,0,2,seco_soleado
2024-09-04,2024,9,La Estanzuela,12.9,61,8.9,0,106.7,FALSE,0,2,seco_soleado
2024-09-05,2024,9,La Estanzuela,10.6,58,10.2,0,182.4,FALSE,0,2,seco_soleado
2024-09-06,2024,9,La Estanzuela,13.4,64,7.7,0,177.9,FALSE,0,2,seco_soleado
2024-09-07,2024,9,La Estanzuela,14.6,56,9.7,0,106.3,FALSE,0,2,seco_soleado
2024-09-08,2024,9,La Estanzuela,13.1,65,9.6,0,186,FALSE,0,2,seco_soleado
2024-09-09,2024,9,La Estanzuela,13.7,89,2.3,0.8,127.4,FALSE,0.5877866649021191,1,humedo_lluvioso_poca_insolacion
2024-09-10,2024,9,La Estanzuela,15,95,1,0.2,145.3,FALSE,0.18232155679395465,1,humedo_lluvioso_poca_insolacion
2024-09-11,2024,9,La Estanzuela,12.7,85,4.2,0,147.1,FALSE,0,1,humedo_lluvioso_poca_insolacion
2024-09-12,2024,9,La Estanzuela,12.1,70,10.1,0,154.6,FALSE,0,2,seco_soleado
2024-09-13,2024,9,La Estanzuela,12,79,8.9,0,118,FALSE,0,2,seco_soleado
2024-09-14,2024,9,La Estanzuela,10.9,71,10.5,0,146.4,FALSE,0,2,seco_soleado
2024-09-15,2024,9,La Estanzuela,11.4,57,10.4,0,207.2,FALSE,0,2,seco_soleado
2024-09-16,2024,9,La Estanzuela,16.3,57,9.8,0,170.2,FALSE,0,2,seco_soleado
2024-09-17,2024,9,La Estanzuela,16.3,59,1.7,0,258.7,FALSE,0,2,seco_soleado
2024-09-18,2024,9,La Estanzuela,19.8,66,9.3,0,251.8,FALSE,0,2,seco_soleado
2024-09-19,2024,9,La Estanzuela,18.7,78,5.6,2.1,224.3,FALSE,1.1314021114911006,1,humedo_lluvioso_poca_insolacion
2024-09-20,2024,9,La Estanzuela,16.7,65,9.6,0,188.7,FALSE,0,2,seco_soleado
2024-09-21,2024,9,La Estanzuela,18.6,60,8.9,0,368.7,FALSE,0,2,seco_soleado
2024-09-22,2024,9,La Estanzuela,18.6,84,1.6,0.4,212,FALSE,0.33647223662121295,1,humedo_lluvioso_poca_insolacion
2024-09-23,2024,9,La Estanzuela,14.5,65,5.4,0,229.7,FALSE,0,2,seco_soleado
2024-09-24,2024,9,La Estanzuela,16.1,65,9,0,252.3,FALSE,0,2,seco_soleado
2024-09-25,2024,9,La Estanzuela,15,88,3.4,0.3,306.2,FALSE,0.26236426446749106,1,humedo_lluvioso_poca_insolacion
2024-09-26,2024,9,La Estanzuela,13.7,76,9.4,0,168.1,FALSE,0,2,seco_soleado
2024-09-27,2024,9,La Estanzuela,14.1,70,10.5,0,138.2,FALSE,0,2,seco_soleado
2024-09-28,2024,9,La Estanzuela,16.4,69,10.2,0,148.7,FALSE,0,2,seco_soleado
2024-09-29,2024,9,La Estanzuela,19.8,68,10.3,0,222.6,FALSE,0,2,seco_soleado
2024-09-30,2024,9,La Estanzuela,21.8,78,4.6,4,254.1,FALSE,1.6094379124341003,1,humedo_lluvioso_poca_insolacion
2024-10-01,2024,10,La Estanzuela,15.2,82,8.9,0,177.3,FALSE,0,2,seco_soleado
2024-10-02,2024,10,La Estanzuela,12.7,61,10.8,0,138.5,FALSE,0,2,seco_soleado
2024-10-03,2024,10,La Estanzuela,11.4,56,10.6,0,155.7,FALSE,0,2,seco_soleado
2024-10-04,2024,10,La Estanzuela,14.4,57,10.7,0,208.7,FALSE,0,2,seco_soleado
2024-10-05,2024,10,La Estanzuela,15.9,68,10.7,0,176.5,FALSE,0,2,seco_soleado
2024-10-06,2024,10,La Estanzuela,16.8,78,9.1,0,255,FALSE,0,2,seco_soleado
2024-10-07,2024,10,La Estanzuela,17.2,78,2.1,0,151.7,FALSE,0,1,humedo_lluvioso_poca_insolacion
2024-10-08,2024,10,La Estanzuela,16,82,6.7,0,258.7,FALSE,0,2,seco_soleado
2024-10-09,2024,10,La Estanzuela,16,73,8.4,0,211.6,FALSE,0,2,seco_soleado
2024-10-10,2024,10,La Estanzuela,16.2,81,4.2,0.4,125,FALSE,0.33647223662121295,1,humedo_lluvioso_poca_insolacion
2024-10-11,2024,10,La Estanzuela,19.6,70,10.3,11.8,194.2,FALSE,2.5494451709255714,2,seco_soleado
2024-10-12,2024,10,La Estanzuela,16.8,82,3.7,0.3,130.6,FALSE,0.26236426446749106,1,humedo_lluvioso_poca_insolacion
2024-10-13,2024,10,La Estanzuela,15.5,89,0,1.4,138.1,FALSE,0.8754687373538999,1,humedo_lluvioso_poca_insolacion
2024-10-14,2024,10,La Estanzuela,16.6,89,0.1,8.2,126.8,FALSE,2.2192034840549946,1,humedo_lluvioso_poca_insolacion
2024-10-15,2024,10,La Estanzuela,19.2,83,8.8,0,121.3,FALSE,0,2,seco_soleado
2024-10-16,2024,10,La Estanzuela,17.3,82,11.3,0,164.3,FALSE,0,2,seco_soleado
2024-10-17,2024,10,La Estanzuela,17.1,82,4,0,131.8,FALSE,0,2,seco_soleado
2024-10-18,2024,10,La Estanzuela,18.8,79,10.7,0,185.1,FALSE,0,2,seco_soleado
2024-10-19,2024,10,La Estanzuela,20,67,10.8,0,193.5,FALSE,0,2,seco_soleado
2024-10-20,2024,10,La Estanzuela,22.8,64,11,0,338.7,FALSE,0,2,seco_soleado
2024-10-21,2024,10,La Estanzuela,26,65,10.3,0,180.1,FALSE,0,2,seco_soleado
2024-10-22,2024,10,La Estanzuela,21.7,73,8.7,0,286,FALSE,0,2,seco_soleado
2024-10-23,2024,10,La Estanzuela,20.1,86,0,26.4,183.6,FALSE,3.3105430133940246,1,humedo_lluvioso_poca_insolacion
2024-10-24,2024,10,La Estanzuela,17.8,94,0,50.5,253.6,FALSE,3.9415818076696905,1,humedo_lluvioso_poca_insolacion
2024-10-25,2024,10,La Estanzuela,14.5,82,5.7,3.9,258,FALSE,1.589235205116581,1,humedo_lluvioso_poca_insolacion
2024-10-26,2024,10,La Estanzuela,15.3,58,11.6,0,223.3,FALSE,0,2,seco_soleado
2024-10-27,2024,10,La Estanzuela,19,61,10.9,0,131.9,FALSE,0,2,seco_soleado
2024-10-28,2024,10,La Estanzuela,21.1,61,11.1,0,151.3,FALSE,0,2,seco_soleado
2024-10-29,2024,10,La Estanzuela,22.1,64,11.2,0,142.1,FALSE,0,2,seco_soleado
2024-10-30,2024,10,La Estanzuela,22.4,63,11.2,0,215.5,FALSE,0,2,seco_soleado
2024-10-31,2024,10,La Estanzuela,22.7,71,9.4,0,186.8,FALSE,0,2,seco_soleado
2024-11-01,2024,11,La Estanzuela,22.3,74,4.1,0.7,322.9,FALSE,0.5306282510621704,1,humedo_lluvioso_poca_insolacion
2024-11-02,2024,11,La Estanzuela,21.3,84,2.1,5.8,197.7,FALSE,1.916922612182061,1,humedo_lluvioso_poca_insolacion
2024-11-03,2024,11,La Estanzuela,20.8,76,11,0,278.7,FALSE,0,2,seco_soleado
2024-11-04,2024,11,La Estanzuela,19,88,0,37.2,104.1,FALSE,3.6428355156125294,1,humedo_lluvioso_poca_insolacion
2024-11-05,2024,11,La Estanzuela,18.3,56,12.4,0,198.6,FALSE,0,2,seco_soleado
2024-11-06,2024,11,La Estanzuela,18.4,71,11.9,0,221,FALSE,0,2,seco_soleado
2024-11-07,2024,11,La Estanzuela,18.5,72,8.9,0,232.8,FALSE,0,2,seco_soleado
2024-11-08,2024,11,La Estanzuela,18,73,10.3,0,181.7,FALSE,0,2,seco_soleado
2024-11-09,2024,11,La Estanzuela,19.6,65,11.4,0,183.3,FALSE,0,2,seco_soleado
2024-11-10,2024,11,La Estanzuela,21.8,65,10.2,3.9,207.3,FALSE,1.589235205116581,2,seco_soleado
2024-11-11,2024,11,La Estanzuela,17.5,62,8.6,0,428.9,FALSE,0,2,seco_soleado
2024-11-12,2024,11,La Estanzuela,17,52,11.2,0,144.3,FALSE,0,2,seco_soleado
2024-11-13,2024,11,La Estanzuela,19,47,11.7,0,160.5,FALSE,0,2,seco_soleado
2024-11-14,2024,11,La Estanzuela,20.9,53,11.4,0,171.5,FALSE,0,2,seco_soleado
2024-11-15,2024,11,La Estanzuela,23.9,52,11.5,0,223.1,FALSE,0,2,seco_soleado
2024-11-16,2024,11,La Estanzuela,25,65,10.7,0,223.3,FALSE,0,2,seco_soleado
2024-11-17,2024,11,La Estanzuela,18.5,89,0,24.2,244,FALSE,3.2268439945173775,1,humedo_lluvioso_poca_insolacion
2024-11-18,2024,11,La Estanzuela,17.9,77,6.9,0,197.1,FALSE,0,2,seco_soleado
2024-11-19,2024,11,La Estanzuela,17.5,70,7.3,0,208.7,FALSE,0,2,seco_soleado
2024-11-20,2024,11,La Estanzuela,20.1,67,11.9,0,228.9,FALSE,0,2,seco_soleado
2024-11-21,2024,11,La Estanzuela,19.4,68,7.1,0,213,FALSE,0,2,seco_soleado
2024-11-22,2024,11,La Estanzuela,20.5,72,11,0,236.4,FALSE,0,2,seco_soleado
2024-11-23,2024,11,La Estanzuela,22,66,9.5,0,290.4,FALSE,0,2,seco_soleado
2024-11-24,2024,11,La Estanzuela,24.7,65,11.3,15.8,187.3,FALSE,2.8213788864092133,2,seco_soleado
2024-11-25,2024,11,La Estanzuela,22.4,87,2.7,0,205.5,FALSE,0,1,humedo_lluvioso_poca_insolacion
2024-11-26,2024,11,La Estanzuela,21.7,84,5.1,17.3,106.1,FALSE,2.9069010598473755,1,humedo_lluvioso_poca_insolacion
2024-11-27,2024,11,La Estanzuela,20.1,86,1,15.1,158.7,FALSE,2.7788192719904172,1,humedo_lluvioso_poca_insolacion
2024-11-28,2024,11,La Estanzuela,21.7,78,7.1,25.5,199.2,FALSE,3.2771447329921766,1,humedo_lluvioso_poca_insolacion
2024-11-29,2024,11,La Estanzuela,20.4,72,8.3,0,129.7,FALSE,0,2,seco_soleado
2024-11-30,2024,11,La Estanzuela,19.4,66,11.6,0.7,240.3,FALSE,0.5306282510621704,2,seco_soleado
2024-12-01,2024,12,La Estanzuela,18.1,81,0,5.7,332.3,FALSE,1.9021075263969205,1,humedo_lluvioso_poca_insolacion
2024-12-02,2024,12,La Estanzuela,16.6,58,11.3,0,240.4,FALSE,0,2,seco_soleado
2024-12-03,2024,12,La Estanzuela,15.1,51,12.8,0,193.4,FALSE,0,2,seco_soleado
2024-12-04,2024,12,La Estanzuela,18.7,48,12.5,0,196.1,FALSE,0,2,seco_soleado
2024-12-05,2024,12,La Estanzuela,22.8,56,11.7,29.8,224.5,FALSE,3.427514689979529,2,seco_soleado
2024-12-06,2024,12,La Estanzuela,21.6,75,8.9,0.2,186.2,FALSE,0.18232155679395465,2,seco_soleado
2024-12-07,2024,12,La Estanzuela,15.8,65,10.9,0,138.4,FALSE,0,2,seco_soleado
2024-12-08,2024,12,La Estanzuela,15,58,12.9,0,163.7,FALSE,0,2,seco_soleado
2024-12-09,2024,12,La Estanzuela,17,62,11.6,0,123.9,FALSE,0,2,seco_soleado
2024-12-10,2024,12,La Estanzuela,20.7,60,12.3,0,142.3,FALSE,0,2,seco_soleado
2024-12-11,2024,12,La Estanzuela,22.9,54,12.3,0,276.4,FALSE,0,2,seco_soleado
2024-12-12,2024,12,La Estanzuela,24.5,60,11.5,0,193.6,FALSE,0,2,seco_soleado
2024-12-13,2024,12,La Estanzuela,22,77,8.5,0,160.7,FALSE,0,2,seco_soleado
2024-12-14,2024,12,La Estanzuela,21.2,79,7.5,0.4,259.3,FALSE,0.33647223662121295,2,seco_soleado
2024-12-15,2024,12,La Estanzuela,19.3,77,6.3,0,169.4,FALSE,0,2,seco_soleado
2024-12-16,2024,12,La Estanzuela,19.1,76,12.6,0,170.2,FALSE,0,2,seco_soleado
2024-12-17,2024,12,La Estanzuela,20.8,69,11.3,0,204,FALSE,0,2,seco_soleado
2024-12-18,2024,12,La Estanzuela,22.5,64,10.9,3.5,142.7,FALSE,1.5040773967762742,2,seco_soleado
2024-12-19,2024,12,La Estanzuela,22,74,7.4,0,147.9,FALSE,0,2,seco_soleado
2024-12-20,2024,12,La Estanzuela,22.9,65,6.2,0.2,279.8,FALSE,0.18232155679395465,2,seco_soleado
2024-12-21,2024,12,La Estanzuela,17.5,57,6.2,0,128.7,FALSE,0,2,seco_soleado
2024-12-22,2024,12,La Estanzuela,18.4,57,12.5,0,180.2,FALSE,0,2,seco_soleado
2024-12-23,2024,12,La Estanzuela,22.4,49,11.6,1.4,199.4,FALSE,0.8754687373538999,2,seco_soleado
2024-12-24,2024,12,La Estanzuela,19.3,75,2.5,5.1,156.7,FALSE,1.8082887711792655,1,humedo_lluvioso_poca_insolacion
2024-12-25,2024,12,La Estanzuela,17.3,75,1.7,0,192.1,FALSE,0,1,humedo_lluvioso_poca_insolacion
2024-12-26,2024,12,La Estanzuela,19,74,10.5,0,133.9,FALSE,0,2,seco_soleado
2024-12-27,2024,12,La Estanzuela,19.9,69,12.3,0,120.5,FALSE,0,2,seco_soleado
2024-12-28,2024,12,La Estanzuela,19,76,12.4,0,192.1,FALSE,0,2,seco_soleado
2024-12-29,2024,12,La Estanzuela,19.7,75,12,0,208.9,FALSE,0,2,seco_soleado
2024-12-30,2024,12,La Estanzuela,21.3,68,10.4,0,230.1,FALSE,0,2,seco_soleado
2024-12-31,2024,12,La Estanzuela,23.6,63,11.9,0,216.6,FALSE,0,2,seco_soleado
2025-01-01,2025,1,La Estanzuela,25,68,7.5,0,154.4,FALSE,0,2,seco_soleado
2025-01-02,2025,1,La Estanzuela,24.6,52,12.2,0,264.4,FALSE,0,2,seco_soleado
2025-01-03,2025,1,La Estanzuela,19.9,64,12,0,178.4,FALSE,0,2,seco_soleado
2025-01-04,2025,1,La Estanzuela,19,77,11.7,0,157.3,FALSE,0,2,seco_soleado
2025-01-05,2025,1,La Estanzuela,19.3,73,11.7,0,165,FALSE,0,2,seco_soleado
2025-01-06,2025,1,La Estanzuela,20.7,72,10.8,0,192,FALSE,0,2,seco_soleado
2025-01-07,2025,1,La Estanzuela,19.3,64,11.9,0,216.3,FALSE,0,2,seco_soleado
2025-01-08,2025,1,La Estanzuela,23.1,60,12.2,0,215.2,FALSE,0,2,seco_soleado
2025-01-09,2025,1,La Estanzuela,23.6,59,12.6,0,187.4,FALSE,0,2,seco_soleado
2025-01-10,2025,1,La Estanzuela,23.2,63,12.4,0,189.3,FALSE,0,2,seco_soleado
2025-01-11,2025,1,La Estanzuela,22.2,65,12.2,0,218.4,FALSE,0,2,seco_soleado
2025-01-12,2025,1,La Estanzuela,22.9,64,12.3,0,205.6,FALSE,0,2,seco_soleado
2025-01-13,2025,1,La Estanzuela,25.9,56,11.3,0,204.4,FALSE,0,2,seco_soleado
2025-01-14,2025,1,La Estanzuela,22.3,59,12.1,0,220.8,FALSE,0,2,seco_soleado
2025-01-15,2025,1,La Estanzuela,26.8,60,12.1,0,183.7,FALSE,0,2,seco_soleado
2025-01-16,2025,1,La Estanzuela,27.7,56,11.8,0,201.7,FALSE,0,2,seco_soleado
2025-01-17,2025,1,La Estanzuela,25.5,74,10.6,0,255.6,FALSE,0,2,seco_soleado
2025-01-18,2025,1,La Estanzuela,24.6,76,4.6,0,230.4,FALSE,0,2,seco_soleado
2025-01-19,2025,1,La Estanzuela,22.5,84,0.5,146.7,207.8,FALSE,4.995183189537334,1,humedo_lluvioso_poca_insolacion
2025-01-20,2025,1,La Estanzuela,21.1,77,8.4,0,182.6,FALSE,0,2,seco_soleado
2025-01-21,2025,1,La Estanzuela,22.5,73,11.9,0,135.4,FALSE,0,2,seco_soleado
2025-01-22,2025,1,La Estanzuela,26.9,57,11.9,0,149.3,FALSE,0,2,seco_soleado
2025-01-23,2025,1,La Estanzuela,27.5,60,9.6,0,178.4,FALSE,0,2,seco_soleado
2025-01-24,2025,1,La Estanzuela,25.8,75,4.2,0.2,146.6,FALSE,0.18232155679395465,2,seco_soleado
2025-01-25,2025,1,La Estanzuela,25.1,51,12.1,0,190.3,FALSE,0,2,seco_soleado
2025-01-26,2025,1,La Estanzuela,24.7,39,10.7,0,251.7,FALSE,0,2,seco_soleado
2025-01-27,2025,1,La Estanzuela,23.1,69,4.2,37.2,141.6,FALSE,3.6428355156125294,1,humedo_lluvioso_poca_insolacion
2025-01-28,2025,1,La Estanzuela,23.5,83,7.6,0,179.4,FALSE,0,2,seco_soleado
2025-01-29,2025,1,La Estanzuela,24.5,79,11.2,0,198.7,FALSE,0,2,seco_soleado
2025-01-30,2025,1,La Estanzuela,23.4,73,12,0,201.8,FALSE,0,2,seco_soleado
2025-01-31,2025,1,La Estanzuela,22.7,71,11.9,0,170.2,FALSE,0,2,seco_soleado
2025-02-01,2025,2,La Estanzuela,23.5,64,12.1,0,182.7,FALSE,0,2,seco_soleado
2025-02-02,2025,2,La Estanzuela,26.5,61,11.6,0,172.7,FALSE,0,2,seco_soleado
2025-02-03,2025,2,La Estanzuela,28.1,58,10.8,0,161.9,FALSE,0,2,seco_soleado
2025-02-04,2025,2,La Estanzuela,25.8,69,3.9,7.5,202.8,FALSE,2.1400661634962708,1,humedo_lluvioso_poca_insolacion
2025-02-05,2025,2,La Estanzuela,22.1,91,0,45.4,114.2,FALSE,3.8372994592322094,1,humedo_lluvioso_poca_insolacion
2025-02-06,2025,2,La Estanzuela,22.7,74,10.9,0,120.3,FALSE,0,2,seco_soleado
2025-02-07,2025,2,La Estanzuela,24.1,61,12,0,253.5,FALSE,0,2,seco_soleado
2025-02-08,2025,2,La Estanzuela,25.8,69,8.5,8.2,189.8,FALSE,2.2192034840549946,2,seco_soleado
2025-02-09,2025,2,La Estanzuela,23.5,79,8.5,0,256.9,FALSE,0,2,seco_soleado
2025-02-10,2025,2,La Estanzuela,27.8,69,10.9,15.3,232.5,FALSE,2.791165107812717,2,seco_soleado
2025-02-11,2025,2,La Estanzuela,21.5,88,0,18.8,140,FALSE,2.9856819377004897,1,humedo_lluvioso_poca_insolacion
2025-02-12,2025,2,La Estanzuela,21.3,85,2.7,0,164.8,FALSE,0,1,humedo_lluvioso_poca_insolacion
2025-02-13,2025,2,La Estanzuela,21.8,64,11.7,0,183.7,FALSE,0,2,seco_soleado
2025-02-14,2025,2,La Estanzuela,21.7,63,6.3,3.5,244.9,FALSE,1.5040773967762742,2,seco_soleado
2025-02-15,2025,2,La Estanzuela,21.9,76,5.9,0.7,143.5,FALSE,0.5306282510621704,2,seco_soleado
2025-02-16,2025,2,La Estanzuela,22.9,82,4.1,0.9,154.4,FALSE,0.6418538861723948,1,humedo_lluvioso_poca_insolacion
2025-02-17,2025,2,La Estanzuela,22.6,70,11,0,177,FALSE,0,2,seco_soleado
2025-02-18,2025,2,La Estanzuela,16.9,65,10.3,0,132.8,FALSE,0,2,seco_soleado
2025-02-19,2025,2,La Estanzuela,20.3,64,11.4,0,142.9,FALSE,0,2,seco_soleado
2025-02-20,2025,2,La Estanzuela,24.8,62,10.7,0,178.3,FALSE,0,2,seco_soleado
2025-02-21,2025,2,La Estanzuela,27.5,65,9.5,23.5,249.7,FALSE,3.1986731175506815,2,seco_soleado
2025-02-22,2025,2,La Estanzuela,23.7,82,3.3,0,179,FALSE,0,1,humedo_lluvioso_poca_insolacion
2025-02-23,2025,2,La Estanzuela,26.2,74,7.6,0,159.4,FALSE,0,2,seco_soleado
2025-02-24,2025,2,La Estanzuela,24.2,82,0.5,0,125.6,FALSE,0,1,humedo_lluvioso_poca_insolacion
2025-02-25,2025,2,La Estanzuela,23.9,82,3.4,0,123.4,FALSE,0,2,seco_soleado
2025-02-26,2025,2,La Estanzuela,23.1,86,2.7,1.1,227.9,FALSE,0.7419373447293773,1,humedo_lluvioso_poca_insolacion
2025-02-27,2025,2,La Estanzuela,24.7,77,6,0,193.4,FALSE,0,2,seco_soleado
2025-02-28,2025,2,La Estanzuela,24.5,90,1.5,82.4,224.5,FALSE,4.423648309364701,1,humedo_lluvioso_poca_insolacion
2025-03-01,2025,3,La Estanzuela,22.3,88,1.3,0,125.9,FALSE,0,1,humedo_lluvioso_poca_insolacion
2025-03-02,2025,3,La Estanzuela,21.8,90,0,44.4,176.3,FALSE,3.8155121050473024,1,humedo_lluvioso_poca_insolacion
2025-03-03,2025,3,La Estanzuela,22.2,92,0,22,163,FALSE,3.1354942159291497,1,humedo_lluvioso_poca_insolacion
2025-03-04,2025,3,La Estanzuela,24.5,85,5.8,0.6,251.6,FALSE,0.4700036292457355,1,humedo_lluvioso_poca_insolacion
2025-03-05,2025,3,La Estanzuela,29.9,68,10.2,0,150.8,FALSE,0,2,seco_soleado
2025-03-06,2025,3,La Estanzuela,29.4,71,8.4,0,184.4,FALSE,0,2,seco_soleado
2025-03-07,2025,3,La Estanzuela,28.5,69,9.8,28.3,278.4,FALSE,3.3775875160230218,1,humedo_lluvioso_poca_insolacion
2025-03-08,2025,3,La Estanzuela,19.5,82,0,1.7,189.5,FALSE,0.9932517730102833,1,humedo_lluvioso_poca_insolacion
2025-03-09,2025,3,La Estanzuela,17.3,66,9.7,0,153.7,FALSE,0,2,seco_soleado
2025-03-10,2025,3,La Estanzuela,17,66,10.7,0,146,FALSE,0,2,seco_soleado
2025-03-11,2025,3,La Estanzuela,18.4,71,5.2,0.4,176.9,FALSE,0.33647223662121295,2,seco_soleado
2025-03-12,2025,3,La Estanzuela,16.6,71,1.5,0,101.4,FALSE,0,1,humedo_lluvioso_poca_insolacion
2025-03-13,2025,3,La Estanzuela,16.1,67,10.6,0,96.4,FALSE,0,2,seco_soleado
2025-03-14,2025,3,La Estanzuela,17.2,80,7.8,0,113.9,FALSE,0,2,seco_soleado
2025-03-15,2025,3,La Estanzuela,18.1,76,8.7,0,156.3,FALSE,0,2,seco_soleado
2025-03-16,2025,3,La Estanzuela,19.5,72,5.7,0,137.3,FALSE,0,2,seco_soleado
2025-03-17,2025,3,La Estanzuela,21.2,74,9.7,0,111.8,FALSE,0,2,seco_soleado
2025-03-18,2025,3,La Estanzuela,21.6,76,9.4,0,149.3,FALSE,0,2,seco_soleado
2025-03-19,2025,3,La Estanzuela,23.2,69,9.6,0,136.5,FALSE,0,2,seco_soleado
2025-03-20,2025,3,La Estanzuela,23.7,65,10.3,0,117.1,FALSE,0,2,seco_soleado
2025-03-21,2025,3,La Estanzuela,23.7,66,8.6,0,158.5,FALSE,0,2,seco_soleado
2025-03-22,2025,3,La Estanzuela,23.2,73,5.6,5.7,126.1,FALSE,1.9021075263969205,1,humedo_lluvioso_poca_insolacion
2025-03-23,2025,3,La Estanzuela,20.6,89,2.1,71.9,122.2,FALSE,4.289088639014612,1,humedo_lluvioso_poca_insolacion
2025-03-24,2025,3,La Estanzuela,21.7,86,5.8,0,177.7,FALSE,0,2,seco_soleado
2025-03-25,2025,3,La Estanzuela,20.1,78,8.2,0,184.3,FALSE,0,2,seco_soleado
2025-03-26,2025,3,La Estanzuela,20.4,75,10.1,0,211.4,FALSE,0,2,seco_soleado
2025-03-27,2025,3,La Estanzuela,23,80,7.2,0,124.3,FALSE,0,2,seco_soleado
2025-03-28,2025,3,La Estanzuela,20.9,85,5.3,0,97,FALSE,0,2,seco_soleado
2025-03-29,2025,3,La Estanzuela,19.4,80,10,0,169.1,FALSE,0,2,seco_soleado
2025-03-30,2025,3,La Estanzuela,22.8,72,9.3,25.8,287.3,FALSE,3.288401887516811,1,humedo_lluvioso_poca_insolacion
2025-03-31,2025,3,La Estanzuela,16,75,4.7,0,174,FALSE,0,2,seco_soleado
2025-04-01,2025,4,La Estanzuela,16.3,71,9.4,0.3,104.2,FALSE,0.26236426446749106,2,seco_soleado
2025-04-02,2025,4,La Estanzuela,17.4,80,7.7,0,102.5,FALSE,0,2,seco_soleado
2025-04-03,2025,4,La Estanzuela,15.6,64,9.6,0,381,FALSE,0,2,seco_soleado
2025-04-04,2025,4,La Estanzuela,11.9,59,9.7,0,381,FALSE,0,2,seco_soleado
2025-04-05,2025,4,La Estanzuela,13.5,68,10,0,276,FALSE,0,2,seco_soleado
2025-04-06,2025,4,La Estanzuela,16.8,70,9.2,0,264.8,FALSE,0,2,seco_soleado
2025-04-07,2025,4,La Estanzuela,16.1,83,0,20.5,244.4,FALSE,3.068052935133617,1,humedo_lluvioso_poca_insolacion
2025-04-08,2025,4,La Estanzuela,18.2,86,6.2,1.7,232.2,FALSE,0.9932517730102833,1,humedo_lluvioso_poca_insolacion
2025-04-09,2025,4,La Estanzuela,18.7,85,1.9,0.7,169.1,FALSE,0.5306282510621704,1,humedo_lluvioso_poca_insolacion
2025-04-10,2025,4,La Estanzuela,19.1,86,4.1,0,258.5,FALSE,0,1,humedo_lluvioso_poca_insolacion
2025-04-11,2025,4,La Estanzuela,20.5,83,6.3,0,208.3,FALSE,0,2,seco_soleado
2025-04-12,2025,4,La Estanzuela,19.6,82,5.3,0.3,173.4,FALSE,0.26236426446749106,2,seco_soleado
2025-04-13,2025,4,La Estanzuela,15.6,68,9.5,0,102.9,FALSE,0,2,seco_soleado
2025-04-14,2025,4,La Estanzuela,15.5,74,9.1,0,155.2,FALSE,0,2,seco_soleado
2025-04-15,2025,4,La Estanzuela,16,80,6.6,0,114.8,FALSE,0,2,seco_soleado
2025-04-16,2025,4,La Estanzuela,15.4,84,7.1,3,164.1,FALSE,1.3862943611198906,1,humedo_lluvioso_poca_insolacion
2025-04-17,2025,4,La Estanzuela,16.7,81,7.1,23.5,156.9,FALSE,3.1986731175506815,1,humedo_lluvioso_poca_insolacion
2025-04-18,2025,4,La Estanzuela,15.7,79,7.3,0.1,160.2,FALSE,0.09531017980432487,2,seco_soleado
2025-04-19,2025,4,La Estanzuela,13.5,71,9.2,0,73,FALSE,0,2,seco_soleado
2025-04-20,2025,4,La Estanzuela,12.6,77,7,0,70.1,FALSE,0,2,seco_soleado
2025-04-21,2025,4,La Estanzuela,14.3,75,7.5,0,114.3,FALSE,0,2,seco_soleado
2025-04-22,2025,4,La Estanzuela,17.3,70,8.2,0,142.5,FALSE,0,2,seco_soleado
2025-04-23,2025,4,La Estanzuela,19,70,5.4,0,132.3,FALSE,0,2,seco_soleado
2025-04-24,2025,4,La Estanzuela,17.8,87,5.5,0,123.8,FALSE,0,2,seco_soleado
2025-04-25,2025,4,La Estanzuela,20.4,74,6,26.7,235.4,FALSE,3.3214324131932926,1,humedo_lluvioso_poca_insolacion
2025-04-26,2025,4,La Estanzuela,16.1,70,8.9,0,118.8,FALSE,0,2,seco_soleado
2025-04-27,2025,4,La Estanzuela,13.7,62,8.2,0,191,FALSE,0,2,seco_soleado
2025-04-28,2025,4,La Estanzuela,13.9,64,8.8,0,137.4,FALSE,0,2,seco_soleado
2025-04-29,2025,4,La Estanzuela,14.4,68,8.8,0,105.3,FALSE,0,2,seco_soleado
2025-04-30,2025,4,La Estanzuela,15.8,64,8.3,0,126.2,FALSE,0,2,seco_soleado
2025-05-01,2025,5,La Estanzuela,15.4,71,4.5,0,134.6,FALSE,0,2,seco_soleado
2025-05-02,2025,5,La Estanzuela,17,69,7.8,0,91.8,FALSE,0,2,seco_soleado
2025-05-03,2025,5,La Estanzuela,18.1,68,7.7,0,117.5,FALSE,0,2,seco_soleado
2025-05-04,2025,5,La Estanzuela,19.8,77,7.1,55.2,154,FALSE,4.028916756899646,1,humedo_lluvioso_poca_insolacion
2025-05-05,2025,5,La Estanzuela,18.3,94,0.2,4.7,147.6,FALSE,1.7404661748405046,1,humedo_lluvioso_poca_insolacion
2025-05-06,2025,5,La Estanzuela,20.9,79,5.7,6.4,225.4,FALSE,2.0014800002101243,1,humedo_lluvioso_poca_insolacion
2025-05-07,2025,5,La Estanzuela,19.5,93,1,13.8,117,FALSE,2.6946271807700692,1,humedo_lluvioso_poca_insolacion
2025-05-08,2025,5,La Estanzuela,18.6,97,0,0.3,123.8,FALSE,0.26236426446749106,1,humedo_lluvioso_poca_insolacion
2025-05-09,2025,5,La Estanzuela,16.6,77,7.7,0,154.6,FALSE,0,2,seco_soleado
2025-05-10,2025,5,La Estanzuela,15.5,72,8,0.1,138.8,FALSE,0.09531017980432487,2,seco_soleado
2025-05-11,2025,5,La Estanzuela,13.6,71,8.4,0,200.1,FALSE,0,2,seco_soleado
2025-05-12,2025,5,La Estanzuela,14.4,72,8.4,0,201.8,FALSE,0,2,seco_soleado
2025-05-13,2025,5,La Estanzuela,16.1,75,7.4,0,160.1,FALSE,0,2,seco_soleado
2025-05-14,2025,5,La Estanzuela,17.7,81,4.7,0,130.6,FALSE,0,2,seco_soleado
2025-05-15,2025,5,La Estanzuela,21,82,2.4,0.5,215.6,FALSE,0.4054651081081644,1,humedo_lluvioso_poca_insolacion
2025-05-16,2025,5,La Estanzuela,19.3,87,0,31.2,105.8,FALSE,3.4719664525503626,1,humedo_lluvioso_poca_insolacion
2025-05-17,2025,5,La Estanzuela,18.3,86,0,51.7,303.6,FALSE,3.9646154555473165,1,humedo_lluvioso_poca_insolacion
2025-05-18,2025,5,La Estanzuela,13.7,67,7.5,0,108.3,FALSE,0,2,seco_soleado
2025-05-19,2025,5,La Estanzuela,11,76,1.5,0.9,62.6,FALSE,0.6418538861723948,1,humedo_lluvioso_poca_insolacion
2025-05-20,2025,5,La Estanzuela,10.8,73,6.6,0,106.4,FALSE,0,2,seco_soleado
2025-05-21,2025,5,La Estanzuela,11,67,3.6,0,75.2,FALSE,0,2,seco_soleado
2025-05-22,2025,5,La Estanzuela,10.7,75,7.1,0,136.9,FALSE,0,2,seco_soleado
2025-05-23,2025,5,La Estanzuela,10.9,72,7.6,0,203.2,FALSE,0,2,seco_soleado
2025-05-24,2025,5,La Estanzuela,12.9,86,3.8,0.3,95.2,FALSE,0.26236426446749106,1,humedo_lluvioso_poca_insolacion
2025-05-25,2025,5,La Estanzuela,13.4,92,3.9,0,159.3,FALSE,0,1,humedo_lluvioso_poca_insolacion
2025-05-26,2025,5,La Estanzuela,17.3,88,2.5,22.9,304.6,FALSE,3.173878458937465,1,humedo_lluvioso_poca_insolacion
2025-05-27,2025,5,La Estanzuela,14.5,88,0,18.8,292.2,FALSE,2.9856819377004897,1,humedo_lluvioso_poca_insolacion
2025-05-28,2025,5,La Estanzuela,9.7,75,6.3,0.1,212.6,FALSE,0.09531017980432487,2,seco_soleado
2025-05-29,2025,5,La Estanzuela,8.1,76,6.2,0,118.7,FALSE,0,2,seco_soleado
2025-05-30,2025,5,La Estanzuela,8.5,70,7.1,0,191.9,FALSE,0,2,seco_soleado
2025-05-31,2025,5,La Estanzuela,10.1,74,7.9,0,113.6,FALSE,0,2,seco_soleado
2025-06-01,2025,6,La Estanzuela,9.3,69,8.1,0,181.5,FALSE,0,2,seco_soleado
2025-06-02,2025,6,La Estanzuela,10.4,72,7.8,0,141.4,FALSE,0,2,seco_soleado
2025-06-03,2025,6,La Estanzuela,11.7,76,6.3,0,127.4,FALSE,0,2,seco_soleado
2025-06-04,2025,6,La Estanzuela,12.9,91,4.1,0,117.4,FALSE,0,1,humedo_lluvioso_poca_insolacion
2025-06-05,2025,6,La Estanzuela,10,71,8.1,0,101.2,FALSE,0,2,seco_soleado
2025-06-06,2025,6,La Estanzuela,10.3,62,7.7,0,119.8,FALSE,0,2,seco_soleado
2025-06-07,2025,6,La Estanzuela,10,70,4.1,0,48.8,FALSE,0,2,seco_soleado
2025-06-08,2025,6,La Estanzuela,10.1,87,4,0,118.3,FALSE,0,1,humedo_lluvioso_poca_insolacion
2025-06-09,2025,6,La Estanzuela,8.9,77,4.9,0,80,FALSE,0,2,seco_soleado
2025-06-10,2025,6,La Estanzuela,9,83,7.5,0,108.2,FALSE,0,2,seco_soleado
2025-06-11,2025,6,La Estanzuela,9.8,77,7.6,0,203.9,FALSE,0,2,seco_soleado
2025-06-12,2025,6,La Estanzuela,10.8,70,7.9,0,386.1,FALSE,0,2,seco_soleado
2025-06-13,2025,6,La Estanzuela,11.7,80,0,11.7,127.9,FALSE,2.5416019934645457,1,humedo_lluvioso_poca_insolacion
2025-06-14,2025,6,La Estanzuela,11.7,95,0,7.4,182.9,FALSE,2.128231705849268,1,humedo_lluvioso_poca_insolacion
2025-06-15,2025,6,La Estanzuela,8.6,83,7.5,0,185.7,FALSE,0,2,seco_soleado
2025-06-16,2025,6,La Estanzuela,10.6,85,5.4,0.1,170.8,FALSE,0.09531017980432487,1,humedo_lluvioso_poca_insolacion
2025-06-17,2025,6,La Estanzuela,10.7,91,0,0,92.7,FALSE,0,1,humedo_lluvioso_poca_insolacion
2025-06-18,2025,6,La Estanzuela,8.5,81,7.8,0,96.2,FALSE,0,2,seco_soleado
2025-06-19,2025,6,La Estanzuela,9.7,81,7.8,0,65,FALSE,0,2,seco_soleado
2025-06-20,2025,6,La Estanzuela,10.1,72,7.7,0,160.9,FALSE,0,2,seco_soleado
2025-06-21,2025,6,La Estanzuela,10.3,69,5.8,0,231.9,FALSE,0,2,seco_soleado
2025-06-22,2025,6,La Estanzuela,9.7,89,0,5.1,535,FALSE,1.8082887711792655,1,humedo_lluvioso_poca_insolacion
2025-06-23,2025,6,La Estanzuela,5.3,45,2.3,0.2,608.2,FALSE,0.18232155679395465,2,seco_soleado
2025-06-24,2025,6,La Estanzuela,7.3,54,7.9,0,386.4,FALSE,0,2,seco_soleado
2025-06-25,2025,6,La Estanzuela,8.5,61,7.5,0,158,FALSE,0,2,seco_soleado
2025-06-26,2025,6,La Estanzuela,7.2,59,7.4,0,133.4,FALSE,0,2,seco_soleado
2025-06-27,2025,6,La Estanzuela,7.5,53,7.8,0,116.3,FALSE,0,2,seco_soleado
2025-06-28,2025,6,La Estanzuela,8.1,64,6.7,2,182.9,FALSE,1.0986122886681098,2,seco_soleado
2025-06-29,2025,6,La Estanzuela,5.3,80,2.6,0.5,291.9,FALSE,0.4054651081081644,1,humedo_lluvioso_poca_insolacion
2025-06-30,2025,6,La Estanzuela,3.3,75,4,0,248.2,FALSE,0,1,humedo_lluvioso_poca_insolacion
2025-07-01,2025,7,La Estanzuela,2.7,68,7.9,0,124.9,FALSE,0,2,seco_soleado
2025-07-02,2025,7,La Estanzuela,3.3,65,7.8,0,113.5,FALSE,0,2,seco_soleado
2025-07-03,2025,7,La Estanzuela,6.4,73,7.4,0,237.9,FALSE,0,2,seco_soleado
2025-07-04,2025,7,La Estanzuela,9.3,80,6.9,0,97,FALSE,0,2,seco_soleado
2025-07-05,2025,7,La Estanzuela,9.6,86,6.4,0,174.4,FALSE,0,2,seco_soleado
2025-07-06,2025,7,La Estanzuela,10.7,75,7.4,0,195.7,FALSE,0,2,seco_soleado
2025-07-07,2025,7,La Estanzuela,12.2,80,4.3,0,84,FALSE,0,2,seco_soleado
2025-07-08,2025,7,La Estanzuela,10.9,88,7.6,0,102,FALSE,0,2,seco_soleado
2025-07-09,2025,7,La Estanzuela,11.4,79,7.6,0,184.7,FALSE,0,2,seco_soleado
2025-07-10,2025,7,La Estanzuela,10.7,79,5,0,95.7,FALSE,0,2,seco_soleado
2025-07-11,2025,7,La Estanzuela,10.8,81,6.7,0,79.5,FALSE,0,2,seco_soleado
2025-07-12,2025,7,La Estanzuela,10.7,81,7.4,0,120.5,FALSE,0,2,seco_soleado
2025-07-13,2025,7,La Estanzuela,10.8,82,6.5,0,141.5,FALSE,0,2,seco_soleado
2025-07-14,2025,7,La Estanzuela,11.5,86,6.3,0,232.7,FALSE,0,2,seco_soleado
2025-07-15,2025,7,La Estanzuela,16.4,80,4.9,24.9,244.9,FALSE,3.254242968705492,1,humedo_lluvioso_poca_insolacion
2025-07-16,2025,7,La Estanzuela,13.2,92,0,14,279.9,FALSE,2.70805020110221,1,humedo_lluvioso_poca_insolacion
2025-07-17,2025,7,La Estanzuela,8.1,90,1.9,2,137.6,FALSE,1.0986122886681098,1,humedo_lluvioso_poca_insolacion
2025-07-18,2025,7,La Estanzuela,7,87,7.9,0,249.7,FALSE,0,2,seco_soleado
2025-07-19,2025,7,La Estanzuela,10.2,82,7.8,0,174.9,FALSE,0,2,seco_soleado
2025-07-20,2025,7,La Estanzuela,11.7,80,8.2,0,107.3,FALSE,0,2,seco_soleado
2025-07-21,2025,7,La Estanzuela,13.6,78,6.8,0.1,90.7,FALSE,0.09531017980432487,2,seco_soleado
2025-07-22,2025,7,La Estanzuela,9.8,88,0.6,0,97.1,FALSE,0,1,humedo_lluvioso_poca_insolacion
2025-07-23,2025,7,La Estanzuela,8.4,73,5.3,0,160.5,FALSE,0,2,seco_soleado
2025-07-24,2025,7,La Estanzuela,9,81,7.2,0.3,273.4,FALSE,0.26236426446749106,2,seco_soleado
2025-07-25,2025,7,La Estanzuela,11.5,91,0,3.4,107.9,FALSE,1.4816045409242156,1,humedo_lluvioso_poca_insolacion
2025-07-26,2025,7,La Estanzuela,9.6,72,1.1,0,304.4,FALSE,0,1,humedo_lluvioso_poca_insolacion
2025-07-27,2025,7,La Estanzuela,9.8,78,0.5,0,307.2,FALSE,0,1,humedo_lluvioso_poca_insolacion
2025-07-28,2025,7,La Estanzuela,10.4,84,7.8,0,157.7,FALSE,0,2,seco_soleado
2025-07-29,2025,7,La Estanzuela,9.4,82,7,0,162.1,FALSE,0,2,seco_soleado
2025-07-30,2025,7,La Estanzuela,11.5,67,8.1,0,350.6,FALSE,0,2,seco_soleado
2025-07-31,2025,7,La Estanzuela,15.5,57,5.3,5.5,449.4,FALSE,1.8718021769015913,1,humedo_lluvioso_poca_insolacion
2025-08-01,2025,8,La Estanzuela,17.2,73,0.5,8.4,165.5,FALSE,2.2407096892759584,1,humedo_lluvioso_poca_insolacion
2025-08-02,2025,8,La Estanzuela,14,79,7.4,0,124.3,FALSE,0,2,seco_soleado
2025-08-03,2025,8,La Estanzuela,11.7,59,8.6,0,69.9,FALSE,0,2,seco_soleado
2025-08-04,2025,8,La Estanzuela,9.7,61,9,0,89.9,FALSE,0,2,seco_soleado
2025-08-05,2025,8,La Estanzuela,6.8,79,8.4,0,146.4,FALSE,0,2,seco_soleado
2025-08-06,2025,8,La Estanzuela,9,77,6.3,0,93.7,FALSE,0,2,seco_soleado
2025-08-07,2025,8,La Estanzuela,9.1,80,2.3,0,145,FALSE,0,1,humedo_lluvioso_poca_insolacion
2025-08-08,2025,8,La Estanzuela,7.9,74,7.6,0.2,90.7,FALSE,0.18232155679395465,2,seco_soleado
2025-08-09,2025,8,La Estanzuela,7.9,72,9.3,0,111.1,FALSE,0,2,seco_soleado
2025-08-10,2025,8,La Estanzuela,8.9,66,9.2,0,117.1,FALSE,0,2,seco_soleado
2025-08-11,2025,8,La Estanzuela,10.9,64,8.8,0,190.3,FALSE,0,2,seco_soleado
2025-08-12,2025,8,La Estanzuela,13.5,65,7.7,0,226.5,FALSE,0,2,seco_soleado
2025-08-13,2025,8,La Estanzuela,10.7,73,3.8,0,163.1,FALSE,0,2,seco_soleado
2025-08-14,2025,8,La Estanzuela,7.3,73,4.9,0,136.7,FALSE,0,2,seco_soleado
2025-08-15,2025,8,La Estanzuela,6.2,78,9.5,0,193.3,FALSE,0,2,seco_soleado
2025-08-16,2025,8,La Estanzuela,8.7,87,1.6,0.7,125.6,FALSE,0.5306282510621704,1,humedo_lluvioso_poca_insolacion
2025-08-17,2025,8,La Estanzuela,11.9,94,1,0,129.7,FALSE,0,1,humedo_lluvioso_poca_insolacion
2025-08-18,2025,8,La Estanzuela,14.4,84,3.5,17.4,272.9,FALSE,2.91235066461494,1,humedo_lluvioso_poca_insolacion
2025-08-19,2025,8,La Estanzuela,15.1,93,0,33.8,291.7,FALSE,3.5496173867804286,1,humedo_lluvioso_poca_insolacion
2025-08-20,2025,8,La Estanzuela,14.1,83,2.3,4.2,461.1,FALSE,1.6486586255873816,1,humedo_lluvioso_poca_insolacion
2025-08-21,2025,8,La Estanzuela,13.9,67,9.2,0,275.4,FALSE,0,2,seco_soleado
2025-08-22,2025,8,La Estanzuela,14.5,73,4,0.4,226.3,FALSE,0.33647223662121295,1,humedo_lluvioso_poca_insolacion
2025-08-23,2025,8,La Estanzuela,9.7,58,9.5,0,264.2,FALSE,0,2,seco_soleado
2025-08-24,2025,8,La Estanzuela,10.2,52,9.8,0,400.7,FALSE,0,2,seco_soleado
2025-08-25,2025,8,La Estanzuela,12.8,53,9.2,0,141.6,FALSE,0,2,seco_soleado
2025-08-26,2025,8,La Estanzuela,14.3,54,9.4,0,124.1,FALSE,0,2,seco_soleado
2025-08-27,2025,8,La Estanzuela,14.7,65,9.3,0,150.3,FALSE,0,2,seco_soleado
2025-08-28,2025,8,La Estanzuela,14.6,78,9.4,0,232.4,FALSE,0,2,seco_soleado
2025-08-29,2025,8,La Estanzuela,17.2,80,8.6,0,216.3,FALSE,0,2,seco_soleado
2025-08-30,2025,8,La Estanzuela,15.7,88,6.1,0,245.4,FALSE,0,1,humedo_lluvioso_poca_insolacion
2025-08-31,2025,8,La Estanzuela,17,92,0,21.6,241.5,FALSE,3.1179499062782403,1,humedo_lluvioso_poca_insolacion
2025-09-01,2025,9,La Estanzuela,8.2,49,0.6,1,221.1,FALSE,0.6931471805599453,1,humedo_lluvioso_poca_insolacion
2025-09-02,2025,9,La Estanzuela,8,75,2,16.8,138,FALSE,2.8791984572980396,1,humedo_lluvioso_poca_insolacion
2025-09-03,2025,9,La Estanzuela,14.7,37,3.4,0,168.9,FALSE,0,2,seco_soleado
2025-09-04,2025,9,La Estanzuela,8.2,42,8.2,0,145.3,FALSE,0,2,seco_soleado
2025-09-05,2025,9,La Estanzuela,7.3,59,10.2,0,148.4,FALSE,0,2,seco_soleado
2025-09-06,2025,9,La Estanzuela,8,63,7.3,0.5,142.4,FALSE,0.4054651081081644,2,seco_soleado
2025-09-07,2025,9,La Estanzuela,9.8,64,9.6,0,169.4,FALSE,0,2,seco_soleado
2025-09-08,2025,9,La Estanzuela,11.8,87,5.2,0,120.1,FALSE,0,1,humedo_lluvioso_poca_insolacion
2025-09-09,2025,9,La Estanzuela,13.5,67,9.8,0,189.5,FALSE,0,2,seco_soleado
2025-09-10,2025,9,La Estanzuela,15.5,67,9.1,0,192,FALSE,0,2,seco_soleado
2025-09-11,2025,9,La Estanzuela,15.2,63,10.1,0,122.9,FALSE,0,2,seco_soleado
2025-09-12,2025,9,La Estanzuela,13.9,59,10,0,190.7,FALSE,0,2,seco_soleado
2025-09-13,2025,9,La Estanzuela,13.8,69,9.1,0,212.4,FALSE,0,2,seco_soleado
2025-09-14,2025,9,La Estanzuela,15.5,78,9.7,2.3,173.2,FALSE,1.1939224684724346,2,seco_soleado
2025-09-15,2025,9,La Estanzuela,14.8,88,5.6,0,153.1,FALSE,0,1,humedo_lluvioso_poca_insolacion
2025-09-16,2025,9,La Estanzuela,14.6,84,8.1,0,122.4,FALSE,0,2,seco_soleado
2025-09-17,2025,9,La Estanzuela,16.8,84,8.5,0,176.6,FALSE,0,2,seco_soleado
2025-09-18,2025,9,La Estanzuela,18.1,78,6,0,159.8,FALSE,0,2,seco_soleado
2025-09-19,2025,9,La Estanzuela,17.2,91,0,30.2,215.4,FALSE,3.4404180948154366,1,humedo_lluvioso_poca_insolacion
2025-09-20,2025,9,La Estanzuela,16.8,92,0.6,19.2,250.5,FALSE,3.005682604407159,1,humedo_lluvioso_poca_insolacion
2025-09-21,2025,9,La Estanzuela,13.3,87,1,0,309.7,FALSE,0,1,humedo_lluvioso_poca_insolacion
2025-09-22,2025,9,La Estanzuela,13.6,74,10.1,0,240.3,FALSE,0,2,seco_soleado
2025-09-23,2025,9,La Estanzuela,12.9,58,7.9,0,105.3,FALSE,0,2,seco_soleado
2025-09-24,2025,9,La Estanzuela,11.4,75,9.5,0,210.4,FALSE,0,2,seco_soleado
2025-09-25,2025,9,La Estanzuela,11.1,67,10.6,0,339.3,FALSE,0,2,seco_soleado
2025-09-26,2025,9,La Estanzuela,15.8,64,10.3,13.9,380.8,FALSE,2.7013612129514133,2,seco_soleado
2025-09-27,2025,9,La Estanzuela,14.8,85,0,1.6,427.6,FALSE,0.9555114450274363,1,humedo_lluvioso_poca_insolacion
2025-09-28,2025,9,La Estanzuela,15,70,10.7,0,183.6,FALSE,0,2,seco_soleado
2025-09-29,2025,9,La Estanzuela,16.9,69,9.4,0,118.7,FALSE,0,2,seco_soleado
2025-09-30,2025,9,La Estanzuela,16.4,77,9.5,0,126.3,FALSE,0,2,seco_soleado
2025-10-01,2025,10,La Estanzuela,16.4,65,9.6,0,142.5,FALSE,0,2,seco_soleado
2025-10-02,2025,10,La Estanzuela,16.6,71,8.4,0,164.6,FALSE,0,2,seco_soleado
2025-10-03,2025,10,La Estanzuela,20,79,8.5,0,196.1,FALSE,0,2,seco_soleado
2025-10-04,2025,10,La Estanzuela,22.9,78,9.8,39.8,249.1,FALSE,3.708682081410116,1,humedo_lluvioso_poca_insolacion
2025-10-05,2025,10,La Estanzuela,18.4,85,4.7,3.4,262.5,FALSE,1.4816045409242156,1,humedo_lluvioso_poca_insolacion
2025-10-06,2025,10,La Estanzuela,11.6,72,5.8,0.1,148.4,FALSE,0.09531017980432487,2,seco_soleado
2025-10-07,2025,10,La Estanzuela,14.2,63,10.8,0,231.9,FALSE,0,2,seco_soleado
2025-10-08,2025,10,La Estanzuela,17.1,58,11,0,182.1,FALSE,0,2,seco_soleado
2025-10-09,2025,10,La Estanzuela,17.3,62,10.8,0,184.4,FALSE,0,2,seco_soleado
2025-10-10,2025,10,La Estanzuela,19.2,60,10,0,173.8,FALSE,0,2,seco_soleado
2025-10-11,2025,10,La Estanzuela,21.1,71,7.7,12.6,226.5,FALSE,2.6100697927420065,1,humedo_lluvioso_poca_insolacion
2025-10-12,2025,10,La Estanzuela,15.5,81,4.2,2.1,464.8,FALSE,1.1314021114911006,1,humedo_lluvioso_poca_insolacion
2025-10-13,2025,10,La Estanzuela,16.5,75,7.8,0,255.3,FALSE,0,2,seco_soleado
2025-10-14,2025,10,La Estanzuela,18.2,75,10.8,0,172.3,FALSE,0,2,seco_soleado
2025-10-15,2025,10,La Estanzuela,20,65,9.9,0,188.6,FALSE,0,2,seco_soleado
2025-10-16,2025,10,La Estanzuela,20.7,72,9.5,0.3,121.9,FALSE,0.26236426446749106,2,seco_soleado
2025-10-17,2025,10,La Estanzuela,17.4,78,0,0.5,103.1,FALSE,0.4054651081081644,1,humedo_lluvioso_poca_insolacion
2025-10-18,2025,10,La Estanzuela,14.7,67,10.8,0,185,FALSE,0,2,seco_soleado
2025-10-19,2025,10,La Estanzuela,14.4,54,11.6,0,288.8,FALSE,0,2,seco_soleado
2025-10-20,2025,10,La Estanzuela,17.3,54,11.5,0,359.1,FALSE,0,2,seco_soleado
2025-10-21,2025,10,La Estanzuela,20.4,56,10.4,0,261.8,FALSE,0,2,seco_soleado
2025-10-22,2025,10,La Estanzuela,20.2,63,4.5,0,148.9,FALSE,0,2,seco_soleado
2025-10-23,2025,10,La Estanzuela,23.7,53,10.2,8.7,268.7,FALSE,2.272125885509337,2,seco_soleado
2025-10-24,2025,10,La Estanzuela,19.1,89,0,32.7,231.4,FALSE,3.517497837358316,1,humedo_lluvioso_poca_insolacion
2025-10-25,2025,10,La Estanzuela,15.4,86,0,3.4,182.5,FALSE,1.4816045409242156,1,humedo_lluvioso_poca_insolacion
2025-10-26,2025,10,La Estanzuela,15.4,61,11.6,0,188.6,FALSE,0,2,seco_soleado
2025-10-27,2025,10,La Estanzuela,12.9,70,3.9,0,254.1,FALSE,0,2,seco_soleado
2025-10-28,2025,10,La Estanzuela,11.8,63,8.3,0,165.8,FALSE,0,2,seco_soleado
2025-10-29,2025,10,La Estanzuela,12.2,73,6.8,0.4,181.1,FALSE,0.33647223662121295,2,seco_soleado
2025-10-30,2025,10,La Estanzuela,13.8,65,8.3,0,185.1,FALSE,0,2,seco_soleado
2025-10-31,2025,10,La Estanzuela,16.2,69,8.7,0,155.3,FALSE,0,2,seco_soleado
2025-11-01,2025,11,La Estanzuela,19.5,63,10.4,0,133.3,FALSE,0,2,seco_soleado
2025-11-02,2025,11,La Estanzuela,15.4,68,9.5,0,121.1,FALSE,0,2,seco_soleado
2025-11-03,2025,11,La Estanzuela,20.4,70,11.3,0,217.9,FALSE,0,2,seco_soleado
2025-11-04,2025,11,La Estanzuela,18.8,81,1.9,6.7,221.9,FALSE,2.0412203288596382,1,humedo_lluvioso_poca_insolacion
2025-11-05,2025,11,La Estanzuela,15.5,73,10,0,179.9,FALSE,0,2,seco_soleado
2025-11-06,2025,11,La Estanzuela,13.3,69,8.8,0,226.7,FALSE,0,2,seco_soleado
2025-11-07,2025,11,La Estanzuela,13.9,81,0,4.1,104.8,FALSE,1.62924053973028,1,humedo_lluvioso_poca_insolacion
2025-11-08,2025,11,La Estanzuela,16.5,71,9.9,0,150.8,FALSE,0,2,seco_soleado
2025-11-09,2025,11,La Estanzuela,17.7,59,11.6,0,137.2,FALSE,0,2,seco_soleado
2025-11-10,2025,11,La Estanzuela,19.9,59,11.5,0,206.2,FALSE,0,2,seco_soleado
2025-11-11,2025,11,La Estanzuela,20.9,58,9.7,5.5,244.7,FALSE,1.8718021769015913,2,seco_soleado
2025-11-12,2025,11,La Estanzuela,18.9,65,7.8,0,198.7,FALSE,0,2,seco_soleado
2025-11-13,2025,11,La Estanzuela,19.9,58,11.8,0,133.5,FALSE,0,2,seco_soleado
2025-11-14,2025,11,La Estanzuela,22.3,49,12.2,0,145.6,FALSE,0,2,seco_soleado
2025-11-15,2025,11,La Estanzuela,24.2,48,11.7,24.3,286.7,FALSE,3.2308043957334744,2,seco_soleado
2025-11-16,2025,11,La Estanzuela,19.1,67,4.2,0,240.5,FALSE,0,2,seco_soleado
2025-11-17,2025,11,La Estanzuela,16.1,50,12.5,0,302.7,FALSE,0,2,seco_soleado
2025-11-18,2025,11,La Estanzuela,19.7,58,11.6,0,257.9,FALSE,0,2,seco_soleado
2025-11-19,2025,11,La Estanzuela,17.3,53,11.3,0,206.1,FALSE,0,2,seco_soleado
2025-11-20,2025,11,La Estanzuela,17.5,71,2.5,38,251,FALSE,3.6635616461296463,1,humedo_lluvioso_poca_insolacion
2025-11-21,2025,11,La Estanzuela,15.9,80,1.8,1,178.2,FALSE,0.6931471805599453,1,humedo_lluvioso_poca_insolacion
2025-11-22,2025,11,La Estanzuela,14.8,68,12.1,0,190.6,FALSE,0,2,seco_soleado
2025-11-23,2025,11,La Estanzuela,16.9,66,12.2,0,182.3,FALSE,0,2,seco_soleado
2025-11-24,2025,11,La Estanzuela,18.7,65,12.5,0,146.4,FALSE,0,2,seco_soleado
2025-11-25,2025,11,La Estanzuela,21.7,66,11.9,0,175.8,FALSE,0,2,seco_soleado
2025-11-26,2025,11,La Estanzuela,23.7,58,12,0,223.5,FALSE,0,2,seco_soleado
2025-11-27,2025,11,La Estanzuela,23.8,67,8.1,0,144.1,FALSE,0,2,seco_soleado
2025-11-28,2025,11,La Estanzuela,20.5,75,10.3,0,291,FALSE,0,2,seco_soleado
2025-11-29,2025,11,La Estanzuela,15.8,82,0,9.6,191.5,FALSE,2.3608540011180215,1,humedo_lluvioso_poca_insolacion
2025-11-30,2025,11,La Estanzuela,16.5,86,0,3.7,200.4,FALSE,1.547562508716013,1,humedo_lluvioso_poca_insolacion
2025-12-01,2025,12,La Estanzuela,19.2,82,4.4,0,112.1,FALSE,0,2,seco_soleado
2025-12-02,2025,12,La Estanzuela,20.3,71,11.2,0,125.7,FALSE,0,2,seco_soleado
2025-12-03,2025,12,La Estanzuela,23.6,55,11.8,0,155,FALSE,0,2,seco_soleado
2025-12-04,2025,12,La Estanzuela,26,51,12.1,0,208.3,FALSE,0,2,seco_soleado
2025-12-05,2025,12,La Estanzuela,26.2,52,10.3,0,119.5,FALSE,0,2,seco_soleado
2025-12-06,2025,12,La Estanzuela,25.1,63,10.4,0,257.3,FALSE,0,2,seco_soleado
2025-12-07,2025,12,La Estanzuela,21.3,69,9.9,0,247.5,FALSE,0,2,seco_soleado
2025-12-08,2025,12,La Estanzuela,19.7,75,4.6,0,224.8,FALSE,0,2,seco_soleado
2025-12-09,2025,12,La Estanzuela,21,87,0,3.1,100.1,FALSE,1.410986973710262,1,humedo_lluvioso_poca_insolacion
2025-12-10,2025,12,La Estanzuela,22.3,72,9.2,9.5,154.1,FALSE,2.3513752571634776,2,seco_soleado
2025-12-11,2025,12,La Estanzuela,23.4,71,10.1,0,271,FALSE,0,2,seco_soleado
2025-12-12,2025,12,La Estanzuela,24.8,55,12.5,0,243.7,FALSE,0,2,seco_soleado
2025-12-13,2025,12,La Estanzuela,25.4,53,11.7,3.8,241.3,FALSE,1.5686159179138452,2,seco_soleado
2025-12-14,2025,12,La Estanzuela,22.5,72,5.9,1.9,162.3,FALSE,1.0647107369924282,2,seco_soleado
2025-12-15,2025,12,La Estanzuela,20.6,58,5.5,0,230.4,FALSE,0,2,seco_soleado
2025-12-16,2025,12,La Estanzuela,18.6,45,11.7,0,229.3,FALSE,0,2,seco_soleado
2025-12-17,2025,12,La Estanzuela,21.2,48,12.6,0,214.6,FALSE,0,2,seco_soleado
2025-12-18,2025,12,La Estanzuela,25.7,46,12.1,0,275.4,FALSE,0,2,seco_soleado
2025-12-19,2025,12,La Estanzuela,27.2,51,12.2,0,234.2,FALSE,0,2,seco_soleado
2025-12-20,2025,12,La Estanzuela,24.4,61,3.2,0.3,184.3,FALSE,0.26236426446749106,2,seco_soleado
2025-12-21,2025,12,La Estanzuela,24.3,74,10.4,0,143.9,FALSE,0,2,seco_soleado
2025-12-22,2025,12,La Estanzuela,23.8,80,9.5,0,133.4,FALSE,0,2,seco_soleado
2025-12-23,2025,12,La Estanzuela,25.5,67,11.6,0,152.1,FALSE,0,2,seco_soleado
2025-12-24,2025,12,La Estanzuela,27.6,58,11.9,0,228.8,FALSE,0,2,seco_soleado
2025-12-25,2025,12,La Estanzuela,23.7,57,9,0,170.1,FALSE,0,2,seco_soleado
2025-12-26,2025,12,La Estanzuela,25.4,65,12,0,173,FALSE,0,2,seco_soleado
2025-12-27,2025,12,La Estanzuela,27.3,58,11.5,0,260.3,FALSE,0,2,seco_soleado
2025-12-28,2025,12,La Estanzuela,25.5,44,12,0,181.5,FALSE,0,2,seco_soleado
2025-12-29,2025,12,La Estanzuela,26.6,51,12.2,0,154.6,FALSE,0,2,seco_soleado
2025-12-30,2025,12,La Estanzuela,28.8,37,12,0,203.7,FALSE,0,2,seco_soleado
2025-12-31,2025,12,La Estanzuela,30.6,42,12,0,313.6,FALSE,0,2,seco_soleado
2026-01-01,2026,1,La Estanzuela,23.4,57,11,0,193.5,FALSE,0,2,seco_soleado
2026-01-02,2026,1,La Estanzuela,21.1,56,10,0,212.3,FALSE,0,2,seco_soleado
2026-01-03,2026,1,La Estanzuela,17.9,44,12,0,169.3,FALSE,0,2,seco_soleado
2026-01-04,2026,1,La Estanzuela,16.9,52,12,0,178.75,FALSE,0,2,seco_soleado
2026-01-05,2026,1,La Estanzuela,20.1,51,13,0,178.75,FALSE,0,2,seco_soleado
2026-01-06,2026,1,La Estanzuela,23.2,51,12,0,176.8,FALSE,0,2,seco_soleado
2026-01-07,2026,1,La Estanzuela,21.6,63,5,0,280.9,FALSE,0,2,seco_soleado
2026-01-08,2026,1,La Estanzuela,18.6,60,11,0,268.2,FALSE,0,2,seco_soleado
2026-01-09,2026,1,La Estanzuela,19.9,71,2.6,18.3,206.8,FALSE,2.9601050959108397,1,humedo_lluvioso_poca_insolacion
2026-01-10,2026,1,La Estanzuela,18,81,1.7,1.6,212.3,FALSE,0.9555114450274363,1,humedo_lluvioso_poca_insolacion
2026-01-11,2026,1,La Estanzuela,22.2,58,12.1,0,153.4,FALSE,0,2,seco_soleado
2026-01-12,2026,1,La Estanzuela,26.7,47,12,0,170.1,FALSE,0,2,seco_soleado
2026-01-13,2026,1,La Estanzuela,25.1,68,11.5,0,189.3,FALSE,0,2,seco_soleado
2026-01-14,2026,1,La Estanzuela,26.8,67,10.9,0,202.6,FALSE,0,2,seco_soleado
2026-01-15,2026,1,La Estanzuela,26.4,67,9.4,8.1,245.2,FALSE,2.2082744135228043,2,seco_soleado
2026-01-16,2026,1,La Estanzuela,23.3,62,12.3,0,207.5,FALSE,0,2,seco_soleado
2026-01-17,2026,1,La Estanzuela,25.3,47,12.3,0,195.8,FALSE,0,2,seco_soleado
2026-01-18,2026,1,La Estanzuela,21,62,9.4,0,256.7,FALSE,0,2,seco_soleado
2026-01-19,2026,1,La Estanzuela,18.1,61,11.6,0,225.3,FALSE,0,2,seco_soleado
2026-01-20,2026,1,La Estanzuela,20.3,54,12.3,0,229.4,FALSE,0,2,seco_soleado
2026-01-21,2026,1,La Estanzuela,22.7,55,12.4,0,244.2,FALSE,0,2,seco_soleado
2026-01-22,2026,1,La Estanzuela,23.6,55,12.3,0,233.7,FALSE,0,2,seco_soleado
2026-01-23,2026,1,La Estanzuela,24.7,60,11.6,0,247.3,FALSE,0,2,seco_soleado
2026-01-24,2026,1,La Estanzuela,25.3,59,8.5,0,201.2,FALSE,0,2,seco_soleado
2026-01-25,2026,1,La Estanzuela,25.9,59,9.4,0,223.2,FALSE,0,2,seco_soleado
2026-01-26,2026,1,La Estanzuela,28.1,54,10.3,2.6,179.6,FALSE,1.2809338454620642,2,seco_soleado
2026-01-27,2026,1,La Estanzuela,24.6,78,9.1,0,177.2,FALSE,0,2,seco_soleado
2026-01-28,2026,1,La Estanzuela,23.4,71,11.6,0,169.8,FALSE,0,2,seco_soleado
2026-01-29,2026,1,La Estanzuela,24.2,74,11.3,0,211.5,FALSE,0,2,seco_soleado
2026-01-30,2026,1,La Estanzuela,23.3,73,10.8,0,206.2,FALSE,0,2,seco_soleado
2026-01-31,2026,1,La Estanzuela,22.3,67,11.9,0,173.5,FALSE,0,2,seco_soleado
2026-02-01,2026,2,La Estanzuela,22.9,62,12,0,182,FALSE,0,2,seco_soleado
2026-02-02,2026,2,La Estanzuela,26.4,55,8.6,0,139,FALSE,0,2,seco_soleado
2026-02-03,2026,2,La Estanzuela,27.1,56,8.9,0,172.5,FALSE,0,2,seco_soleado
2026-02-04,2026,2,La Estanzuela,24.3,72,6.3,0,217.1,FALSE,0,2,seco_soleado
2026-02-05,2026,2,La Estanzuela,23.1,79,2,2,136.2,FALSE,1.0986122886681098,1,humedo_lluvioso_poca_insolacion
2026-02-06,2026,2,La Estanzuela,21.9,51,11.5,0,192.6,FALSE,0,2,seco_soleado
2026-02-07,2026,2,La Estanzuela,22.5,45,11.9,0,216.5,FALSE,0,2,seco_soleado
2026-02-08,2026,2,La Estanzuela,24,44,11.4,0,231.2,FALSE,0,2,seco_soleado
2026-02-09,2026,2,La Estanzuela,26.2,46,8.8,0,158.5,FALSE,0,2,seco_soleado
2026-02-10,2026,2,La Estanzuela,26.3,56,11.5,0,231.7,FALSE,0,2,seco_soleado
2026-02-11,2026,2,La Estanzuela,24.8,45,7.1,7.1,195.2,FALSE,2.0918640616783932,2,seco_soleado
2026-02-12,2026,2,La Estanzuela,21.1,69,4.2,7.1,195.2,FALSE,2.0918640616783932,1,humedo_lluvioso_poca_insolacion
2026-02-13,2026,2,La Estanzuela,21.1,62,11.7,0,236.3,FALSE,0,2,seco_soleado
2026-02-14,2026,2,La Estanzuela,21,57,11.4,0,275.8,FALSE,0,2,seco_soleado
2026-02-15,2026,2,La Estanzuela,21.6,77,1.8,0,130.2,FALSE,0,1,humedo_lluvioso_poca_insolacion
2026-02-16,2026,2,La Estanzuela,21.8,79,9.1,6.9,192.5,FALSE,2.066862759472976,2,seco_soleado
2026-02-17,2026,2,La Estanzuela,22.7,77,11.5,0,170.3,FALSE,0,2,seco_soleado
2026-02-18,2026,2,La Estanzuela,24.1,77,11.2,0,135.5,FALSE,0,2,seco_soleado
2026-02-19,2026,2,La Estanzuela,22.9,84,1.6,14.4,174.9,FALSE,2.7343675094195836,1,humedo_lluvioso_poca_insolacion
2026-02-20,2026,2,La Estanzuela,22.2,67,11.4,0,174.9,FALSE,0,2,seco_soleado
2026-02-21,2026,2,La Estanzuela,21.1,65,11,0,218.3,FALSE,0,2,seco_soleado
2026-02-22,2026,2,La Estanzuela,23.2,68,9,0,266.3,FALSE,0,2,seco_soleado
2026-02-23,2026,2,La Estanzuela,24.3,68,6,41.5,182.3,FALSE,3.7495040759303713,1,humedo_lluvioso_poca_insolacion
2026-02-24,2026,2,La Estanzuela,23.9,75,10,6.5,243.9,FALSE,2.0149030205422647,2,seco_soleado
2026-02-25,2026,2,La Estanzuela,18.7,64,10,0,124.6,FALSE,0,2,seco_soleado
2026-02-26,2026,2,La Estanzuela,19.3,61,11,0,137.2,FALSE,0,2,seco_soleado
2026-02-27,2026,2,La Estanzuela,20.3,64,10,0,169.7,FALSE,0,2,seco_soleado
2026-02-28,2026,2,La Estanzuela,22.1,60,10.3,0,181.4,FALSE,0,2,seco_soleado
2026-03-01,2026,3,La Estanzuela,23,60,11,0,259.6,FALSE,0,2,seco_soleado
2026-03-02,2026,3,La Estanzuela,24.1,51,11.5,0,276,FALSE,0,2,seco_soleado
2026-03-03,2026,3,La Estanzuela,21.5,77,2.6,0,139.5,FALSE,0,2,seco_soleado
2026-03-04,2026,3,La Estanzuela,22.3,77,9.1,0,169.1,FALSE,0,2,seco_soleado
2026-03-05,2026,3,La Estanzuela,22.3,80,8.7,0,252.7,FALSE,0,2,seco_soleado
2026-03-06,2026,3,La Estanzuela,21.5,81,2.3,0,235.9,FALSE,0,1,humedo_lluvioso_poca_insolacion
2026-03-07,2026,3,La Estanzuela,20.8,71,9.6,0,242.8,FALSE,0,2,seco_soleado
2026-03-08,2026,3,La Estanzuela,19.9,67,8.9,0,251.4,FALSE,0,2,seco_soleado
2026-03-09,2026,3,La Estanzuela,19.8,64,9.9,0,263.5,FALSE,0,2,seco_soleado
2026-03-10,2026,3,La Estanzuela,19.6,65,10.6,0,187.7,FALSE,0,2,seco_soleado
2026-03-11,2026,3,La Estanzuela,19.5,77,9.4,0,196.5,FALSE,0,2,seco_soleado
2026-03-12,2026,3,La Estanzuela,20.8,77,10.2,0,199,FALSE,0,2,seco_soleado
2026-03-13,2026,3,La Estanzuela,20,80,8.5,0,128.4,FALSE,0,2,seco_soleado
2026-03-14,2026,3,La Estanzuela,20.9,75,6.4,0,154,FALSE,0,2,seco_soleado
2026-03-15,2026,3,La Estanzuela,23.7,63,10.4,0,193,FALSE,0,2,seco_soleado
2026-03-16,2026,3,La Estanzuela,26.3,59,9,0,218,FALSE,0,2,seco_soleado
2026-03-17,2026,3,La Estanzuela,22.9,80,1.9,17.5,228.3,FALSE,2.917770732084279,1,humedo_lluvioso_poca_insolacion
